time,open,high,low,close,volume,trade_decision
2023-06-26 00:00:00,1925.393,1927.063,1924.795,1926.475,3331,No Trade
2023-06-26 01:00:00,1926.443,1928.57,1925.141,1925.513,5236,Sell
2023-06-26 02:00:00,1925.476,1926.839,1924.224,1924.565,3797,Sell
2023-06-26 03:00:00,1924.572,1926.867,1924.413,1925.561,2817,Sell
2023-06-26 04:00:00,1925.562,1925.996,1924.549,1925.129,2180,Sell
2023-06-26 05:00:00,1925.13,1927.192,1924.039,1926.845,3196,Buy
2023-06-26 06:00:00,1926.813,1927.694,1922.225,1922.825,4170,Sell
2023-06-26 07:00:00,1922.791,1929.174,1922.445,1928.969,4869,Buy
2023-06-26 08:00:00,1928.969,1933.344,1928.957,1931.792,4468,No Trade
2023-06-26 09:00:00,1931.832,1932.468,1929.367,1929.913,3801,Sell
2023-06-26 10:00:00,1929.881,1933.38,1929.558,1931.964,3260,No Trade
2023-06-26 11:00:00,1931.967,1932.591,1931.207,1931.445,3396,Sell
2023-06-26 12:00:00,1931.447,1933.151,1929.863,1931.584,5307,No Trade
2023-06-26 13:00:00,1931.573,1931.696,1921.484,1924.826,7437,Sell
2023-06-26 14:00:00,1924.793,1925.592,1922.578,1923.339,6332,Sell
2023-06-26 15:00:00,1923.37,1928.548,1923.37,1925.775,4824,Sell
2023-06-26 16:00:00,1925.745,1926.602,1923.501,1923.792,3952,Sell
2023-06-26 17:00:00,1923.76,1925.275,1923.284,1924.559,3498,No Trade
2023-06-26 18:00:00,1924.586,1924.889,1923.076,1923.462,3076,Sell
2023-06-26 19:00:00,1923.455,1924.008,1922.444,1922.919,2856,Sell
2023-06-26 20:00:00,1922.88,1923.497,1922.64,1923.187,1357,No Trade
2023-06-26 22:00:00,1923.298,1924.751,1923.298,1924.686,4089,Buy
2023-06-26 23:00:00,1924.756,1924.756,1920.94,1922.522,6311,Sell
2023-06-27 00:00:00,1922.601,1924.763,1921.697,1922.679,8670,No Trade
2023-06-27 01:00:00,1922.742,1930.372,1922.62,1929.249,13668,No Trade
2023-06-27 02:00:00,1929.28,1929.688,1927.067,1928.791,9822,No Trade
2023-06-27 03:00:00,1928.847,1929.572,1927.981,1928.452,9147,Sell
2023-06-27 04:00:00,1928.508,1929.681,1928.378,1928.497,7146,Sell
2023-06-27 05:00:00,1928.561,1929.567,1925.067,1925.067,9666,Sell
2023-06-27 06:00:00,1925.141,1927.683,1924.193,1927.412,11922,No Trade
2023-06-27 07:00:00,1927.505,1929.715,1927.117,1928.189,12219,Sell
2023-06-27 08:00:00,1928.252,1928.69,1924.188,1925.527,12627,Sell
2023-06-27 09:00:00,1925.559,1925.818,1923.784,1924.057,10362,Sell
2023-06-27 10:00:00,1924.11,1924.575,1922.684,1923.457,9582,Sell
2023-06-27 11:00:00,1923.534,1923.539,1919.527,1923.128,11844,Buy
2023-06-27 12:00:00,1923.168,1930.387,1923.094,1926.175,18514,Sell
2023-06-27 13:00:00,1926.277,1930.739,1922.847,1923.596,24294,Sell
2023-06-27 14:00:00,1923.572,1924.154,1911.378,1917.208,33594,Sell
2023-06-27 15:00:00,1917.303,1917.582,1913.366,1913.498,16620,Sell
2023-06-27 16:00:00,1913.544,1916.597,1912.017,1914.602,13689,No Trade
2023-06-27 17:00:00,1914.632,1915.929,1911.622,1912.123,12156,Sell
2023-06-27 18:00:00,1912.217,1914.951,1910.837,1914.825,11139,Buy
2023-06-27 19:00:00,1914.858,1915.791,1913.348,1913.723,10167,Sell
2023-06-27 20:00:00,1913.816,1913.9,1912.953,1913.589,5496,No Trade
2023-06-27 22:00:00,1914.24,1915.627,1914.013,1914.962,4557,No Trade
2023-06-27 23:00:00,1915.024,1915.879,1914.724,1915.422,5118,No Trade
2023-06-28 00:00:00,1915.489,1917.274,1915.236,1916.204,8529,No Trade
2023-06-28 01:00:00,1916.268,1916.858,1913.483,1915.083,12981,No Trade
2023-06-28 02:00:00,1915.114,1916.075,1913.484,1915.159,10686,No Trade
2023-06-28 03:00:00,1915.189,1916.832,1914.849,1915.213,8604,Sell
2023-06-28 04:00:00,1915.276,1916.339,1915.085,1915.22,7167,Sell
2023-06-28 05:00:00,1915.285,1916.841,1915.033,1915.563,8481,Sell
2023-06-28 06:00:00,1915.658,1916.338,1909.054,1910.854,13878,Sell
2023-06-28 07:00:00,1910.921,1912.104,1909.209,1910.929,13617,No Trade
2023-06-28 08:00:00,1910.99,1911.728,1908.156,1909.897,12617,No Trade
2023-06-28 09:00:00,1909.993,1912.001,1907.169,1907.322,12554,Sell
2023-06-28 10:00:00,1907.415,1909.054,1906.152,1907.022,11480,Sell
2023-06-28 11:00:00,1907.055,1907.879,1905.646,1907.157,11730,No Trade
2023-06-28 12:00:00,1907.221,1908.54,1905.551,1906.923,15075,No Trade
2023-06-28 13:00:00,1906.996,1911.501,1902.635,1909.83,29538,Buy
2023-06-28 14:00:00,1909.889,1911.222,1905.148,1907.068,24639,No Trade
2023-06-28 15:00:00,1907.101,1913.278,1906.173,1910.861,18401,No Trade
2023-06-28 16:00:00,1910.892,1912.921,1909.903,1912.244,12885,No Trade
2023-06-28 17:00:00,1912.338,1913.434,1911.562,1911.777,12174,Sell
2023-06-28 18:00:00,1911.87,1913.215,1911.801,1912.211,9432,Sell
2023-06-28 19:00:00,1912.264,1912.391,1909.198,1909.281,10203,Sell
2023-06-28 20:00:00,1909.308,1910.094,1906.812,1907.43,6717,Sell
2023-06-28 22:00:00,1907.598,1910.44,1907.331,1909.909,6378,No Trade
2023-06-28 23:00:00,1909.971,1910.806,1909.625,1909.719,5100,Sell
2023-06-29 00:00:00,1909.812,1910.226,1908.021,1909.987,8157,Buy
2023-06-29 01:00:00,1910.058,1912.879,1909.485,1909.866,12750,Sell
2023-06-29 02:00:00,1909.961,1909.961,1904.293,1904.494,12795,No Trade
2023-06-29 03:00:00,1904.572,1905.687,1902.819,1905.455,10755,Buy
2023-06-29 04:00:00,1905.487,1906.014,1904.486,1905.296,8094,No Trade
2023-06-29 05:00:00,1905.358,1905.568,1903.158,1904.491,11522,No Trade
2023-06-29 06:00:00,1904.522,1905.331,1902.611,1904.604,13022,Buy
2023-06-29 07:00:00,1904.672,1907.473,1902.548,1905.698,13560,No Trade
2023-06-29 08:00:00,1905.793,1908.047,1904.464,1906.15,13026,No Trade
2023-06-29 09:00:00,1906.242,1906.333,1903.923,1905.134,10734,Sell
2023-06-29 10:00:00,1905.198,1909.964,1904.553,1909.901,10518,Buy
2023-06-29 11:00:00,1909.976,1911.068,1909.185,1910.04,10566,No Trade
2023-06-29 12:00:00,1910.107,1912.192,1895.536,1896.137,28326,Sell
2023-06-29 13:00:00,1896.212,1899.877,1892.984,1899.641,28230,Buy
2023-06-29 14:00:00,1899.735,1913.062,1899.336,1910.969,34177,No Trade
2023-06-29 15:00:00,1911.055,1912.719,1908.44,1908.977,17639,Sell
2023-06-29 16:00:00,1909.016,1910.46,1908.132,1910.304,12822,No Trade
2023-06-29 17:00:00,1910.332,1910.83,1907.695,1908.005,11496,Sell
2023-06-29 18:00:00,1908.048,1908.662,1906.686,1907.005,10509,Sell
2023-06-29 19:00:00,1907.071,1909.267,1906.246,1907.64,10611,No Trade
2023-06-29 20:00:00,1907.671,1908.403,1907.403,1907.976,4854,No Trade
2023-06-29 22:00:00,1908.718,1909.035,1907.655,1908.216,6024,Sell
2023-06-29 23:00:00,1908.278,1908.909,1907.117,1908.698,5151,Buy
2023-06-30 00:00:00,1908.792,1909.301,1907.544,1908.75,8460,Buy
2023-06-30 01:00:00,1908.801,1909.787,1907.117,1907.938,11823,Sell
2023-06-30 02:00:00,1908.016,1909.713,1907.666,1907.83,10533,Sell
2023-06-30 03:00:00,1907.896,1909.409,1907.382,1908.289,8265,No Trade
2023-06-30 04:00:00,1908.354,1908.633,1906.836,1908.2,7974,Buy
2023-06-30 05:00:00,1908.26,1909.962,1907.141,1907.141,9594,No Trade
2023-06-30 06:00:00,1907.203,1907.494,1903.768,1906.811,12598,Sell
2023-06-30 07:00:00,1906.863,1907.572,1904.431,1905.283,13049,Sell
2023-06-30 08:00:00,1905.319,1905.562,1900.527,1901.868,13221,Sell
2023-06-30 09:00:00,1901.963,1905.456,1901.507,1905.121,11714,No Trade
2023-06-30 10:00:00,1905.197,1906.513,1904.236,1906.296,10701,Buy
2023-06-30 11:00:00,1906.346,1906.704,1904.334,1905.277,10302,No Trade
2023-06-30 12:00:00,1905.372,1913.793,1904.63,1911.051,27237,No Trade
2023-06-30 13:00:00,1911.082,1914.545,1909.726,1911.921,29823,No Trade
2023-06-30 14:00:00,1911.988,1919.077,1911.926,1915.416,30981,Sell
2023-06-30 15:00:00,1915.51,1919.459,1914.524,1919.018,17736,No Trade
2023-06-30 16:00:00,1919.095,1920.614,1917.463,1920.002,13143,Buy
2023-06-30 17:00:00,1920.072,1922.793,1917.775,1918.568,13953,Sell
2023-06-30 18:00:00,1918.647,1920.024,1918.462,1918.98,9828,Sell
2023-06-30 19:00:00,1919.074,1920.454,1917.835,1920.081,10671,Buy
2023-06-30 20:00:00,1920.111,1920.2,1918.136,1919.371,6558,No Trade
2023-07-02 22:00:00,1918.652,1919.684,1918.415,1919.322,1635,No Trade
2023-07-02 23:00:00,1919.322,1919.409,1917.564,1918.269,1726,Sell
2023-07-03 00:00:00,1918.264,1918.89,1916.874,1917.208,2553,Sell
2023-07-03 01:00:00,1917.182,1918.878,1916.13,1917.406,4119,No Trade
2023-07-03 02:00:00,1917.396,1917.84,1914.704,1914.92,3164,Sell
2023-07-03 03:00:00,1914.916,1919.105,1914.758,1918.407,2958,No Trade
2023-07-03 04:00:00,1918.438,1920.233,1917.895,1920.161,2501,No Trade
2023-07-03 05:00:00,1920.156,1920.682,1916.773,1916.998,3483,Sell
2023-07-03 06:00:00,1916.967,1917.757,1913.543,1915.186,4209,Sell
2023-07-03 07:00:00,1915.152,1916.191,1912.168,1912.231,4244,Sell
2023-07-03 08:00:00,1912.255,1913.453,1910.103,1912.072,3826,No Trade
2023-07-03 09:00:00,1912.035,1914.25,1911.729,1913.157,3243,No Trade
2023-07-03 10:00:00,1913.154,1914.386,1911.764,1913.939,2937,Buy
2023-07-03 11:00:00,1913.939,1914.418,1911.999,1912.602,3263,No Trade
2023-07-03 12:00:00,1912.609,1922.107,1911.69,1921.975,5156,Buy
2023-07-03 13:00:00,1921.944,1927.033,1919.452,1926.096,7462,No Trade
2023-07-03 14:00:00,1926.181,1930.884,1924.293,1930.215,8792,No Trade
2023-07-03 15:00:00,1930.246,1930.384,1926.023,1926.665,5377,Sell
2023-07-03 16:00:00,1926.663,1926.748,1921.858,1921.923,3997,Sell
2023-07-03 17:00:00,1921.959,1922.165,1920.665,1920.684,2715,Sell
2023-07-03 18:00:00,1920.681,1921.794,1920.676,1921.305,1457,Sell
2023-07-03 19:00:00,1921.306,1921.889,1921.144,1921.409,984,No Trade
2023-07-03 20:00:00,1921.407,1921.752,1921.126,1921.534,749,No Trade
2023-07-03 22:00:00,1921.379,1921.664,1921.238,1921.283,790,Sell
2023-07-03 23:00:00,1921.283,1921.395,1919.83,1921.281,1041,No Trade
2023-07-04 00:00:00,1921.28,1922.111,1920.841,1921.216,2414,Sell
2023-07-04 01:00:00,1921.215,1923.227,1920.124,1921.682,3590,No Trade
2023-07-04 02:00:00,1921.677,1921.979,1920.673,1921.583,2462,No Trade
2023-07-04 03:00:00,1921.589,1923.551,1921.469,1923.012,2365,No Trade
2023-07-04 04:00:00,1923.018,1924.543,1922.796,1924.278,2832,No Trade
2023-07-04 05:00:00,1924.286,1924.72,1923.333,1923.774,2503,No Trade
2023-07-04 06:00:00,1923.771,1927.569,1923.49,1927.509,3506,No Trade
2023-07-04 07:00:00,1927.539,1928.499,1926.058,1928.078,3457,Buy
2023-07-04 08:00:00,1928.077,1928.841,1925.843,1928.57,3321,Buy
2023-07-04 09:00:00,1928.601,1930.685,1928.579,1929.824,3360,No Trade
2023-07-04 10:00:00,1929.809,1930.745,1928.702,1928.891,2858,Sell
2023-07-04 11:00:00,1928.892,1929.699,1927.705,1928.574,2898,No Trade
2023-07-04 12:00:00,1928.577,1930.368,1926.307,1926.82,3555,Sell
2023-07-04 13:00:00,1926.824,1928.982,1926.199,1928.305,3263,No Trade
2023-07-04 14:00:00,1928.304,1929.604,1927.524,1928.169,3034,Sell
2023-07-04 15:00:00,1928.148,1928.211,1926.935,1927.093,2390,No Trade
2023-07-04 16:00:00,1927.093,1927.235,1924.136,1924.247,2508,Sell
2023-07-04 17:00:00,1924.248,1925.872,1924.058,1925.549,1126,No Trade
2023-07-04 18:00:00,1925.554,1925.722,1925.028,1925.093,256,Sell
2023-07-04 22:00:00,1925.648,1929.414,1924.947,1926.255,1819,Sell
2023-07-04 23:00:00,1926.257,1926.395,1924.94,1926.276,1567,Buy
2023-07-05 00:00:00,1926.347,1927.158,1925.839,1926.763,2289,No Trade
2023-07-05 01:00:00,1926.761,1926.848,1924.056,1924.215,3264,No Trade
2023-07-05 02:00:00,1924.225,1924.776,1923.245,1924.744,2798,Buy
2023-07-05 03:00:00,1924.727,1925.137,1924.126,1924.459,2325,Sell
2023-07-05 04:00:00,1924.458,1926.039,1924.265,1925.595,2126,No Trade
2023-07-05 05:00:00,1925.594,1926.512,1925.045,1925.592,2906,No Trade
2023-07-05 06:00:00,1925.626,1925.845,1920.909,1922.158,4113,Sell
2023-07-05 07:00:00,1922.161,1927.813,1921.749,1927.515,3852,Buy
2023-07-05 08:00:00,1927.484,1928.134,1925.248,1927.025,3684,No Trade
2023-07-05 09:00:00,1927.029,1929.093,1926.872,1929.01,3602,Buy
2023-07-05 10:00:00,1929.012,1929.656,1926.687,1927.369,3108,Sell
2023-07-05 11:00:00,1927.375,1928.297,1926.288,1927.571,3095,No Trade
2023-07-05 12:00:00,1927.568,1930.119,1925.086,1929.373,5320,Buy
2023-07-05 13:00:00,1929.403,1934.982,1922.754,1925.273,9877,Sell
2023-07-05 14:00:00,1925.128,1926.159,1919.135,1922.691,8182,Sell
2023-07-05 15:00:00,1922.659,1925.259,1922.187,1923.273,5090,Sell
2023-07-05 16:00:00,1923.272,1924.834,1921.399,1921.601,4058,Sell
2023-07-05 17:00:00,1921.605,1921.605,1919.072,1919.806,4157,Sell
2023-07-05 18:00:00,1919.842,1921.354,1915.94,1916.039,4296,Sell
2023-07-05 19:00:00,1916.075,1917.921,1915.227,1915.899,3697,Sell
2023-07-05 20:00:00,1915.863,1916.781,1914.865,1915.113,1744,Sell
2023-07-05 22:00:00,1915.473,1917.969,1915.445,1916.307,1653,Sell
2023-07-05 23:00:00,1916.329,1917.27,1915.647,1916.872,1861,No Trade
2023-07-06 00:00:00,1916.884,1917.74,1916.16,1917.409,2674,No Trade
2023-07-06 01:00:00,1917.409,1919.689,1916.464,1919.561,3968,No Trade
2023-07-06 02:00:00,1919.592,1919.796,1918.183,1918.802,3238,Sell
2023-07-06 03:00:00,1918.785,1919.257,1918.149,1918.208,2775,Sell
2023-07-06 04:00:00,1918.213,1918.26,1917.0,1917.915,2739,Sell
2023-07-06 05:00:00,1917.912,1921.233,1917.821,1920.152,3314,No Trade
2023-07-06 06:00:00,1920.143,1921.545,1919.265,1920.535,3485,No Trade
2023-07-06 07:00:00,1920.534,1921.213,1918.976,1919.01,3835,No Trade
2023-07-06 08:00:00,1919.018,1919.781,1916.219,1918.132,3670,No Trade
2023-07-06 09:00:00,1918.101,1919.583,1916.738,1917.365,2999,Sell
2023-07-06 10:00:00,1917.366,1925.037,1917.262,1924.858,3859,Buy
2023-07-06 11:00:00,1924.875,1927.423,1924.378,1926.685,3876,Buy
2023-07-06 12:00:00,1926.686,1927.648,1902.733,1906.353,16314,Sell
2023-07-06 13:00:00,1906.39,1914.977,1904.74,1910.905,10933,No Trade
2023-07-06 14:00:00,1910.787,1910.903,1902.828,1907.938,11005,No Trade
2023-07-06 15:00:00,1907.971,1911.706,1907.231,1911.55,5932,No Trade
2023-07-06 16:00:00,1911.572,1912.446,1909.025,1909.871,4100,Sell
2023-07-06 17:00:00,1909.865,1910.988,1908.964,1910.876,3422,Buy
2023-07-06 18:00:00,1910.873,1911.179,1909.631,1910.895,2864,Buy
2023-07-06 19:00:00,1910.904,1911.966,1909.88,1910.261,2850,Sell
2023-07-06 20:00:00,1910.292,1911.046,1909.977,1910.987,1621,No Trade
2023-07-06 22:00:00,1910.891,1911.281,1909.667,1911.061,1549,Buy
2023-07-06 23:00:00,1911.053,1912.289,1911.053,1911.616,1455,No Trade
2023-07-07 00:00:00,1911.643,1912.491,1909.725,1910.684,2747,Sell
2023-07-07 01:00:00,1910.68,1912.136,1910.385,1910.687,3559,Sell
2023-07-07 02:00:00,1910.687,1911.67,1909.943,1910.949,2664,No Trade
2023-07-07 03:00:00,1910.951,1912.265,1910.328,1911.194,2751,No Trade
2023-07-07 04:00:00,1911.191,1912.381,1910.312,1912.189,2187,No Trade
2023-07-07 05:00:00,1912.183,1914.605,1911.978,1914.359,3350,No Trade
2023-07-07 06:00:00,1914.397,1915.468,1913.043,1913.389,3671,Sell
2023-07-07 07:00:00,1913.358,1916.521,1912.112,1914.638,4181,No Trade
2023-07-07 08:00:00,1914.668,1915.826,1913.391,1915.676,3493,No Trade
2023-07-07 09:00:00,1915.663,1916.843,1914.519,1916.124,3489,No Trade
2023-07-07 10:00:00,1916.145,1917.814,1915.246,1916.324,3236,No Trade
2023-07-07 11:00:00,1916.358,1918.406,1915.96,1917.583,3217,No Trade
2023-07-07 12:00:00,1917.615,1928.166,1914.351,1918.938,12663,Sell
2023-07-07 13:00:00,1918.903,1927.709,1915.557,1923.262,11443,No Trade
2023-07-07 14:00:00,1923.293,1934.183,1921.381,1933.784,8792,Buy
2023-07-07 15:00:00,1933.752,1934.945,1926.545,1927.67,6130,Buy
2023-07-07 16:00:00,1927.639,1929.397,1926.426,1926.953,4364,Sell
2023-07-07 17:00:00,1926.984,1928.104,1926.12,1927.052,3626,No Trade
2023-07-07 18:00:00,1927.05,1927.302,1925.461,1926.426,2962,No Trade
2023-07-07 19:00:00,1926.395,1926.406,1924.696,1924.742,3082,Sell
2023-07-07 20:00:00,1924.777,1925.51,1924.316,1925.439,1737,No Trade
2023-07-09 22:00:00,1925.388,1928.24,1925.346,1926.192,2407,Sell
2023-07-09 23:00:00,1926.193,1926.193,1923.942,1924.948,2062,Sell
2023-07-10 00:00:00,1924.958,1925.346,1922.946,1924.307,3232,No Trade
2023-07-10 01:00:00,1924.299,1926.98,1924.247,1924.999,4326,Sell
2023-07-10 02:00:00,1925.013,1925.55,1924.191,1925.115,3259,No Trade
2023-07-10 03:00:00,1925.119,1925.743,1922.625,1923.94,2900,Sell
2023-07-10 04:00:00,1923.937,1923.986,1921.062,1921.316,2544,Sell
2023-07-10 05:00:00,1921.307,1921.625,1919.67,1920.264,3334,Sell
2023-07-10 06:00:00,1920.296,1924.485,1919.418,1923.489,3753,No Trade
2023-07-10 07:00:00,1923.52,1925.758,1922.75,1924.945,3600,No Trade
2023-07-10 08:00:00,1924.943,1925.668,1922.741,1925.259,3410,Buy
2023-07-10 09:00:00,1925.26,1926.283,1922.815,1923.357,3099,Sell
2023-07-10 10:00:00,1923.343,1924.48,1922.762,1923.675,2850,No Trade
2023-07-10 11:00:00,1923.661,1925.78,1923.045,1924.721,3254,No Trade
2023-07-10 12:00:00,1924.752,1925.042,1912.574,1914.064,6741,Sell
2023-07-10 13:00:00,1914.031,1924.545,1914.001,1923.089,8469,No Trade
2023-07-10 14:00:00,1923.12,1925.072,1920.757,1922.104,6455,Sell
2023-07-10 15:00:00,1922.078,1924.054,1921.536,1923.622,4760,No Trade
2023-07-10 16:00:00,1923.613,1926.011,1922.75,1925.634,3722,No Trade
2023-07-10 17:00:00,1925.636,1926.894,1925.171,1925.723,3700,Sell
2023-07-10 18:00:00,1925.731,1926.143,1924.94,1925.823,2751,No Trade
2023-07-10 19:00:00,1925.854,1926.506,1924.99,1925.898,2610,No Trade
2023-07-10 20:00:00,1925.866,1925.973,1924.912,1925.332,1410,Sell
2023-07-10 22:00:00,1925.452,1925.673,1924.694,1925.159,1285,Sell
2023-07-10 23:00:00,1925.168,1925.65,1924.462,1924.921,1332,No Trade
2023-07-11 00:00:00,1924.922,1927.197,1924.506,1926.386,2814,No Trade
2023-07-11 01:00:00,1926.393,1927.904,1925.144,1925.59,3773,Sell
2023-07-11 02:00:00,1925.592,1927.901,1924.931,1927.835,3245,No Trade
2023-07-11 03:00:00,1927.801,1928.991,1925.851,1926.716,3229,Sell
2023-07-11 04:00:00,1926.721,1929.491,1926.455,1929.461,2742,No Trade
2023-07-11 05:00:00,1929.468,1930.118,1928.213,1929.069,3274,No Trade
2023-07-11 06:00:00,1929.105,1938.227,1928.904,1936.263,5251,No Trade
2023-07-11 07:00:00,1936.249,1936.338,1929.983,1932.322,5051,Sell
2023-07-11 08:00:00,1932.328,1937.403,1932.036,1936.718,3950,No Trade
2023-07-11 09:00:00,1936.749,1938.222,1934.911,1938.169,3764,Buy
2023-07-11 10:00:00,1938.137,1938.504,1934.986,1935.255,3303,Sell
2023-07-11 11:00:00,1935.254,1937.564,1934.791,1936.366,3280,No Trade
2023-07-11 12:00:00,1936.335,1936.542,1929.577,1932.061,6106,Sell
2023-07-11 13:00:00,1932.028,1934.041,1929.535,1933.556,6677,Buy
2023-07-11 14:00:00,1933.589,1935.435,1931.265,1931.863,5219,Sell
2023-07-11 15:00:00,1931.865,1933.23,1930.336,1931.148,4221,Sell
2023-07-11 16:00:00,1931.117,1932.877,1929.406,1932.434,3475,Buy
2023-07-11 17:00:00,1932.457,1932.66,1930.741,1932.123,3125,Buy
2023-07-11 18:00:00,1932.127,1932.363,1930.586,1931.984,2609,No Trade
2023-07-11 19:00:00,1932.015,1932.612,1931.64,1932.573,2470,No Trade
2023-07-11 20:00:00,1932.562,1932.565,1931.674,1932.48,1379,Buy
2023-07-11 22:00:00,1932.328,1933.861,1932.288,1933.45,1323,No Trade
2023-07-11 23:00:00,1933.451,1933.61,1932.973,1933.34,1410,No Trade
2023-07-12 00:00:00,1933.344,1936.265,1933.271,1935.764,2970,No Trade
2023-07-12 01:00:00,1935.769,1939.104,1935.694,1937.609,3813,Sell
2023-07-12 02:00:00,1937.642,1941.03,1936.793,1940.152,3589,No Trade
2023-07-12 03:00:00,1940.149,1940.261,1937.738,1938.594,3132,Sell
2023-07-12 04:00:00,1938.593,1939.199,1937.681,1938.973,2493,Buy
2023-07-12 05:00:00,1938.976,1940.268,1937.924,1938.656,3229,No Trade
2023-07-12 06:00:00,1938.674,1940.278,1934.437,1934.881,3820,Sell
2023-07-12 07:00:00,1934.847,1936.14,1933.936,1934.741,3607,No Trade
2023-07-12 08:00:00,1934.741,1936.486,1933.794,1934.837,3378,No Trade
2023-07-12 09:00:00,1934.83,1936.36,1934.463,1935.472,2769,No Trade
2023-07-12 10:00:00,1935.472,1935.531,1933.883,1934.311,2664,Sell
2023-07-12 11:00:00,1934.336,1936.457,1933.508,1934.728,3356,No Trade
2023-07-12 12:00:00,1934.724,1949.971,1933.628,1943.281,12125,No Trade
2023-07-12 13:00:00,1943.249,1957.337,1940.946,1956.047,11372,No Trade
2023-07-12 14:00:00,1956.094,1957.887,1952.666,1957.688,7895,Buy
2023-07-12 15:00:00,1957.721,1958.401,1953.388,1955.761,5387,No Trade
2023-07-12 16:00:00,1955.73,1959.485,1955.449,1959.253,4240,Buy
2023-07-12 17:00:00,1959.222,1959.718,1955.784,1957.281,3796,Sell
2023-07-12 18:00:00,1957.301,1957.886,1956.774,1957.82,2939,Buy
2023-07-12 19:00:00,1957.789,1958.916,1957.013,1958.786,2947,Buy
2023-07-12 20:00:00,1958.762,1958.786,1957.458,1957.458,1625,Sell
2023-07-12 22:00:00,1957.267,1958.402,1956.986,1957.781,1546,No Trade
2023-07-12 23:00:00,1957.779,1958.0,1957.471,1957.813,1451,No Trade
2023-07-13 00:00:00,1957.814,1958.927,1956.568,1957.102,3104,Sell
2023-07-13 01:00:00,1957.103,1959.866,1956.461,1959.672,4062,No Trade
2023-07-13 02:00:00,1959.664,1961.752,1958.715,1960.183,3477,No Trade
2023-07-13 03:00:00,1960.183,1961.124,1958.932,1960.368,3201,No Trade
2023-07-13 04:00:00,1960.376,1962.272,1957.21,1957.329,2905,Sell
2023-07-13 05:00:00,1957.299,1958.448,1955.33,1955.46,4130,Sell
2023-07-13 06:00:00,1955.48,1962.979,1955.48,1962.879,4529,Buy
2023-07-13 07:00:00,1962.847,1963.402,1959.418,1961.845,4307,No Trade
2023-07-13 08:00:00,1961.866,1962.789,1960.311,1961.003,3388,Sell
2023-07-13 09:00:00,1960.984,1961.016,1959.503,1960.071,3074,Sell
2023-07-13 10:00:00,1960.074,1960.644,1958.218,1960.574,3172,Buy
2023-07-13 11:00:00,1960.577,1960.722,1958.016,1959.968,3411,No Trade
2023-07-13 12:00:00,1959.968,1963.53,1952.459,1957.613,10490,No Trade
2023-07-13 13:00:00,1957.646,1961.38,1956.777,1958.598,8841,No Trade
2023-07-13 14:00:00,1958.565,1961.896,1957.622,1960.891,6568,No Trade
2023-07-13 15:00:00,1960.886,1961.651,1954.773,1955.043,5048,Sell
2023-07-13 16:00:00,1955.074,1959.798,1954.844,1958.919,4555,No Trade
2023-07-13 17:00:00,1958.887,1960.503,1957.644,1960.109,3657,Buy
2023-07-13 18:00:00,1960.078,1960.865,1958.898,1959.932,3049,No Trade
2023-07-13 19:00:00,1959.932,1960.583,1959.636,1960.086,2674,No Trade
2023-07-13 20:00:00,1960.124,1960.772,1959.92,1960.632,1459,No Trade
2023-07-13 22:00:00,1960.476,1960.968,1960.02,1960.02,1281,Sell
2023-07-13 23:00:00,1960.029,1961.918,1959.965,1960.234,2326,Sell
2023-07-14 00:00:00,1960.224,1960.683,1958.424,1959.437,3125,No Trade
2023-07-14 01:00:00,1959.405,1963.282,1958.531,1962.892,4265,No Trade
2023-07-14 02:00:00,1962.896,1963.771,1961.639,1961.769,3354,Sell
2023-07-14 03:00:00,1961.736,1963.162,1961.18,1962.645,2846,No Trade
2023-07-14 04:00:00,1962.647,1962.647,1960.383,1960.447,2730,Sell
2023-07-14 05:00:00,1960.456,1961.333,1957.994,1958.904,3421,Sell
2023-07-14 06:00:00,1958.936,1960.393,1955.707,1956.61,4181,Sell
2023-07-14 07:00:00,1956.591,1957.352,1954.369,1956.949,4183,Buy
2023-07-14 08:00:00,1956.919,1958.243,1955.719,1956.173,3760,Sell
2023-07-14 09:00:00,1956.204,1957.356,1955.357,1955.999,3244,No Trade
2023-07-14 10:00:00,1955.971,1957.092,1955.249,1956.163,3187,No Trade
2023-07-14 11:00:00,1956.195,1960.103,1956.195,1959.325,3345,No Trade
2023-07-14 12:00:00,1959.333,1962.811,1956.995,1957.587,5844,Sell
2023-07-14 13:00:00,1957.555,1960.922,1954.532,1960.141,7700,Buy
2023-07-14 14:00:00,1960.161,1960.676,1950.906,1960.315,12294,Buy
2023-07-14 15:00:00,1960.348,1961.987,1957.45,1958.174,5439,Sell
2023-07-14 16:00:00,1958.178,1959.421,1957.214,1959.03,4133,Buy
2023-07-14 17:00:00,1959.042,1960.378,1958.332,1960.34,3434,Buy
2023-07-14 18:00:00,1960.338,1961.084,1959.215,1959.324,2946,Sell
2023-07-14 19:00:00,1959.293,1959.312,1954.391,1954.391,3302,Sell
2023-07-14 20:00:00,1954.428,1955.74,1954.383,1955.324,1964,No Trade
2023-07-16 22:00:00,1955.075,1955.075,1953.019,1953.181,1879,No Trade
2023-07-16 23:00:00,1953.215,1953.46,1951.454,1953.381,2281,Buy
2023-07-17 00:00:00,1953.381,1954.786,1952.495,1954.682,2888,No Trade
2023-07-17 01:00:00,1954.685,1956.009,1952.048,1952.717,3824,No Trade
2023-07-17 02:00:00,1952.677,1953.921,1951.269,1953.632,3272,Buy
2023-07-17 03:00:00,1953.615,1953.815,1951.046,1952.155,2612,No Trade
2023-07-17 04:00:00,1952.156,1953.676,1951.521,1953.657,2117,No Trade
2023-07-17 05:00:00,1953.624,1956.9,1953.441,1954.122,3420,Sell
2023-07-17 06:00:00,1954.129,1955.123,1952.117,1953.307,3870,Sell
2023-07-17 07:00:00,1953.339,1955.176,1950.667,1952.354,4034,Sell
2023-07-17 08:00:00,1952.324,1957.534,1952.002,1955.845,4201,No Trade
2023-07-17 09:00:00,1955.881,1959.272,1954.37,1958.74,3673,No Trade
2023-07-17 10:00:00,1958.771,1959.901,1956.969,1957.292,3533,Sell
2023-07-17 11:00:00,1957.297,1958.133,1956.735,1957.702,3146,No Trade
2023-07-17 12:00:00,1957.677,1959.477,1948.198,1948.639,7468,Sell
2023-07-17 13:00:00,1948.68,1951.591,1945.768,1950.574,7784,Buy
2023-07-17 14:00:00,1950.569,1954.264,1949.316,1954.065,5924,No Trade
2023-07-17 15:00:00,1954.1,1955.221,1951.36,1954.685,4276,Buy
2023-07-17 16:00:00,1954.717,1955.668,1954.02,1954.627,3322,Buy
2023-07-17 17:00:00,1954.659,1955.27,1952.536,1955.262,3106,Buy
2023-07-17 18:00:00,1955.262,1956.022,1954.781,1955.674,2494,No Trade
2023-07-17 19:00:00,1955.666,1956.41,1954.618,1955.434,2484,No Trade
2023-07-17 20:00:00,1955.4,1955.542,1954.446,1955.027,1342,No Trade
2023-07-17 22:00:00,1954.902,1955.144,1954.689,1955.085,1115,Buy
2023-07-17 23:00:00,1955.084,1956.353,1955.081,1955.498,1374,Sell
2023-07-18 00:00:00,1955.496,1956.882,1954.777,1955.515,2618,No Trade
2023-07-18 01:00:00,1955.55,1959.583,1955.169,1957.206,4372,Sell
2023-07-18 02:00:00,1957.199,1959.017,1955.892,1959.017,3328,No Trade
2023-07-18 03:00:00,1959.039,1960.676,1958.685,1959.864,3007,No Trade
2023-07-18 04:00:00,1959.862,1961.154,1959.755,1960.09,2423,Sell
2023-07-18 05:00:00,1960.069,1961.818,1959.061,1959.333,3092,Sell
2023-07-18 06:00:00,1959.335,1961.958,1957.875,1961.741,4027,No Trade
2023-07-18 07:00:00,1961.774,1964.119,1960.906,1961.579,4631,Sell
2023-07-18 08:00:00,1961.582,1963.055,1960.618,1961.732,3881,No Trade
2023-07-18 09:00:00,1961.764,1963.36,1961.275,1963.05,3225,No Trade
2023-07-18 10:00:00,1963.053,1964.37,1961.879,1963.155,3070,No Trade
2023-07-18 11:00:00,1963.152,1972.113,1961.076,1963.089,5496,No Trade
2023-07-18 12:00:00,1963.119,1971.051,1960.836,1968.813,10701,No Trade
2023-07-18 13:00:00,1968.846,1972.014,1963.824,1971.337,12017,Buy
2023-07-18 14:00:00,1971.302,1983.698,1971.212,1982.809,11079,Buy
2023-07-18 15:00:00,1982.84,1984.416,1977.589,1978.184,6155,Buy
2023-07-18 16:00:00,1978.189,1981.538,1977.026,1977.96,4469,No Trade
2023-07-18 17:00:00,1977.958,1978.015,1975.065,1976.364,3944,Sell
2023-07-18 18:00:00,1976.334,1977.655,1975.393,1976.846,3022,No Trade
2023-07-18 19:00:00,1976.848,1978.186,1976.311,1977.819,2735,No Trade
2023-07-18 20:00:00,1977.796,1979.009,1977.464,1978.883,1599,No Trade
2023-07-18 22:00:00,1978.888,1979.226,1978.562,1978.841,1282,No Trade
2023-07-18 23:00:00,1978.841,1979.191,1976.833,1977.581,2059,Sell
2023-07-19 00:00:00,1977.564,1978.521,1976.633,1978.487,2762,Buy
2023-07-19 01:00:00,1978.515,1978.559,1976.395,1976.676,4002,Sell
2023-07-19 02:00:00,1976.655,1977.215,1974.509,1976.519,3373,Buy
2023-07-19 03:00:00,1976.518,1977.181,1975.54,1975.543,2597,Sell
2023-07-19 04:00:00,1975.544,1976.154,1974.215,1974.856,2600,Sell
2023-07-19 05:00:00,1974.855,1978.44,1974.587,1978.211,3022,Buy
2023-07-19 06:00:00,1978.211,1979.94,1973.071,1976.693,5189,No Trade
2023-07-19 07:00:00,1976.66,1980.959,1976.594,1978.029,4210,Sell
2023-07-19 08:00:00,1978.012,1979.127,1977.24,1977.578,3588,Sell
2023-07-19 09:00:00,1977.575,1979.164,1976.895,1977.243,3291,Sell
2023-07-19 10:00:00,1977.244,1978.173,1974.102,1974.956,3204,Sell
2023-07-19 11:00:00,1974.964,1975.929,1971.618,1973.804,3747,No Trade
2023-07-19 12:00:00,1973.823,1979.618,1973.669,1977.606,5966,No Trade
2023-07-19 13:00:00,1977.604,1979.922,1975.67,1977.143,6653,No Trade
2023-07-19 14:00:00,1977.111,1978.097,1969.857,1974.625,6921,No Trade
2023-07-19 15:00:00,1974.62,1976.489,1972.561,1973.906,4833,No Trade
2023-07-19 16:00:00,1973.903,1977.954,1972.149,1977.598,3915,No Trade
2023-07-19 17:00:00,1977.576,1978.961,1976.275,1977.364,3503,No Trade
2023-07-19 18:00:00,1977.361,1978.171,1976.562,1977.89,2771,Buy
2023-07-19 19:00:00,1977.89,1978.606,1977.664,1978.539,2641,No Trade
2023-07-19 20:00:00,1978.534,1978.638,1976.71,1977.115,1516,Sell
2023-07-19 22:00:00,1975.933,1978.977,1975.5,1977.486,1762,No Trade
2023-07-19 23:00:00,1977.454,1977.903,1976.974,1977.783,1552,Buy
2023-07-20 00:00:00,1977.761,1979.349,1977.399,1979.137,2968,No Trade
2023-07-20 01:00:00,1979.107,1985.306,1979.031,1985.033,5384,Buy
2023-07-20 02:00:00,1985.064,1986.66,1983.744,1986.561,3658,Buy
2023-07-20 03:00:00,1986.556,1987.521,1985.238,1985.274,2979,Sell
2023-07-20 04:00:00,1985.276,1985.548,1984.187,1984.675,2251,Sell
2023-07-20 05:00:00,1984.698,1984.819,1980.208,1980.811,3642,Sell
2023-07-20 06:00:00,1980.844,1982.385,1979.048,1980.623,4129,No Trade
2023-07-20 07:00:00,1980.654,1982.716,1977.911,1979.255,4623,Sell
2023-07-20 08:00:00,1979.234,1983.909,1978.241,1981.662,4047,No Trade
2023-07-20 09:00:00,1981.663,1982.385,1980.635,1980.955,3184,Sell
2023-07-20 10:00:00,1980.985,1983.275,1980.24,1980.628,3175,Sell
2023-07-20 11:00:00,1980.623,1982.413,1979.42,1981.507,3342,No Trade
2023-07-20 12:00:00,1981.508,1981.644,1972.353,1974.059,7421,Sell
2023-07-20 13:00:00,1974.027,1980.145,1972.816,1976.048,8133,Sell
2023-07-20 14:00:00,1976.3,1977.343,1965.772,1970.531,8044,Sell
2023-07-20 15:00:00,1970.546,1971.031,1967.233,1968.709,4677,Sell
2023-07-20 16:00:00,1968.704,1969.026,1965.42,1968.017,4207,No Trade
2023-07-20 17:00:00,1968.022,1970.998,1968.022,1970.636,3730,No Trade
2023-07-20 18:00:00,1970.667,1971.523,1969.307,1969.739,2988,Sell
2023-07-20 19:00:00,1969.74,1971.518,1968.559,1968.812,3016,Sell
2023-07-20 20:00:00,1968.781,1969.842,1968.535,1969.505,1417,No Trade
2023-07-20 22:00:00,1970.296,1970.8,1970.146,1970.693,1102,No Trade
2023-07-20 23:00:00,1970.693,1972.92,1970.691,1972.297,1787,No Trade
2023-07-21 00:00:00,1972.327,1973.446,1971.727,1973.032,2868,No Trade
2023-07-21 01:00:00,1973.023,1973.835,1971.614,1972.382,4025,Sell
2023-07-21 02:00:00,1972.383,1972.754,1970.546,1970.941,3536,Sell
2023-07-21 03:00:00,1970.929,1971.133,1969.95,1970.334,2684,Sell
2023-07-21 04:00:00,1970.31,1971.074,1969.058,1970.008,2220,Sell
2023-07-21 05:00:00,1970.014,1970.481,1968.171,1969.383,2878,No Trade
2023-07-21 06:00:00,1969.394,1972.241,1969.096,1970.814,3761,Sell
2023-07-21 07:00:00,1970.78,1971.215,1964.256,1964.358,5050,Sell
2023-07-21 08:00:00,1964.358,1965.22,1961.285,1961.521,4915,Sell
2023-07-21 09:00:00,1961.521,1964.607,1961.156,1964.018,4571,No Trade
2023-07-21 10:00:00,1964.003,1964.483,1962.273,1963.901,3465,No Trade
2023-07-21 11:00:00,1963.87,1966.845,1962.282,1965.84,3723,No Trade
2023-07-21 12:00:00,1965.815,1968.169,1962.562,1963.176,5556,Sell
2023-07-21 13:00:00,1963.145,1964.428,1958.402,1961.603,7726,No Trade
2023-07-21 14:00:00,1961.58,1965.447,1958.101,1959.843,6722,Sell
2023-07-21 15:00:00,1959.805,1962.878,1956.82,1960.357,5217,No Trade
2023-07-21 16:00:00,1960.322,1963.869,1960.254,1963.603,3541,Buy
2023-07-21 17:00:00,1963.607,1964.906,1962.782,1962.812,3143,Sell
2023-07-21 18:00:00,1962.843,1964.31,1962.808,1963.242,2604,Sell
2023-07-21 19:00:00,1963.212,1963.214,1961.729,1962.545,2654,No Trade
2023-07-21 20:00:00,1962.577,1962.727,1961.563,1961.951,1404,Sell
2023-07-23 22:00:00,1962.328,1962.982,1961.689,1962.011,1316,Sell
2023-07-23 23:00:00,1962.013,1962.346,1960.451,1961.277,1659,Sell
2023-07-24 00:00:00,1961.272,1962.013,1959.968,1961.832,2849,Buy
2023-07-24 01:00:00,1961.837,1962.723,1959.198,1961.521,4186,No Trade
2023-07-24 02:00:00,1961.523,1962.003,1960.221,1960.697,3187,Sell
2023-07-24 03:00:00,1960.7,1961.996,1959.926,1960.243,2683,Sell
2023-07-24 04:00:00,1960.212,1960.801,1959.109,1960.684,2390,Buy
2023-07-24 05:00:00,1960.663,1962.209,1959.836,1960.075,2972,Sell
2023-07-24 06:00:00,1960.066,1962.167,1957.939,1961.807,3423,Buy
2023-07-24 07:00:00,1961.768,1965.732,1961.634,1963.336,5124,Sell
2023-07-24 08:00:00,1963.318,1963.905,1959.437,1959.641,4169,Sell
2023-07-24 09:00:00,1959.641,1966.148,1959.505,1965.514,4124,Buy
2023-07-24 10:00:00,1965.483,1966.588,1963.97,1965.524,3225,Sell
2023-07-24 11:00:00,1965.523,1967.905,1964.852,1965.057,3344,Sell
2023-07-24 12:00:00,1965.087,1967.707,1964.012,1967.47,4818,No Trade
2023-07-24 13:00:00,1967.501,1967.602,1959.187,1959.488,8377,No Trade
2023-07-24 14:00:00,1959.518,1962.455,1957.198,1961.453,7745,No Trade
2023-07-24 15:00:00,1961.485,1962.209,1957.917,1959.721,4784,Sell
2023-07-24 16:00:00,1959.738,1961.507,1958.414,1959.934,4357,No Trade
2023-07-24 17:00:00,1959.928,1960.71,1959.012,1959.157,3268,Sell
2023-07-24 18:00:00,1959.158,1959.288,1954.046,1954.998,3533,Sell
2023-07-24 19:00:00,1955.004,1955.123,1953.525,1954.401,2689,No Trade
2023-07-24 20:00:00,1954.436,1955.501,1954.137,1954.724,1560,No Trade
2023-07-24 22:00:00,1954.933,1955.513,1954.771,1955.025,1438,No Trade
2023-07-24 23:00:00,1955.025,1955.025,1953.274,1954.493,1587,No Trade
2023-07-25 00:00:00,1954.494,1955.681,1953.954,1955.359,2748,No Trade
2023-07-25 01:00:00,1955.39,1962.873,1955.39,1962.724,4667,Buy
2023-07-25 02:00:00,1962.707,1963.479,1961.675,1962.227,3475,Sell
2023-07-25 03:00:00,1962.268,1963.598,1961.163,1961.653,2758,Sell
2023-07-25 04:00:00,1961.653,1962.144,1960.627,1960.633,2024,Sell
2023-07-25 05:00:00,1960.633,1963.236,1960.535,1962.668,3148,No Trade
2023-07-25 06:00:00,1962.637,1964.198,1960.586,1962.451,4125,No Trade
2023-07-25 07:00:00,1962.421,1962.881,1959.739,1961.269,4277,No Trade
2023-07-25 08:00:00,1961.235,1963.42,1959.454,1962.961,4366,No Trade
2023-07-25 09:00:00,1962.959,1963.724,1961.352,1962.252,3281,Sell
2023-07-25 10:00:00,1962.222,1962.701,1959.22,1959.224,2838,Sell
2023-07-25 11:00:00,1959.22,1960.836,1953.258,1960.836,4386,Buy
2023-07-25 12:00:00,1960.82,1963.429,1956.159,1959.495,5404,No Trade
2023-07-25 13:00:00,1959.464,1961.112,1955.943,1956.883,7075,Sell
2023-07-25 14:00:00,1956.835,1962.008,1952.027,1961.855,6767,Buy
2023-07-25 15:00:00,1961.886,1965.476,1961.702,1964.346,4514,No Trade
2023-07-25 16:00:00,1964.324,1965.72,1962.208,1962.466,3334,Sell
2023-07-25 17:00:00,1962.474,1963.921,1961.366,1962.219,3131,No Trade
2023-07-25 18:00:00,1962.22,1964.145,1962.163,1963.591,2788,No Trade
2023-07-25 19:00:00,1963.56,1965.289,1963.56,1964.531,2614,No Trade
2023-07-25 20:00:00,1964.498,1965.284,1964.287,1964.714,1788,No Trade
2023-07-25 22:00:00,1965.25,1966.342,1964.199,1964.617,1819,Sell
2023-07-25 23:00:00,1964.615,1965.953,1964.615,1965.384,1624,No Trade
2023-07-26 00:00:00,1965.383,1966.126,1964.773,1964.997,2500,Sell
2023-07-26 01:00:00,1964.968,1965.674,1962.102,1963.883,4103,No Trade
2023-07-26 02:00:00,1963.882,1964.766,1962.441,1964.11,2865,No Trade
2023-07-26 03:00:00,1964.105,1964.756,1963.306,1963.98,2534,No Trade
2023-07-26 04:00:00,1963.989,1964.457,1963.003,1963.162,1890,Sell
2023-07-26 05:00:00,1963.162,1965.163,1962.487,1965.047,2773,No Trade
2023-07-26 06:00:00,1965.015,1970.998,1964.534,1969.626,4256,No Trade
2023-07-26 07:00:00,1969.657,1971.179,1968.132,1970.691,3924,Buy
2023-07-26 08:00:00,1970.713,1972.533,1970.192,1972.161,3475,No Trade
2023-07-26 09:00:00,1972.193,1972.515,1971.083,1971.538,2907,Sell
2023-07-26 10:00:00,1971.518,1972.075,1969.691,1971.755,2784,Buy
2023-07-26 11:00:00,1971.788,1974.261,1971.387,1972.011,3671,Sell
2023-07-26 12:00:00,1972.138,1974.183,1971.305,1972.347,4672,No Trade
2023-07-26 13:00:00,1972.339,1972.339,1963.897,1966.74,6896,Sell
2023-07-26 14:00:00,1966.709,1969.311,1964.321,1969.041,6005,Buy
2023-07-26 15:00:00,1969.043,1975.125,1968.583,1972.447,5239,No Trade
2023-07-26 16:00:00,1972.474,1973.412,1969.966,1970.378,3409,Sell
2023-07-26 17:00:00,1970.348,1970.468,1967.781,1969.431,3349,No Trade
2023-07-26 18:00:00,1969.403,1978.343,1965.746,1977.292,13890,No Trade
2023-07-26 19:00:00,1977.303,1977.546,1971.821,1974.907,6959,No Trade
2023-07-26 20:00:00,1974.877,1974.877,1972.107,1972.233,2133,No Trade
2023-07-26 22:00:00,1971.971,1974.848,1971.042,1973.551,2570,No Trade
2023-07-26 23:00:00,1973.548,1973.956,1971.807,1972.109,1745,Sell
2023-07-27 00:00:00,1972.112,1973.026,1971.217,1972.468,2297,Buy
2023-07-27 01:00:00,1972.469,1978.078,1972.288,1977.836,4121,Buy
2023-07-27 02:00:00,1977.858,1982.233,1977.858,1979.285,3986,Sell
2023-07-27 03:00:00,1979.301,1979.631,1976.848,1977.979,2414,Sell
2023-07-27 04:00:00,1978.005,1978.815,1976.652,1976.792,2599,Sell
2023-07-27 05:00:00,1976.761,1976.853,1975.112,1975.771,3002,Sell
2023-07-27 06:00:00,1975.798,1977.416,1974.104,1974.843,4005,Sell
2023-07-27 07:00:00,1974.874,1982.181,1974.323,1979.992,4945,No Trade
2023-07-27 08:00:00,1980.022,1981.153,1975.839,1975.94,4078,No Trade
2023-07-27 09:00:00,1975.953,1978.101,1973.657,1975.441,3925,No Trade
2023-07-27 10:00:00,1975.442,1976.91,1975.029,1976.239,3283,No Trade
2023-07-27 11:00:00,1976.241,1979.101,1975.618,1979.089,3320,No Trade
2023-07-27 12:00:00,1979.102,1979.166,1957.965,1960.231,10952,No Trade
2023-07-27 13:00:00,1960.262,1960.454,1943.284,1945.395,14040,No Trade
2023-07-27 14:00:00,1945.429,1947.874,1942.742,1944.648,8770,No Trade
2023-07-27 15:00:00,1944.657,1947.462,1943.891,1946.98,4835,No Trade
2023-07-27 16:00:00,1946.949,1947.839,1942.333,1944.321,3996,Sell
2023-07-27 17:00:00,1944.352,1949.732,1943.478,1948.809,7936,No Trade
2023-07-27 18:00:00,1948.821,1948.933,1944.071,1945.441,4033,Sell
2023-07-27 19:00:00,1945.452,1947.464,1943.676,1944.24,3879,Sell
2023-07-27 20:00:00,1944.207,1945.45,1943.473,1945.13,2022,No Trade
2023-07-27 22:00:00,1946.504,1947.673,1946.285,1946.979,1970,No Trade
2023-07-27 23:00:00,1946.98,1948.158,1945.547,1947.543,2703,Buy
2023-07-28 00:00:00,1947.511,1947.947,1946.154,1947.031,3492,No Trade
2023-07-28 01:00:00,1947.021,1951.272,1946.718,1951.074,4551,No Trade
2023-07-28 02:00:00,1951.072,1952.328,1948.573,1952.185,3683,Buy
2023-07-28 03:00:00,1952.177,1955.02,1950.274,1954.285,12583,No Trade
2023-07-28 04:00:00,1954.316,1956.761,1950.723,1951.919,7471,Sell
2023-07-28 05:00:00,1951.951,1953.422,1950.731,1952.779,4969,No Trade
2023-07-28 06:00:00,1952.746,1953.606,1950.099,1951.634,5763,No Trade
2023-07-28 07:00:00,1951.595,1953.456,1948.319,1949.703,6305,Sell
2023-07-28 08:00:00,1949.766,1950.474,1947.919,1949.566,4298,No Trade
2023-07-28 09:00:00,1949.565,1953.773,1948.419,1951.973,4108,No Trade
2023-07-28 10:00:00,1952.006,1954.645,1951.082,1953.182,3493,No Trade
2023-07-28 11:00:00,1953.166,1958.06,1953.124,1956.678,4064,No Trade
2023-07-28 12:00:00,1956.644,1961.209,1954.197,1955.688,8842,Sell
2023-07-28 13:00:00,1955.657,1958.072,1952.344,1955.991,7765,Buy
2023-07-28 14:00:00,1956.027,1960.667,1955.12,1960.286,7394,No Trade
2023-07-28 15:00:00,1960.307,1963.455,1959.806,1961.009,4832,Sell
2023-07-28 16:00:00,1960.992,1963.56,1960.372,1961.177,3454,Sell
2023-07-28 17:00:00,1961.178,1962.474,1958.903,1959.664,3129,Sell
2023-07-28 18:00:00,1959.7,1960.985,1959.08,1959.13,2644,Sell
2023-07-28 19:00:00,1959.13,1959.563,1957.579,1959.181,2635,Buy
2023-07-28 20:00:00,1959.149,1959.647,1958.703,1959.284,1454,No Trade
2023-07-30 22:00:00,1959.975,1960.57,1959.478,1960.168,1533,No Trade
2023-07-30 23:00:00,1960.17,1960.275,1957.473,1958.17,2429,No Trade
2023-07-31 00:00:00,1958.154,1958.928,1956.466,1958.284,2922,No Trade
2023-07-31 01:00:00,1958.314,1958.625,1955.55,1956.783,4949,Sell
2023-07-31 02:00:00,1956.767,1958.49,1956.172,1956.735,3629,Sell
2023-07-31 03:00:00,1956.725,1957.624,1953.812,1954.651,2808,Sell
2023-07-31 04:00:00,1954.639,1955.91,1953.493,1954.505,2866,Buy
2023-07-31 05:00:00,1954.497,1955.375,1953.156,1955.148,3237,Buy
2023-07-31 06:00:00,1955.118,1957.075,1953.695,1954.945,3782,No Trade
2023-07-31 07:00:00,1954.975,1956.317,1953.314,1954.923,4046,No Trade
2023-07-31 08:00:00,1954.946,1955.987,1950.858,1953.547,3847,No Trade
2023-07-31 09:00:00,1953.516,1957.23,1953.322,1956.927,3619,Buy
2023-07-31 10:00:00,1956.917,1958.483,1956.494,1958.483,3122,Buy
2023-07-31 11:00:00,1958.485,1961.141,1958.041,1959.13,3471,No Trade
2023-07-31 12:00:00,1959.16,1967.069,1957.577,1965.568,5797,No Trade
2023-07-31 13:00:00,1965.57,1972.426,1962.894,1971.482,6984,No Trade
2023-07-31 14:00:00,1971.515,1972.006,1965.674,1967.358,6365,Sell
2023-07-31 15:00:00,1967.338,1971.687,1966.754,1970.736,4096,No Trade
2023-07-31 16:00:00,1970.746,1972.301,1970.275,1971.019,3074,Sell
2023-07-31 17:00:00,1971.036,1972.096,1970.576,1971.053,2789,Sell
2023-07-31 18:00:00,1971.059,1971.103,1966.438,1966.519,2641,Sell
2023-07-31 19:00:00,1966.493,1967.079,1964.309,1964.582,3138,Sell
2023-07-31 20:00:00,1964.614,1966.039,1964.614,1965.507,1984,No Trade
2023-07-31 22:00:00,1965.846,1966.044,1964.679,1965.635,1424,No Trade
2023-07-31 23:00:00,1965.642,1965.747,1963.946,1964.007,1743,No Trade
2023-08-01 00:00:00,1963.976,1964.728,1963.065,1963.484,2437,Sell
2023-08-01 01:00:00,1963.459,1963.966,1960.792,1961.041,3348,No Trade
2023-08-01 02:00:00,1961.002,1961.147,1959.072,1960.632,3256,Buy
2023-08-01 03:00:00,1960.601,1962.734,1959.812,1962.239,2951,No Trade
2023-08-01 04:00:00,1962.23,1962.377,1958.999,1959.738,2709,Sell
2023-08-01 05:00:00,1959.707,1960.244,1958.352,1958.995,2972,Sell
2023-08-01 06:00:00,1958.995,1959.22,1955.96,1957.698,3607,No Trade
2023-08-01 07:00:00,1957.695,1957.697,1954.516,1955.537,4513,Sell
2023-08-01 08:00:00,1955.504,1957.287,1954.787,1955.903,3890,No Trade
2023-08-01 09:00:00,1955.902,1957.757,1955.805,1956.96,3159,Sell
2023-08-01 10:00:00,1956.93,1957.487,1954.564,1956.317,3320,No Trade
2023-08-01 11:00:00,1956.348,1956.69,1953.167,1953.624,3805,Sell
2023-08-01 12:00:00,1953.646,1955.982,1946.035,1946.895,7892,Sell
2023-08-01 13:00:00,1946.926,1948.849,1944.46,1947.994,8509,Buy
2023-08-01 14:00:00,1948.057,1953.733,1943.579,1946.699,9820,No Trade
2023-08-01 15:00:00,1946.71,1946.811,1941.432,1944.299,4913,No Trade
2023-08-01 16:00:00,1944.269,1944.301,1942.023,1943.171,3290,Sell
2023-08-01 17:00:00,1943.18,1943.656,1941.309,1942.817,2920,No Trade
2023-08-01 18:00:00,1942.813,1945.52,1942.813,1944.356,2540,No Trade
2023-08-01 19:00:00,1944.335,1945.601,1944.063,1944.47,2290,Sell
2023-08-01 20:00:00,1944.502,1944.912,1944.14,1944.181,1276,Sell
2023-08-01 22:00:00,1949.71,1951.927,1948.632,1951.231,5250,No Trade
2023-08-01 23:00:00,1951.235,1952.958,1950.601,1952.246,3023,No Trade
2023-08-02 00:00:00,1952.24,1952.481,1948.466,1949.369,3569,No Trade
2023-08-02 01:00:00,1949.337,1949.909,1947.748,1947.766,3660,Sell
2023-08-02 02:00:00,1947.734,1949.938,1947.222,1948.297,3805,Buy
2023-08-02 03:00:00,1948.307,1949.547,1946.776,1949.375,2883,Buy
2023-08-02 04:00:00,1949.368,1949.44,1945.383,1946.448,2509,No Trade
2023-08-02 05:00:00,1946.448,1949.999,1946.447,1948.971,3608,No Trade
2023-08-02 06:00:00,1949.003,1950.451,1948.063,1949.119,3832,No Trade
2023-08-02 07:00:00,1949.149,1950.351,1947.812,1948.472,4245,Sell
2023-08-02 08:00:00,1948.514,1951.948,1948.43,1949.894,4248,Sell
2023-08-02 09:00:00,1949.893,1951.334,1948.444,1949.673,3479,No Trade
2023-08-02 10:00:00,1949.675,1953.085,1948.36,1952.712,2981,No Trade
2023-08-02 11:00:00,1952.687,1954.852,1950.469,1950.721,3880,Sell
2023-08-02 12:00:00,1950.757,1951.921,1943.83,1945.701,9508,Sell
2023-08-02 13:00:00,1945.668,1947.748,1943.615,1945.16,7205,No Trade
2023-08-02 14:00:00,1945.19,1945.346,1934.051,1935.978,9080,Sell
2023-08-02 15:00:00,1935.942,1936.997,1933.015,1935.62,5835,No Trade
2023-08-02 16:00:00,1935.589,1938.501,1935.187,1935.71,4072,No Trade
2023-08-02 17:00:00,1935.748,1939.191,1935.569,1936.659,3352,Sell
2023-08-02 18:00:00,1936.659,1936.86,1935.722,1936.547,2355,No Trade
2023-08-02 19:00:00,1936.545,1936.95,1935.079,1935.294,2367,No Trade
2023-08-02 20:00:00,1935.282,1935.589,1934.488,1934.587,1301,Sell
2023-08-02 22:00:00,1935.161,1937.027,1934.85,1936.498,1752,No Trade
2023-08-02 23:00:00,1936.494,1936.694,1935.694,1936.1,1245,Sell
2023-08-03 00:00:00,1936.125,1937.085,1935.374,1935.593,2358,Sell
2023-08-03 01:00:00,1935.591,1938.922,1935.21,1936.911,3302,No Trade
2023-08-03 02:00:00,1936.88,1938.286,1936.067,1936.338,2847,Sell
2023-08-03 03:00:00,1936.332,1937.418,1934.017,1937.328,2630,Buy
2023-08-03 04:00:00,1937.349,1938.0,1933.992,1934.086,2967,No Trade
2023-08-03 05:00:00,1934.104,1935.675,1933.055,1935.219,3846,No Trade
2023-08-03 06:00:00,1935.24,1936.165,1932.819,1933.543,4098,Sell
2023-08-03 07:00:00,1933.574,1938.306,1930.942,1936.973,5082,No Trade
2023-08-03 08:00:00,1936.981,1938.47,1934.829,1937.856,4621,Buy
2023-08-03 09:00:00,1937.855,1937.877,1935.542,1936.209,3620,No Trade
2023-08-03 10:00:00,1936.201,1937.506,1932.904,1934.406,3523,Sell
2023-08-03 11:00:00,1934.437,1937.156,1933.236,1935.101,4460,No Trade
2023-08-03 12:00:00,1935.1,1938.443,1929.596,1932.944,9934,No Trade
2023-08-03 13:00:00,1932.976,1937.841,1930.446,1932.403,8803,No Trade
2023-08-03 14:00:00,1932.433,1938.697,1932.433,1935.03,9020,Sell
2023-08-03 15:00:00,1935.026,1938.773,1932.785,1933.121,5317,Sell
2023-08-03 16:00:00,1933.121,1935.982,1932.917,1935.744,3337,No Trade
2023-08-03 17:00:00,1935.731,1935.917,1933.327,1934.821,2912,No Trade
2023-08-03 18:00:00,1934.821,1935.387,1932.75,1933.227,2355,Sell
2023-08-03 19:00:00,1933.204,1934.543,1932.59,1934.312,2305,No Trade
2023-08-03 20:00:00,1934.307,1934.786,1934.025,1934.269,1479,No Trade
2023-08-03 22:00:00,1934.347,1937.104,1934.285,1935.569,2176,Sell
2023-08-03 23:00:00,1935.572,1935.877,1934.851,1935.874,1185,Buy
2023-08-04 00:00:00,1935.847,1936.805,1934.914,1936.805,2315,Buy
2023-08-04 01:00:00,1936.815,1938.064,1935.632,1936.581,3840,No Trade
2023-08-04 02:00:00,1936.582,1937.594,1934.762,1935.225,3643,Sell
2023-08-04 03:00:00,1935.227,1936.616,1934.42,1935.26,2525,No Trade
2023-08-04 04:00:00,1935.26,1935.586,1933.291,1934.617,2625,No Trade
2023-08-04 05:00:00,1934.629,1937.529,1934.327,1936.341,2889,No Trade
2023-08-04 06:00:00,1936.348,1936.443,1932.194,1933.132,3694,No Trade
2023-08-04 07:00:00,1933.099,1934.172,1932.218,1932.932,3834,No Trade
2023-08-04 08:00:00,1932.956,1933.715,1932.24,1932.451,3171,Sell
2023-08-04 09:00:00,1932.479,1934.242,1932.27,1933.558,2928,No Trade
2023-08-04 10:00:00,1933.589,1933.872,1931.319,1932.757,3074,No Trade
2023-08-04 11:00:00,1932.8,1933.453,1931.381,1932.369,3210,No Trade
2023-08-04 12:00:00,1932.37,1942.694,1925.426,1939.111,12447,No Trade
2023-08-04 13:00:00,1939.08,1946.917,1938.789,1943.504,12580,No Trade
2023-08-04 14:00:00,1943.47,1944.064,1938.886,1939.097,7161,No Trade
2023-08-04 15:00:00,1939.071,1944.034,1937.613,1942.772,4593,No Trade
2023-08-04 16:00:00,1942.74,1943.586,1940.874,1941.792,3470,Sell
2023-08-04 17:00:00,1941.794,1942.267,1940.653,1942.021,3018,Buy
2023-08-04 18:00:00,1942.021,1942.175,1939.879,1941.32,2831,No Trade
2023-08-04 19:00:00,1941.356,1942.679,1940.777,1941.438,2633,No Trade
2023-08-04 20:00:00,1941.406,1943.379,1941.238,1942.583,1956,No Trade
2023-08-06 22:00:00,1942.66,1946.748,1942.515,1943.79,2513,Sell
2023-08-06 23:00:00,1943.757,1943.982,1942.792,1943.89,1864,Buy
2023-08-07 00:00:00,1943.885,1945.367,1943.047,1944.374,2504,No Trade
2023-08-07 01:00:00,1944.374,1944.374,1941.267,1942.457,3383,No Trade
2023-08-07 02:00:00,1942.451,1942.939,1940.224,1940.942,2757,Sell
2023-08-07 03:00:00,1940.928,1941.748,1938.321,1939.42,2596,Sell
2023-08-07 04:00:00,1939.399,1939.548,1937.515,1938.889,2405,No Trade
2023-08-07 05:00:00,1938.884,1938.994,1936.239,1936.626,2824,No Trade
2023-08-07 06:00:00,1936.63,1938.203,1935.441,1937.206,3708,No Trade
2023-08-07 07:00:00,1937.201,1938.163,1935.536,1936.828,3785,No Trade
2023-08-07 08:00:00,1936.814,1936.843,1934.542,1936.249,3393,No Trade
2023-08-07 09:00:00,1936.262,1937.663,1934.278,1934.337,3146,No Trade
2023-08-07 10:00:00,1934.306,1935.662,1933.46,1935.311,3425,No Trade
2023-08-07 11:00:00,1935.331,1936.433,1933.862,1936.28,3046,No Trade
2023-08-07 12:00:00,1936.272,1938.255,1933.702,1938.013,4531,Buy
2023-08-07 13:00:00,1938.041,1941.753,1933.57,1933.656,5796,No Trade
2023-08-07 14:00:00,1933.622,1936.961,1931.577,1934.234,5511,No Trade
2023-08-07 15:00:00,1934.209,1935.449,1931.971,1932.56,3972,No Trade
2023-08-07 16:00:00,1932.564,1935.013,1932.174,1934.472,3168,No Trade
2023-08-07 17:00:00,1934.441,1937.047,1934.204,1936.075,2682,No Trade
2023-08-07 18:00:00,1936.077,1937.141,1935.706,1937.032,2585,No Trade
2023-08-07 19:00:00,1937.033,1937.691,1936.221,1936.75,2230,No Trade
2023-08-07 20:00:00,1936.719,1936.735,1935.793,1936.592,1215,Buy
2023-08-07 22:00:00,1936.729,1937.39,1935.661,1936.122,1514,No Trade
2023-08-07 23:00:00,1936.123,1938.131,1936.123,1936.832,1782,No Trade
2023-08-08 00:00:00,1936.863,1937.405,1935.218,1935.793,2424,No Trade
2023-08-08 01:00:00,1935.792,1935.792,1931.584,1931.677,3749,No Trade
2023-08-08 02:00:00,1931.668,1935.268,1931.187,1934.991,3520,No Trade
2023-08-08 03:00:00,1934.99,1935.282,1933.01,1933.205,2653,No Trade
2023-08-08 04:00:00,1933.174,1934.71,1932.673,1934.496,2173,No Trade
2023-08-08 05:00:00,1934.504,1934.913,1932.646,1934.083,2933,Sell
2023-08-08 06:00:00,1934.078,1934.847,1932.653,1933.226,3611,Sell
2023-08-08 07:00:00,1933.195,1934.358,1930.291,1930.493,4206,No Trade
2023-08-08 08:00:00,1930.526,1935.195,1930.526,1935.189,3877,Buy
2023-08-08 09:00:00,1935.153,1935.615,1932.841,1934.99,3777,No Trade
2023-08-08 10:00:00,1934.994,1935.477,1930.487,1930.781,3387,Sell
2023-08-08 11:00:00,1930.781,1933.28,1928.187,1929.016,4234,Sell
2023-08-08 12:00:00,1929.025,1929.842,1923.714,1925.467,7360,Sell
2023-08-08 13:00:00,1925.435,1928.959,1922.723,1926.463,7570,No Trade
2023-08-08 14:00:00,1926.427,1932.012,1924.943,1927.179,6047,No Trade
2023-08-08 15:00:00,1927.21,1928.112,1925.25,1925.874,4402,Sell
2023-08-08 16:00:00,1925.877,1928.501,1924.739,1925.406,3203,Sell
2023-08-08 17:00:00,1925.411,1926.444,1923.661,1925.584,3433,No Trade
2023-08-08 18:00:00,1925.584,1926.28,1924.429,1925.38,2650,No Trade
2023-08-08 19:00:00,1925.347,1926.662,1924.675,1924.896,2334,Sell
2023-08-08 20:00:00,1924.864,1925.321,1924.591,1925.12,1218,Sell
2023-08-08 22:00:00,1925.097,1925.573,1924.651,1925.075,1021,No Trade
2023-08-08 23:00:00,1925.078,1925.799,1924.903,1925.669,1176,No Trade
2023-08-09 00:00:00,1925.674,1926.569,1924.832,1925.118,1855,Sell
2023-08-09 01:00:00,1925.105,1929.102,1924.306,1927.698,3573,No Trade
2023-08-09 02:00:00,1927.72,1930.663,1927.522,1929.7,3169,No Trade
2023-08-09 03:00:00,1929.706,1930.916,1928.589,1930.211,2866,No Trade
2023-08-09 04:00:00,1930.203,1931.106,1929.612,1930.43,2284,No Trade
2023-08-09 05:00:00,1930.457,1932.216,1930.218,1931.238,2892,No Trade
2023-08-09 06:00:00,1931.227,1932.317,1928.7,1930.246,3209,No Trade
2023-08-09 07:00:00,1930.201,1931.365,1929.477,1930.643,3472,No Trade
2023-08-09 08:00:00,1930.615,1930.869,1927.535,1928.105,3372,Sell
2023-08-09 09:00:00,1928.07,1928.383,1925.943,1926.247,2995,Sell
2023-08-09 10:00:00,1926.214,1926.579,1924.708,1925.25,2849,Sell
2023-08-09 11:00:00,1925.252,1926.157,1923.274,1924.629,3140,No Trade
2023-08-09 12:00:00,1924.588,1926.345,1922.113,1924.953,5170,No Trade
2023-08-09 13:00:00,1924.943,1926.051,1921.505,1922.896,5461,Sell
2023-08-09 14:00:00,1922.891,1927.539,1915.986,1917.334,7314,Sell
2023-08-09 15:00:00,1917.299,1918.695,1915.615,1916.753,5182,No Trade
2023-08-09 16:00:00,1916.783,1918.22,1915.798,1916.37,3492,Sell
2023-08-09 17:00:00,1916.371,1918.008,1916.061,1916.422,3146,Sell
2023-08-09 18:00:00,1916.434,1916.528,1915.513,1916.219,2582,No Trade
2023-08-09 19:00:00,1916.216,1916.979,1915.593,1915.593,2224,Sell
2023-08-09 20:00:00,1915.562,1915.726,1914.127,1914.92,1591,No Trade
2023-08-09 22:00:00,1914.876,1916.564,1914.723,1916.373,1555,No Trade
2023-08-09 23:00:00,1916.374,1916.992,1916.351,1916.788,1209,No Trade
2023-08-10 00:00:00,1916.788,1917.49,1915.71,1917.058,2289,Buy
2023-08-10 01:00:00,1917.071,1919.009,1915.463,1918.064,3653,No Trade
2023-08-10 02:00:00,1918.062,1919.23,1917.127,1917.133,2853,Sell
2023-08-10 03:00:00,1917.119,1919.129,1917.012,1918.737,2401,No Trade
2023-08-10 04:00:00,1918.736,1918.895,1916.436,1916.815,2099,Sell
2023-08-10 05:00:00,1916.809,1919.203,1915.855,1918.49,2817,No Trade
2023-08-10 06:00:00,1918.477,1919.106,1915.629,1918.094,3438,No Trade
2023-08-10 07:00:00,1918.063,1920.676,1917.393,1919.416,3747,No Trade
2023-08-10 08:00:00,1919.414,1921.293,1918.675,1919.434,3456,No Trade
2023-08-10 09:00:00,1919.481,1921.557,1919.212,1920.97,2720,No Trade
2023-08-10 10:00:00,1920.966,1922.378,1919.9,1921.81,2883,No Trade
2023-08-10 11:00:00,1921.843,1922.728,1920.878,1921.917,3217,No Trade
2023-08-10 12:00:00,1921.911,1929.851,1921.264,1926.333,12320,No Trade
2023-08-10 13:00:00,1926.303,1927.238,1918.905,1922.801,10238,Sell
2023-08-10 14:00:00,1922.767,1922.997,1913.474,1915.113,7607,Sell
2023-08-10 15:00:00,1915.08,1920.365,1912.972,1920.061,5448,No Trade
2023-08-10 16:00:00,1920.095,1921.76,1919.56,1920.603,3711,No Trade
2023-08-10 17:00:00,1920.574,1921.027,1913.505,1913.769,4542,Sell
2023-08-10 18:00:00,1913.738,1915.113,1912.939,1915.001,3673,No Trade
2023-08-10 19:00:00,1914.995,1915.178,1913.106,1913.389,2832,Sell
2023-08-10 20:00:00,1913.355,1913.726,1912.196,1912.459,1623,Sell
2023-08-10 22:00:00,1912.83,1913.454,1912.135,1912.792,1583,No Trade
2023-08-10 23:00:00,1912.791,1912.791,1910.859,1912.458,1527,Buy
2023-08-11 00:00:00,1912.458,1915.187,1911.958,1914.745,1940,No Trade
2023-08-11 01:00:00,1914.712,1915.734,1914.368,1915.588,3193,No Trade
2023-08-11 02:00:00,1915.564,1916.045,1914.253,1914.822,2546,Sell
2023-08-11 03:00:00,1914.792,1915.661,1913.1,1914.681,2583,No Trade
2023-08-11 04:00:00,1914.681,1914.86,1912.684,1913.51,2009,Sell
2023-08-11 05:00:00,1913.512,1915.997,1912.802,1915.753,2892,No Trade
2023-08-11 06:00:00,1915.722,1917.641,1915.428,1916.348,3184,Sell
2023-08-11 07:00:00,1916.353,1918.065,1915.852,1917.951,3608,No Trade
2023-08-11 08:00:00,1917.944,1919.438,1916.186,1919.038,3308,Buy
2023-08-11 09:00:00,1919.058,1919.869,1917.136,1918.02,3026,Sell
2023-08-11 10:00:00,1918.033,1918.444,1917.183,1918.028,2519,No Trade
2023-08-11 11:00:00,1918.007,1919.141,1917.474,1919.054,2753,No Trade
2023-08-11 12:00:00,1919.072,1920.982,1913.206,1916.083,7099,Sell
2023-08-11 13:00:00,1916.115,1917.822,1913.002,1916.249,6957,No Trade
2023-08-11 14:00:00,1916.547,1920.892,1915.431,1918.669,7880,No Trade
2023-08-11 15:00:00,1918.635,1919.614,1913.026,1914.078,4930,Sell
2023-08-11 16:00:00,1914.092,1915.316,1913.607,1914.384,3325,No Trade
2023-08-11 17:00:00,1914.38,1915.543,1913.139,1913.283,2847,Sell
2023-08-11 18:00:00,1913.314,1913.892,1912.544,1913.439,2364,No Trade
2023-08-11 19:00:00,1913.456,1913.794,1912.275,1913.648,2288,Buy
2023-08-11 20:00:00,1913.617,1914.093,1912.993,1913.886,1282,Buy
2023-08-13 22:00:00,1913.766,1915.281,1913.45,1913.763,1544,No Trade
2023-08-13 23:00:00,1913.767,1914.456,1912.495,1913.72,1767,No Trade
2023-08-14 00:00:00,1913.72,1913.819,1910.775,1911.102,2828,No Trade
2023-08-14 01:00:00,1911.089,1912.966,1910.16,1911.612,4026,No Trade
2023-08-14 02:00:00,1911.579,1912.783,1910.672,1912.075,3152,No Trade
2023-08-14 03:00:00,1912.042,1913.637,1911.643,1912.796,2665,No Trade
2023-08-14 04:00:00,1912.794,1913.205,1911.866,1912.455,2144,No Trade
2023-08-14 05:00:00,1912.463,1914.615,1912.0,1913.002,2723,No Trade
2023-08-14 06:00:00,1912.969,1914.113,1911.619,1912.159,2925,Sell
2023-08-14 07:00:00,1912.114,1916.013,1910.722,1914.508,4484,No Trade
2023-08-14 08:00:00,1914.539,1916.256,1913.951,1914.33,3561,Sell
2023-08-14 09:00:00,1914.321,1914.465,1912.293,1914.023,2972,Buy
2023-08-14 10:00:00,1914.022,1915.018,1913.262,1914.463,2744,No Trade
2023-08-14 11:00:00,1914.46,1915.016,1913.399,1914.027,2902,Sell
2023-08-14 12:00:00,1914.022,1914.078,1906.02,1910.416,7108,No Trade
2023-08-14 13:00:00,1910.41,1910.999,1902.68,1904.295,6684,Sell
2023-08-14 14:00:00,1904.261,1911.631,1903.305,1908.536,6536,No Trade
2023-08-14 15:00:00,1908.554,1911.381,1908.266,1910.712,4290,No Trade
2023-08-14 16:00:00,1910.681,1913.255,1910.681,1911.956,3707,No Trade
2023-08-14 17:00:00,1911.926,1913.167,1910.242,1910.333,2885,Sell
2023-08-14 18:00:00,1910.336,1910.631,1907.822,1908.113,2665,Sell
2023-08-14 19:00:00,1908.089,1908.303,1907.275,1907.663,2401,Sell
2023-08-14 20:00:00,1907.623,1907.934,1906.979,1907.515,1297,No Trade
2023-08-14 22:00:00,1907.359,1907.823,1907.228,1907.618,1057,No Trade
2023-08-14 23:00:00,1907.618,1908.139,1904.996,1907.657,1900,Buy
2023-08-15 00:00:00,1907.667,1907.794,1905.019,1907.211,2245,Buy
2023-08-15 01:00:00,1907.229,1908.201,1903.836,1906.142,4474,No Trade
2023-08-15 02:00:00,1906.142,1906.953,1904.787,1906.142,3564,No Trade
2023-08-15 03:00:00,1906.114,1907.719,1905.618,1907.224,2483,No Trade
2023-08-15 04:00:00,1907.225,1907.421,1906.534,1906.641,1795,No Trade
2023-08-15 05:00:00,1906.634,1907.555,1904.254,1905.206,3301,No Trade
2023-08-15 06:00:00,1905.237,1907.14,1904.021,1905.091,3969,No Trade
2023-08-15 07:00:00,1905.059,1905.549,1903.579,1905.021,3912,No Trade
2023-08-15 08:00:00,1905.026,1905.219,1903.164,1904.295,3792,No Trade
2023-08-15 09:00:00,1904.302,1905.007,1902.991,1904.521,3311,Buy
2023-08-15 10:00:00,1904.518,1904.949,1902.689,1903.97,3349,No Trade
2023-08-15 11:00:00,1903.936,1904.331,1901.972,1904.266,3491,Buy
2023-08-15 12:00:00,1904.267,1905.875,1896.423,1903.501,9085,No Trade
2023-08-15 13:00:00,1903.531,1907.5,1900.157,1903.827,8932,No Trade
2023-08-15 14:00:00,1903.857,1911.663,1902.715,1910.056,7869,No Trade
2023-08-15 15:00:00,1910.096,1911.157,1906.61,1906.92,5395,Sell
2023-08-15 16:00:00,1906.902,1907.477,1903.534,1903.701,3531,Sell
2023-08-15 17:00:00,1903.7,1905.539,1903.355,1904.459,3633,No Trade
2023-08-15 18:00:00,1904.489,1905.385,1902.574,1902.675,2921,No Trade
2023-08-15 19:00:00,1902.662,1903.863,1902.525,1902.764,3232,Sell
2023-08-15 20:00:00,1902.732,1903.64,1901.432,1901.67,1786,Sell
2023-08-15 22:00:00,1902.001,1902.582,1901.28,1901.528,1483,Sell
2023-08-15 23:00:00,1901.533,1902.283,1900.344,1901.519,1653,No Trade
2023-08-16 00:00:00,1901.512,1902.524,1901.035,1902.319,2206,No Trade
2023-08-16 01:00:00,1902.295,1904.178,1900.61,1902.838,3794,No Trade
2023-08-16 02:00:00,1902.802,1904.783,1902.566,1903.876,3139,No Trade
2023-08-16 03:00:00,1903.874,1905.373,1903.752,1904.171,2512,Sell
2023-08-16 04:00:00,1904.161,1904.683,1902.841,1904.036,1957,No Trade
2023-08-16 05:00:00,1904.037,1905.499,1903.519,1905.186,2852,No Trade
2023-08-16 06:00:00,1905.189,1906.608,1904.759,1905.574,3441,No Trade
2023-08-16 07:00:00,1905.595,1905.741,1902.911,1904.61,3584,No Trade
2023-08-16 08:00:00,1904.611,1905.743,1903.513,1905.451,3172,Buy
2023-08-16 09:00:00,1905.453,1907.246,1905.325,1906.13,3077,Sell
2023-08-16 10:00:00,1906.127,1906.826,1905.742,1906.15,2787,No Trade
2023-08-16 11:00:00,1906.115,1906.732,1903.141,1903.187,2884,Sell
2023-08-16 12:00:00,1903.156,1904.251,1900.076,1900.854,5311,Sell
2023-08-16 13:00:00,1900.823,1906.483,1899.408,1904.276,6480,No Trade
2023-08-16 14:00:00,1904.245,1906.052,1903.279,1904.695,5209,No Trade
2023-08-16 15:00:00,1904.693,1904.86,1901.429,1901.985,4012,No Trade
2023-08-16 16:00:00,1901.972,1902.63,1898.922,1899.5,3539,Sell
2023-08-16 17:00:00,1899.528,1899.613,1897.034,1898.51,3487,No Trade
2023-08-16 18:00:00,1898.521,1899.629,1894.639,1895.053,4969,Sell
2023-08-16 19:00:00,1895.019,1895.557,1891.817,1892.246,3908,Sell
2023-08-16 20:00:00,1892.283,1893.726,1891.898,1892.105,1953,Sell
2023-08-16 22:00:00,1892.267,1895.024,1892.267,1894.405,1813,No Trade
2023-08-16 23:00:00,1894.412,1894.44,1892.351,1893.395,2499,Sell
2023-08-17 00:00:00,1893.398,1893.429,1891.05,1892.824,2757,Buy
2023-08-17 01:00:00,1892.825,1893.03,1889.607,1892.738,4112,Buy
2023-08-17 02:00:00,1892.696,1893.857,1892.28,1893.793,3192,No Trade
2023-08-17 03:00:00,1893.787,1894.006,1892.445,1892.821,2655,Sell
2023-08-17 04:00:00,1892.821,1893.953,1892.343,1893.818,2050,Buy
2023-08-17 05:00:00,1893.824,1893.979,1892.151,1893.494,2559,No Trade
2023-08-17 06:00:00,1893.503,1897.342,1892.766,1897.342,3382,No Trade
2023-08-17 07:00:00,1897.345,1897.599,1895.426,1896.489,3617,Sell
2023-08-17 08:00:00,1896.485,1896.549,1893.878,1894.046,3185,Sell
2023-08-17 09:00:00,1894.016,1895.292,1893.704,1895.292,2924,No Trade
2023-08-17 10:00:00,1895.289,1899.299,1895.204,1898.011,3910,No Trade
2023-08-17 11:00:00,1898.012,1899.537,1897.012,1898.922,3680,No Trade
2023-08-17 12:00:00,1898.891,1902.384,1896.796,1899.574,7007,No Trade
2023-08-17 13:00:00,1899.543,1903.513,1895.819,1896.014,7498,Sell
2023-08-17 14:00:00,1895.982,1897.689,1893.909,1895.455,6150,No Trade
2023-08-17 15:00:00,1895.444,1896.432,1889.19,1889.528,4477,Sell
2023-08-17 16:00:00,1889.516,1891.265,1887.756,1888.426,3777,Sell
2023-08-17 17:00:00,1888.429,1888.533,1885.096,1886.209,3689,No Trade
2023-08-17 18:00:00,1886.229,1887.03,1885.156,1886.71,3020,Buy
2023-08-17 19:00:00,1886.679,1890.178,1886.66,1889.139,3433,No Trade
2023-08-17 20:00:00,1889.099,1889.617,1888.452,1889.279,1387,No Trade
2023-08-17 22:00:00,1889.581,1890.251,1889.093,1889.929,1464,No Trade
2023-08-17 23:00:00,1889.93,1891.722,1889.325,1891.327,1729,No Trade
2023-08-18 00:00:00,1891.331,1893.93,1890.733,1893.383,2381,No Trade
2023-08-18 01:00:00,1893.414,1895.2,1892.524,1893.652,3979,No Trade
2023-08-18 02:00:00,1893.621,1894.963,1892.93,1893.266,3094,Sell
2023-08-18 03:00:00,1893.237,1893.679,1891.723,1892.774,2767,No Trade
2023-08-18 04:00:00,1892.774,1893.404,1891.241,1892.245,2281,No Trade
2023-08-18 05:00:00,1892.244,1894.159,1891.736,1893.703,2769,No Trade
2023-08-18 06:00:00,1893.74,1893.95,1891.875,1892.215,3731,Sell
2023-08-18 07:00:00,1892.191,1894.034,1891.97,1892.647,3940,Sell
2023-08-18 08:00:00,1892.63,1893.583,1891.45,1892.092,3314,Sell
2023-08-18 09:00:00,1892.086,1892.904,1891.453,1892.809,2711,Buy
2023-08-18 10:00:00,1892.805,1895.598,1892.802,1894.279,2986,Sell
2023-08-18 11:00:00,1894.302,1895.121,1893.307,1893.833,2960,Sell
2023-08-18 12:00:00,1893.821,1894.906,1888.64,1890.293,5261,Sell
2023-08-18 13:00:00,1890.307,1896.794,1889.432,1893.893,7033,Sell
2023-08-18 14:00:00,1893.904,1894.928,1891.69,1893.671,5301,No Trade
2023-08-18 15:00:00,1893.67,1893.722,1890.515,1891.306,3907,Sell
2023-08-18 16:00:00,1891.276,1891.997,1888.712,1889.586,3305,Sell
2023-08-18 17:00:00,1889.611,1890.391,1886.824,1889.017,3398,No Trade
2023-08-18 18:00:00,1889.018,1889.31,1887.672,1888.533,2539,No Trade
2023-08-18 19:00:00,1888.528,1889.903,1887.638,1889.348,2705,No Trade
2023-08-18 20:00:00,1889.31,1890.035,1888.409,1889.629,1552,No Trade
2023-08-20 22:00:00,1889.457,1890.923,1889.383,1890.401,1451,No Trade
2023-08-20 23:00:00,1890.404,1890.404,1888.9,1890.019,1724,No Trade
2023-08-21 00:00:00,1890.034,1891.211,1889.951,1890.007,2148,Sell
2023-08-21 01:00:00,1889.981,1890.084,1885.025,1885.509,4204,Sell
2023-08-21 02:00:00,1885.51,1892.993,1884.762,1892.797,3932,No Trade
2023-08-21 03:00:00,1892.797,1893.646,1890.646,1891.743,2952,Sell
2023-08-21 04:00:00,1891.728,1893.671,1891.545,1892.555,2363,Sell
2023-08-21 05:00:00,1892.554,1894.115,1887.914,1888.1,3624,Sell
2023-08-21 06:00:00,1888.069,1889.621,1887.472,1888.943,3427,No Trade
2023-08-21 07:00:00,1888.942,1890.432,1888.047,1888.204,3976,Sell
2023-08-21 08:00:00,1888.202,1889.423,1887.632,1888.714,3264,No Trade
2023-08-21 09:00:00,1888.736,1890.843,1888.359,1889.541,3205,No Trade
2023-08-21 10:00:00,1889.544,1889.66,1886.86,1888.737,3191,No Trade
2023-08-21 11:00:00,1888.736,1893.209,1887.955,1893.044,3609,No Trade
2023-08-21 12:00:00,1893.017,1897.669,1892.846,1897.201,6791,No Trade
2023-08-21 13:00:00,1897.232,1898.715,1888.654,1890.081,7701,Sell
2023-08-21 14:00:00,1890.114,1891.239,1885.347,1886.897,6236,Sell
2023-08-21 15:00:00,1886.898,1889.833,1885.964,1889.248,3992,No Trade
2023-08-21 16:00:00,1889.246,1893.286,1889.172,1892.651,3273,No Trade
2023-08-21 17:00:00,1892.649,1895.437,1892.625,1894.435,3366,No Trade
2023-08-21 18:00:00,1894.433,1895.095,1893.938,1894.626,2798,No Trade
2023-08-21 19:00:00,1894.627,1895.219,1894.278,1894.368,2205,Sell
2023-08-21 20:00:00,1894.337,1894.874,1894.3,1894.874,1093,Buy
2023-08-21 22:00:00,1894.707,1895.211,1894.635,1895.099,876,No Trade
2023-08-21 23:00:00,1895.097,1896.09,1894.697,1894.764,1477,Sell
2023-08-22 00:00:00,1894.774,1895.859,1893.746,1895.573,2143,Buy
2023-08-22 01:00:00,1895.57,1897.341,1894.381,1895.179,3656,Sell
2023-08-22 02:00:00,1895.176,1897.357,1894.478,1894.497,3480,Sell
2023-08-22 03:00:00,1894.493,1897.148,1894.276,1896.116,2890,No Trade
2023-08-22 04:00:00,1896.129,1896.413,1893.955,1894.08,1852,Sell
2023-08-22 05:00:00,1894.063,1896.551,1893.999,1895.483,2972,Sell
2023-08-22 06:00:00,1895.482,1900.306,1895.185,1898.919,4144,No Trade
2023-08-22 07:00:00,1898.946,1901.874,1898.14,1901.545,3655,No Trade
2023-08-22 08:00:00,1901.549,1902.329,1898.467,1900.021,3326,Sell
2023-08-22 09:00:00,1900.054,1903.766,1899.472,1902.853,3271,No Trade
2023-08-22 10:00:00,1902.844,1904.51,1901.98,1902.044,3261,Sell
2023-08-22 11:00:00,1902.033,1903.441,1901.55,1902.213,3273,No Trade
2023-08-22 12:00:00,1902.212,1903.468,1896.369,1897.455,5529,Sell
2023-08-22 13:00:00,1897.422,1897.652,1889.069,1890.438,7016,Sell
2023-08-22 14:00:00,1890.468,1895.917,1890.242,1895.223,6081,No Trade
2023-08-22 15:00:00,1895.19,1899.163,1895.138,1897.908,4408,No Trade
2023-08-22 16:00:00,1897.939,1898.976,1896.844,1897.404,3066,Sell
2023-08-22 17:00:00,1897.404,1898.484,1897.013,1897.776,2856,No Trade
2023-08-22 18:00:00,1897.773,1897.855,1896.47,1897.246,2234,No Trade
2023-08-22 19:00:00,1897.244,1897.743,1896.899,1897.671,2167,Buy
2023-08-22 20:00:00,1897.647,1897.92,1897.163,1897.639,1063,No Trade
2023-08-22 22:00:00,1897.592,1898.303,1897.433,1897.991,911,No Trade
2023-08-22 23:00:00,1897.991,1898.669,1897.799,1898.578,729,No Trade
2023-08-23 00:00:00,1898.576,1900.359,1898.532,1899.066,2269,Sell
2023-08-23 01:00:00,1899.072,1901.938,1898.861,1901.604,3439,No Trade
2023-08-23 02:00:00,1901.615,1902.955,1900.844,1901.075,3054,Sell
2023-08-23 03:00:00,1901.045,1902.142,1900.206,1901.624,2412,No Trade
2023-08-23 04:00:00,1901.624,1903.427,1900.78,1903.398,2436,No Trade
2023-08-23 05:00:00,1903.391,1904.026,1902.431,1902.679,2854,Sell
2023-08-23 06:00:00,1902.649,1904.765,1902.347,1902.968,3465,Sell
2023-08-23 07:00:00,1902.954,1904.419,1901.808,1903.687,4321,No Trade
2023-08-23 08:00:00,1903.653,1905.456,1903.58,1903.81,3750,Sell
2023-08-23 09:00:00,1903.818,1905.217,1901.942,1902.717,3371,Sell
2023-08-23 10:00:00,1902.697,1904.114,1901.335,1903.324,3005,No Trade
2023-08-23 11:00:00,1903.294,1904.64,1902.872,1903.359,3217,Sell
2023-08-23 12:00:00,1903.36,1908.484,1902.711,1903.786,5594,Sell
2023-08-23 13:00:00,1903.817,1918.832,1903.007,1918.001,10142,Buy
2023-08-23 14:00:00,1918.12,1918.353,1914.587,1915.698,7988,No Trade
2023-08-23 15:00:00,1915.672,1918.368,1915.515,1918.368,4147,Buy
2023-08-23 16:00:00,1918.37,1920.392,1918.3,1919.803,3473,No Trade
2023-08-23 17:00:00,1919.832,1919.897,1917.521,1918.074,3263,Sell
2023-08-23 18:00:00,1918.043,1918.212,1916.364,1916.739,2823,Sell
2023-08-23 19:00:00,1916.729,1917.613,1916.504,1916.931,2526,Sell
2023-08-23 20:00:00,1916.902,1917.017,1914.542,1915.423,1785,Sell
2023-08-23 22:00:00,1915.414,1917.669,1915.363,1917.097,1472,No Trade
2023-08-23 23:00:00,1917.098,1918.105,1916.326,1917.949,1654,Buy
2023-08-24 00:00:00,1917.949,1919.274,1917.395,1918.677,2256,No Trade
2023-08-24 01:00:00,1918.679,1919.122,1917.611,1918.828,3148,Buy
2023-08-24 02:00:00,1918.826,1920.934,1918.774,1919.957,3397,No Trade
2023-08-24 03:00:00,1919.951,1921.7,1919.494,1920.967,2843,No Trade
2023-08-24 04:00:00,1920.97,1922.349,1920.086,1921.126,2747,No Trade
2023-08-24 05:00:00,1921.126,1922.434,1920.36,1921.586,3175,No Trade
2023-08-24 06:00:00,1921.603,1922.918,1920.8,1921.711,3990,No Trade
2023-08-24 07:00:00,1921.711,1922.207,1919.578,1919.621,3807,Sell
2023-08-24 08:00:00,1919.654,1922.038,1919.57,1920.401,3176,Sell
2023-08-24 09:00:00,1920.387,1921.037,1919.388,1919.628,2931,Sell
2023-08-24 10:00:00,1919.648,1920.784,1918.862,1919.363,2907,Sell
2023-08-24 11:00:00,1919.351,1919.708,1916.494,1916.667,3044,Sell
2023-08-24 12:00:00,1916.666,1916.759,1911.769,1915.114,5979,No Trade
2023-08-24 13:00:00,1915.144,1916.819,1911.942,1916.194,6368,Buy
2023-08-24 14:00:00,1916.169,1923.271,1916.157,1921.466,6321,No Trade
2023-08-24 15:00:00,1921.502,1922.294,1920.078,1921.107,4289,No Trade
2023-08-24 16:00:00,1921.074,1921.508,1917.479,1918.402,3184,Sell
2023-08-24 17:00:00,1918.4,1919.67,1916.815,1917.21,2923,Sell
2023-08-24 18:00:00,1917.246,1918.107,1916.735,1916.952,2605,Sell
2023-08-24 19:00:00,1916.96,1918.154,1916.838,1916.838,2588,Sell
2023-08-24 20:00:00,1916.875,1917.581,1916.368,1916.81,1280,No Trade
2023-08-24 22:00:00,1917.033,1917.332,1916.685,1916.988,913,No Trade
2023-08-24 23:00:00,1916.988,1916.988,1915.738,1915.947,1417,Sell
2023-08-25 00:00:00,1915.945,1916.628,1915.25,1915.577,2066,Sell
2023-08-25 01:00:00,1915.577,1917.616,1914.773,1917.082,3261,No Trade
2023-08-25 02:00:00,1917.049,1917.206,1914.448,1914.94,2942,Sell
2023-08-25 03:00:00,1914.91,1915.059,1913.247,1913.517,2248,Sell
2023-08-25 04:00:00,1913.516,1914.874,1913.368,1913.816,2496,Sell
2023-08-25 05:00:00,1913.821,1914.769,1913.151,1914.426,2638,No Trade
2023-08-25 06:00:00,1914.506,1915.136,1912.898,1913.126,3246,Sell
2023-08-25 07:00:00,1913.156,1916.104,1913.156,1914.249,3390,Sell
2023-08-25 08:00:00,1914.246,1915.496,1913.39,1915.451,2958,No Trade
2023-08-25 09:00:00,1915.447,1918.029,1915.253,1916.151,2751,Sell
2023-08-25 10:00:00,1916.15,1917.886,1915.764,1917.794,2494,No Trade
2023-08-25 11:00:00,1917.792,1918.475,1916.221,1918.376,2810,Buy
2023-08-25 12:00:00,1918.345,1920.334,1916.489,1917.266,4273,Sell
2023-08-25 13:00:00,1917.303,1917.706,1913.415,1915.488,5238,No Trade
2023-08-25 14:00:00,1915.463,1922.313,1903.696,1904.698,15937,Sell
2023-08-25 15:00:00,1904.667,1910.62,1904.026,1907.847,7092,No Trade
2023-08-25 16:00:00,1907.884,1910.714,1907.68,1910.098,3811,No Trade
2023-08-25 17:00:00,1910.111,1912.765,1909.987,1912.376,3474,No Trade
2023-08-25 18:00:00,1912.384,1914.794,1911.977,1913.436,3212,No Trade
2023-08-25 19:00:00,1913.405,1914.441,1912.209,1914.41,2696,Buy
2023-08-25 20:00:00,1914.392,1915.017,1913.387,1914.421,1374,No Trade
2023-08-27 22:00:00,1916.074,1916.119,1914.655,1914.948,1295,Sell
2023-08-27 23:00:00,1914.986,1916.168,1914.422,1915.128,2014,No Trade
2023-08-28 00:00:00,1915.129,1916.701,1914.649,1915.818,2138,No Trade
2023-08-28 01:00:00,1915.784,1917.452,1915.314,1915.575,3832,Sell
2023-08-28 02:00:00,1915.586,1916.28,1915.195,1915.54,2575,No Trade
2023-08-28 03:00:00,1915.54,1917.094,1915.4,1916.322,2191,No Trade
2023-08-28 04:00:00,1916.322,1916.786,1914.796,1915.664,1892,Sell
2023-08-28 05:00:00,1915.672,1917.677,1915.258,1915.714,2674,Sell
2023-08-28 06:00:00,1915.715,1917.819,1915.715,1915.991,2940,Sell
2023-08-28 07:00:00,1915.991,1916.42,1914.394,1914.564,2796,Sell
2023-08-28 08:00:00,1914.595,1915.303,1913.577,1914.729,2725,No Trade
2023-08-28 09:00:00,1914.73,1915.741,1914.004,1914.163,2228,Sell
2023-08-28 10:00:00,1914.159,1915.248,1913.835,1915.248,2315,No Trade
2023-08-28 11:00:00,1915.249,1915.534,1914.491,1914.857,2469,Sell
2023-08-28 12:00:00,1914.857,1917.313,1913.44,1917.158,3966,Buy
2023-08-28 13:00:00,1917.157,1918.84,1912.859,1918.178,5551,Buy
2023-08-28 14:00:00,1918.154,1919.94,1917.353,1918.779,4620,No Trade
2023-08-28 15:00:00,1918.81,1926.091,1918.145,1924.832,4685,No Trade
2023-08-28 16:00:00,1924.827,1925.295,1920.305,1920.749,3393,Sell
2023-08-28 17:00:00,1920.747,1920.852,1916.953,1920.401,3332,Buy
2023-08-28 18:00:00,1920.427,1920.572,1919.533,1919.622,2238,Sell
2023-08-28 19:00:00,1919.621,1920.647,1919.557,1919.759,2114,Sell
2023-08-28 20:00:00,1919.776,1920.441,1919.691,1920.213,1032,No Trade
2023-08-28 22:00:00,1920.176,1920.98,1920.175,1920.849,766,No Trade
2023-08-28 23:00:00,1920.849,1921.676,1920.765,1921.286,990,Sell
2023-08-29 00:00:00,1921.299,1922.13,1921.109,1921.712,1750,No Trade
2023-08-29 01:00:00,1921.713,1923.11,1921.427,1922.116,2855,Sell
2023-08-29 02:00:00,1922.118,1924.009,1921.513,1923.823,2581,No Trade
2023-08-29 03:00:00,1923.856,1925.863,1923.696,1925.46,2625,No Trade
2023-08-29 04:00:00,1925.448,1925.643,1923.958,1924.001,2054,Sell
2023-08-29 05:00:00,1923.978,1925.647,1923.343,1924.518,2329,No Trade
2023-08-29 06:00:00,1924.483,1925.33,1922.946,1923.01,2915,Sell
2023-08-29 07:00:00,1922.977,1924.987,1921.685,1923.283,3316,No Trade
2023-08-29 08:00:00,1923.316,1924.345,1922.319,1922.924,2952,Sell
2023-08-29 09:00:00,1922.894,1924.507,1922.616,1924.374,2772,Sell
2023-08-29 10:00:00,1924.406,1924.423,1920.243,1920.336,3053,Sell
2023-08-29 11:00:00,1920.329,1920.493,1916.794,1917.284,3332,Sell
2023-08-29 12:00:00,1917.284,1917.307,1914.522,1917.084,4877,Buy
2023-08-29 13:00:00,1917.088,1921.972,1916.836,1921.156,5379,No Trade
2023-08-29 14:00:00,1921.123,1934.857,1920.97,1934.17,11344,Buy
2023-08-29 15:00:00,1934.191,1937.68,1932.772,1936.827,4749,No Trade
2023-08-29 16:00:00,1936.801,1937.727,1934.139,1936.336,3571,No Trade
2023-08-29 17:00:00,1936.337,1938.209,1935.929,1937.233,3624,No Trade
2023-08-29 18:00:00,1937.236,1937.293,1935.262,1937.131,2599,Buy
2023-08-29 19:00:00,1937.1,1938.22,1936.452,1938.091,2296,No Trade
2023-08-29 20:00:00,1938.118,1938.118,1937.328,1937.474,1248,No Trade
2023-08-29 22:00:00,1937.34,1937.667,1936.756,1937.23,1228,No Trade
2023-08-29 23:00:00,1937.229,1937.589,1936.024,1936.268,1408,Sell
2023-08-30 00:00:00,1936.276,1937.288,1936.024,1936.839,2035,No Trade
2023-08-30 01:00:00,1936.839,1937.097,1935.46,1936.239,3108,Sell
2023-08-30 02:00:00,1936.239,1937.567,1936.211,1936.796,2831,Sell
2023-08-30 03:00:00,1936.826,1937.025,1935.983,1936.839,1997,Buy
2023-08-30 04:00:00,1936.838,1937.177,1935.941,1936.131,1892,Sell
2023-08-30 05:00:00,1936.131,1936.936,1935.339,1935.439,2556,Sell
2023-08-30 06:00:00,1935.435,1936.931,1935.251,1936.224,3162,No Trade
2023-08-30 07:00:00,1936.208,1936.829,1935.04,1936.558,3222,Buy
2023-08-30 08:00:00,1936.588,1936.987,1935.545,1936.666,3288,Buy
2023-08-30 09:00:00,1936.631,1938.788,1936.037,1938.132,3008,No Trade
2023-08-30 10:00:00,1938.12,1938.377,1936.735,1938.008,2624,Buy
2023-08-30 11:00:00,1937.977,1939.706,1937.297,1939.165,3045,No Trade
2023-08-30 12:00:00,1939.153,1945.803,1938.847,1945.234,8379,No Trade
2023-08-30 13:00:00,1945.192,1948.635,1942.905,1947.515,7684,Buy
2023-08-30 14:00:00,1947.481,1949.106,1945.137,1946.636,6604,No Trade
2023-08-30 15:00:00,1946.671,1947.042,1944.149,1945.011,4321,Sell
2023-08-30 16:00:00,1944.98,1945.069,1943.159,1944.952,3480,Buy
2023-08-30 17:00:00,1944.955,1945.664,1943.58,1943.747,2639,Sell
2023-08-30 18:00:00,1943.754,1944.516,1942.882,1943.916,2575,No Trade
2023-08-30 19:00:00,1943.9,1943.948,1943.126,1943.485,2102,Sell
2023-08-30 20:00:00,1943.509,1943.68,1942.173,1942.473,1560,Sell
2023-08-30 22:00:00,1943.106,1945.524,1942.858,1944.649,2001,No Trade
2023-08-30 23:00:00,1944.646,1944.819,1943.853,1944.285,1558,Sell
2023-08-31 00:00:00,1944.295,1945.566,1944.206,1945.413,1806,No Trade
2023-08-31 01:00:00,1945.419,1947.703,1945.403,1947.27,3159,No Trade
2023-08-31 02:00:00,1947.266,1947.76,1945.593,1946.233,2518,Sell
2023-08-31 03:00:00,1946.228,1946.232,1944.801,1945.236,2240,Sell
2023-08-31 04:00:00,1945.205,1946.061,1944.956,1945.831,1643,No Trade
2023-08-31 05:00:00,1945.832,1946.007,1944.575,1945.41,2491,No Trade
2023-08-31 06:00:00,1945.425,1945.779,1943.295,1943.858,2938,No Trade
2023-08-31 07:00:00,1943.895,1946.353,1943.895,1945.135,3222,Sell
2023-08-31 08:00:00,1945.143,1945.549,1944.408,1944.463,2834,Sell
2023-08-31 09:00:00,1944.433,1945.232,1943.72,1944.833,2964,No Trade
2023-08-31 10:00:00,1944.831,1945.41,1943.963,1944.355,2535,Sell
2023-08-31 11:00:00,1944.358,1945.969,1943.881,1945.733,3037,No Trade
2023-08-31 12:00:00,1945.735,1947.785,1943.148,1945.883,6515,No Trade
2023-08-31 13:00:00,1945.914,1946.477,1940.45,1943.775,7925,No Trade
2023-08-31 14:00:00,1943.805,1945.134,1941.084,1942.93,5865,No Trade
2023-08-31 15:00:00,1942.961,1943.776,1939.133,1940.692,4561,Sell
2023-08-31 16:00:00,1940.695,1942.548,1940.61,1941.778,3062,No Trade
2023-08-31 17:00:00,1941.781,1941.895,1939.147,1940.522,2873,Sell
2023-08-31 18:00:00,1940.524,1942.154,1940.351,1941.428,2216,Sell
2023-08-31 19:00:00,1941.435,1941.729,1939.986,1940.119,2386,Sell
2023-08-31 20:00:00,1940.154,1940.609,1939.44,1939.856,1360,Sell
2023-08-31 22:00:00,1940.16,1940.377,1939.86,1940.185,1248,No Trade
2023-08-31 23:00:00,1940.185,1940.189,1939.143,1939.924,1244,No Trade
2023-09-01 00:00:00,1939.928,1940.335,1938.738,1939.376,2016,No Trade
2023-09-01 01:00:00,1939.402,1944.039,1939.393,1942.627,3684,No Trade
2023-09-01 02:00:00,1942.636,1942.694,1940.074,1940.576,2721,Sell
2023-09-01 03:00:00,1940.54,1940.54,1938.846,1939.007,2329,Sell
2023-09-01 04:00:00,1938.999,1940.26,1938.291,1940.054,1776,No Trade
2023-09-01 05:00:00,1940.054,1940.73,1939.29,1939.807,2262,Sell
2023-09-01 06:00:00,1939.838,1940.499,1938.503,1940.426,3280,Buy
2023-09-01 07:00:00,1940.462,1943.558,1940.356,1943.172,3201,No Trade
2023-09-01 08:00:00,1943.164,1943.821,1941.973,1943.025,2791,No Trade
2023-09-01 09:00:00,1943.027,1944.542,1942.962,1944.293,2462,No Trade
2023-09-01 10:00:00,1944.292,1944.459,1943.533,1944.353,2324,Buy
2023-09-01 11:00:00,1944.352,1945.922,1944.077,1944.542,2944,Sell
2023-09-01 12:00:00,1944.532,1952.726,1944.317,1949.851,8905,No Trade
2023-09-01 13:00:00,1949.884,1951.497,1940.194,1943.914,10420,Sell
2023-09-01 14:00:00,1943.873,1943.873,1934.499,1940.155,10483,No Trade
2023-09-01 15:00:00,1940.133,1940.556,1936.785,1938.879,4627,No Trade
2023-09-01 16:00:00,1938.88,1939.9,1937.677,1938.183,3332,Sell
2023-09-01 17:00:00,1938.189,1941.63,1937.41,1941.206,2918,No Trade
2023-09-01 18:00:00,1941.206,1941.247,1940.333,1941.159,2125,Buy
2023-09-01 19:00:00,1941.129,1941.406,1940.505,1940.59,2107,Sell
2023-09-01 20:00:00,1940.591,1940.767,1939.325,1939.804,1227,Sell
2023-09-03 22:00:00,1940.087,1940.305,1939.506,1939.634,906,Sell
2023-09-03 23:00:00,1939.637,1941.1,1939.608,1940.658,1237,No Trade
2023-09-04 00:00:00,1940.657,1941.748,1940.198,1940.985,1939,No Trade
2023-09-04 01:00:00,1940.98,1944.059,1940.54,1943.082,3642,No Trade
2023-09-04 02:00:00,1943.112,1946.14,1943.076,1945.746,2978,No Trade
2023-09-04 03:00:00,1945.748,1946.06,1944.96,1945.031,2001,Sell
2023-09-04 04:00:00,1945.021,1945.241,1944.366,1945.178,1652,Buy
2023-09-04 05:00:00,1945.176,1945.903,1944.144,1944.561,2661,Sell
2023-09-04 06:00:00,1944.565,1946.332,1944.466,1945.153,3147,Sell
2023-09-04 07:00:00,1945.153,1945.295,1943.178,1943.88,3159,No Trade
2023-09-04 08:00:00,1943.875,1944.517,1942.745,1943.911,2494,No Trade
2023-09-04 09:00:00,1943.905,1944.262,1940.874,1941.034,2784,Sell
2023-09-04 10:00:00,1941.037,1942.791,1940.35,1940.525,2462,Sell
2023-09-04 11:00:00,1940.533,1942.01,1939.916,1941.689,2249,No Trade
2023-09-04 12:00:00,1941.7,1941.78,1939.953,1940.01,2460,Sell
2023-09-04 13:00:00,1940.01,1940.257,1937.96,1938.297,3665,Sell
2023-09-04 14:00:00,1938.26,1938.81,1936.788,1938.401,2971,Buy
2023-09-04 15:00:00,1938.4,1939.087,1938.164,1938.698,2126,No Trade
2023-09-04 16:00:00,1938.697,1938.922,1938.035,1938.392,1693,Sell
2023-09-04 17:00:00,1938.391,1938.433,1938.031,1938.218,242,Sell
2023-09-04 22:00:00,1938.557,1938.842,1938.041,1938.171,973,Sell
2023-09-04 23:00:00,1938.17,1938.652,1937.728,1937.759,1064,Sell
2023-09-05 00:00:00,1937.651,1938.028,1937.045,1937.889,1863,Buy
2023-09-05 01:00:00,1937.88,1938.718,1934.935,1935.885,3170,Sell
2023-09-05 02:00:00,1935.887,1937.561,1935.258,1937.12,2915,No Trade
2023-09-05 03:00:00,1937.13,1937.461,1936.171,1937.026,2243,No Trade
2023-09-05 04:00:00,1937.026,1938.988,1936.981,1938.65,1916,No Trade
2023-09-05 05:00:00,1938.652,1939.027,1936.654,1937.124,2582,Sell
2023-09-05 06:00:00,1937.148,1937.339,1935.272,1936.79,3549,No Trade
2023-09-05 07:00:00,1936.822,1938.335,1935.576,1935.641,3478,Sell
2023-09-05 08:00:00,1935.64,1935.724,1932.289,1933.488,3378,Sell
2023-09-05 09:00:00,1933.493,1933.514,1930.6,1930.779,3209,Sell
2023-09-05 10:00:00,1930.749,1932.434,1930.283,1931.152,2854,Sell
2023-09-05 11:00:00,1931.152,1931.941,1930.011,1930.528,3183,Sell
2023-09-05 12:00:00,1930.498,1934.681,1928.014,1933.845,6709,Buy
2023-09-05 13:00:00,1933.883,1934.292,1926.796,1927.865,7842,Sell
2023-09-05 14:00:00,1927.898,1928.358,1925.437,1927.475,6258,No Trade
2023-09-05 15:00:00,1927.494,1928.999,1926.17,1926.17,4154,Sell
2023-09-05 16:00:00,1926.139,1927.978,1926.102,1927.299,3039,No Trade
2023-09-05 17:00:00,1927.334,1927.513,1926.303,1926.57,2658,Sell
2023-09-05 18:00:00,1926.569,1927.536,1926.008,1926.046,2140,Sell
2023-09-05 19:00:00,1926.047,1927.358,1925.512,1925.88,2277,Sell
2023-09-05 20:00:00,1925.911,1926.487,1925.487,1925.989,1265,No Trade
2023-09-05 22:00:00,1926.379,1926.569,1926.096,1926.445,740,No Trade
2023-09-05 23:00:00,1926.446,1926.983,1925.91,1926.659,1460,No Trade
2023-09-06 00:00:00,1926.669,1926.782,1924.508,1924.77,2031,Sell
2023-09-06 01:00:00,1924.77,1925.693,1924.289,1924.89,3310,No Trade
2023-09-06 02:00:00,1924.921,1926.795,1924.446,1926.461,2505,No Trade
2023-09-06 03:00:00,1926.449,1926.682,1925.809,1926.601,2223,Buy
2023-09-06 04:00:00,1926.594,1927.411,1926.518,1927.302,1742,No Trade
2023-09-06 05:00:00,1927.334,1928.528,1927.225,1928.272,2588,No Trade
2023-09-06 06:00:00,1928.264,1928.397,1925.686,1926.166,3121,Sell
2023-09-06 07:00:00,1926.161,1926.679,1922.906,1922.906,4078,Sell
2023-09-06 08:00:00,1922.94,1924.969,1922.553,1924.785,3153,No Trade
2023-09-06 09:00:00,1924.783,1925.578,1922.905,1925.34,2777,Buy
2023-09-06 10:00:00,1925.371,1927.708,1925.363,1926.51,2889,No Trade
2023-09-06 11:00:00,1926.541,1927.026,1925.364,1925.471,2767,Sell
2023-09-06 12:00:00,1925.463,1927.343,1923.185,1923.254,4261,Sell
2023-09-06 13:00:00,1923.222,1929.179,1921.199,1928.215,7155,No Trade
2023-09-06 14:00:00,1928.17,1928.17,1915.343,1918.197,9894,Sell
2023-09-06 15:00:00,1918.183,1918.319,1915.586,1916.836,4428,Sell
2023-09-06 16:00:00,1916.839,1920.298,1916.312,1920.047,3210,No Trade
2023-09-06 17:00:00,1920.047,1920.722,1917.596,1917.714,2784,Sell
2023-09-06 18:00:00,1917.714,1918.197,1916.059,1917.714,2128,Sell
2023-09-06 19:00:00,1917.713,1917.775,1916.402,1916.742,2087,Sell
2023-09-06 20:00:00,1916.772,1917.086,1916.021,1916.451,1296,Sell
2023-09-06 22:00:00,1917.526,1918.203,1917.367,1917.609,1241,Sell
2023-09-06 23:00:00,1917.62,1917.933,1917.004,1917.191,1181,Sell
2023-09-07 00:00:00,1917.186,1917.189,1916.383,1916.877,1883,No Trade
2023-09-07 01:00:00,1916.879,1919.69,1916.711,1919.567,2955,No Trade
2023-09-07 02:00:00,1919.597,1919.858,1917.798,1919.826,2584,Buy
2023-09-07 03:00:00,1919.819,1920.762,1919.471,1920.217,2356,No Trade
2023-09-07 04:00:00,1920.2,1920.309,1918.096,1919.041,2031,Sell
2023-09-07 05:00:00,1919.031,1919.375,1917.489,1917.562,2586,Sell
2023-09-07 06:00:00,1917.538,1919.841,1917.538,1918.456,3164,Sell
2023-09-07 07:00:00,1918.49,1918.778,1917.169,1918.444,3338,No Trade
2023-09-07 08:00:00,1918.412,1919.35,1917.436,1918.906,2941,Buy
2023-09-07 09:00:00,1918.917,1920.553,1918.67,1920.31,2682,No Trade
2023-09-07 10:00:00,1920.287,1921.208,1919.582,1920.114,2506,No Trade
2023-09-07 11:00:00,1920.112,1922.357,1920.064,1921.873,2999,No Trade
2023-09-07 12:00:00,1921.887,1923.536,1916.232,1923.233,6043,No Trade
2023-09-07 13:00:00,1923.199,1923.514,1918.225,1919.971,6806,No Trade
2023-09-07 14:00:00,1920.04,1921.554,1917.262,1918.111,4973,No Trade
2023-09-07 15:00:00,1918.084,1921.402,1917.28,1921.006,3652,No Trade
2023-09-07 16:00:00,1921.003,1921.478,1918.088,1918.102,2541,No Trade
2023-09-07 17:00:00,1918.092,1919.362,1917.514,1918.455,2449,No Trade
2023-09-07 18:00:00,1918.457,1920.768,1918.11,1920.393,2199,No Trade
2023-09-07 19:00:00,1920.385,1920.594,1918.715,1918.816,1847,Sell
2023-09-07 20:00:00,1918.848,1919.809,1918.848,1919.619,1096,No Trade
2023-09-07 22:00:00,1919.654,1920.218,1919.415,1919.845,933,No Trade
2023-09-07 23:00:00,1919.843,1920.394,1919.838,1920.347,1125,Buy
2023-09-08 00:00:00,1920.355,1924.473,1920.163,1923.777,3299,No Trade
2023-09-08 01:00:00,1923.769,1926.091,1922.972,1925.943,4410,No Trade
2023-09-08 02:00:00,1925.944,1927.231,1925.134,1926.029,3050,No Trade
2023-09-08 03:00:00,1926.006,1926.3,1924.429,1925.005,2078,Sell
2023-09-08 04:00:00,1925.005,1925.11,1924.336,1924.567,1724,Sell
2023-09-08 05:00:00,1924.567,1925.977,1924.362,1925.748,2236,No Trade
2023-09-08 06:00:00,1925.748,1927.336,1924.945,1925.396,3205,Sell
2023-09-08 07:00:00,1925.397,1926.022,1923.91,1924.173,3247,Sell
2023-09-08 08:00:00,1924.166,1924.836,1923.441,1924.756,2988,Buy
2023-09-08 09:00:00,1924.752,1925.913,1923.983,1925.263,2772,No Trade
2023-09-08 10:00:00,1925.272,1925.639,1923.441,1923.572,2364,Sell
2023-09-08 11:00:00,1923.602,1923.99,1922.708,1923.053,2739,Sell
2023-09-08 12:00:00,1923.054,1926.109,1920.445,1920.477,4449,Sell
2023-09-08 13:00:00,1920.508,1928.82,1920.228,1928.562,6134,Buy
2023-09-08 14:00:00,1928.531,1929.658,1923.888,1923.904,6021,Sell
2023-09-08 15:00:00,1923.935,1924.287,1919.249,1919.646,4249,Sell
2023-09-08 16:00:00,1919.645,1919.949,1917.318,1919.741,3090,Buy
2023-09-08 17:00:00,1919.749,1920.544,1918.869,1920.517,2327,Buy
2023-09-08 18:00:00,1920.518,1920.731,1918.461,1918.628,1879,Sell
2023-09-08 19:00:00,1918.628,1919.444,1918.172,1919.256,1684,No Trade
2023-09-08 20:00:00,1919.246,1919.448,1918.856,1919.073,1009,Sell
2023-09-10 22:00:00,1919.721,1919.753,1918.016,1918.356,1773,Sell
2023-09-10 23:00:00,1918.355,1919.734,1916.676,1918.901,2230,No Trade
2023-09-11 00:00:00,1918.895,1920.309,1918.416,1920.111,2801,No Trade
2023-09-11 01:00:00,1920.113,1923.198,1919.186,1922.5,3838,No Trade
2023-09-11 02:00:00,1922.493,1924.14,1922.399,1922.767,3254,Sell
2023-09-11 03:00:00,1922.764,1923.669,1922.384,1923.374,2529,No Trade
2023-09-11 04:00:00,1923.374,1926.721,1923.021,1926.481,3120,No Trade
2023-09-11 05:00:00,1926.447,1928.087,1926.068,1927.722,3849,No Trade
2023-09-11 06:00:00,1927.731,1928.702,1926.389,1927.945,3650,No Trade
2023-09-11 07:00:00,1927.953,1930.685,1926.341,1926.522,3858,Sell
2023-09-11 08:00:00,1926.492,1927.845,1925.443,1927.807,3233,Buy
2023-09-11 09:00:00,1927.775,1928.077,1925.376,1925.418,2910,Sell
2023-09-11 10:00:00,1925.413,1926.375,1924.798,1925.842,2710,No Trade
2023-09-11 11:00:00,1925.81,1926.562,1924.723,1925.267,2907,Sell
2023-09-11 12:00:00,1925.26,1927.304,1924.302,1927.269,4296,No Trade
2023-09-11 13:00:00,1927.26,1930.084,1924.476,1925.913,5846,Sell
2023-09-11 14:00:00,1925.88,1926.721,1921.618,1922.647,5712,Sell
2023-09-11 15:00:00,1922.634,1924.435,1921.444,1923.087,3690,No Trade
2023-09-11 16:00:00,1923.087,1925.138,1922.84,1923.471,2725,Sell
2023-09-11 17:00:00,1923.477,1924.343,1922.465,1922.698,2543,Sell
2023-09-11 18:00:00,1922.701,1922.969,1921.536,1921.897,2148,Sell
2023-09-11 19:00:00,1921.915,1923.175,1921.631,1922.8,2141,No Trade
2023-09-11 20:00:00,1922.768,1922.768,1922.273,1922.37,917,Sell
2023-09-11 22:00:00,1922.799,1923.336,1922.559,1922.563,921,Sell
2023-09-11 23:00:00,1922.56,1922.56,1921.305,1921.724,1406,Sell
2023-09-12 00:00:00,1921.69,1922.648,1921.265,1921.589,2038,No Trade
2023-09-12 01:00:00,1921.578,1923.497,1920.411,1921.944,3394,No Trade
2023-09-12 02:00:00,1921.933,1923.393,1921.332,1923.065,2982,No Trade
2023-09-12 03:00:00,1923.066,1924.382,1922.308,1923.723,2238,No Trade
2023-09-12 04:00:00,1923.723,1924.547,1922.3,1922.316,2221,Sell
2023-09-12 05:00:00,1922.314,1922.398,1919.982,1920.278,2777,Sell
2023-09-12 06:00:00,1920.31,1920.741,1918.925,1920.034,3002,No Trade
2023-09-12 07:00:00,1920.013,1920.152,1918.863,1919.068,2966,Sell
2023-09-12 08:00:00,1919.067,1921.398,1918.705,1919.814,3040,No Trade
2023-09-12 09:00:00,1919.815,1920.105,1918.641,1919.019,2607,Sell
2023-09-12 10:00:00,1919.03,1919.669,1914.818,1915.622,3666,Sell
2023-09-12 11:00:00,1915.643,1915.643,1910.981,1913.036,3945,Sell
2023-09-12 12:00:00,1913.036,1913.036,1908.627,1909.808,5441,Sell
2023-09-12 13:00:00,1909.778,1911.885,1907.507,1909.296,6475,No Trade
2023-09-12 14:00:00,1909.277,1914.648,1908.471,1911.97,5577,Sell
2023-09-12 15:00:00,1912.004,1913.778,1911.744,1912.511,3530,Sell
2023-09-12 16:00:00,1912.522,1915.107,1911.78,1912.432,3021,Sell
2023-09-12 17:00:00,1912.4,1913.349,1911.845,1912.078,2698,Sell
2023-09-12 18:00:00,1912.1,1913.503,1911.88,1913.431,2221,No Trade
2023-09-12 19:00:00,1913.429,1913.626,1912.685,1913.042,1983,Sell
2023-09-12 20:00:00,1913.027,1913.631,1912.697,1913.511,1392,No Trade
2023-09-12 22:00:00,1913.109,1913.844,1913.109,1913.535,834,No Trade
2023-09-12 23:00:00,1913.536,1913.878,1912.534,1912.958,1244,Sell
2023-09-13 00:00:00,1912.957,1913.716,1912.513,1912.627,2139,Sell
2023-09-13 01:00:00,1912.627,1913.881,1910.783,1911.431,3376,Sell
2023-09-13 02:00:00,1911.462,1911.886,1908.959,1909.16,2941,Sell
2023-09-13 03:00:00,1909.159,1909.705,1908.268,1909.704,2609,Buy
2023-09-13 04:00:00,1909.702,1912.02,1909.513,1911.674,2334,No Trade
2023-09-13 05:00:00,1911.673,1912.7,1909.305,1910.331,2828,Sell
2023-09-13 06:00:00,1910.27,1910.563,1908.294,1910.009,3579,Buy
2023-09-13 07:00:00,1909.986,1912.178,1909.333,1912.097,3458,No Trade
2023-09-13 08:00:00,1912.088,1912.623,1911.22,1912.261,2964,Buy
2023-09-13 09:00:00,1912.254,1912.496,1910.84,1911.272,2701,Sell
2023-09-13 10:00:00,1911.271,1912.608,1910.839,1912.608,2491,No Trade
2023-09-13 11:00:00,1912.639,1913.155,1911.431,1912.362,2794,No Trade
2023-09-13 12:00:00,1912.362,1914.46,1905.47,1912.335,11708,Buy
2023-09-13 13:00:00,1912.366,1915.711,1909.419,1913.416,8392,No Trade
2023-09-13 14:00:00,1913.455,1914.7,1909.829,1912.734,6359,No Trade
2023-09-13 15:00:00,1912.73,1913.592,1909.23,1910.475,3973,No Trade
2023-09-13 16:00:00,1910.476,1911.731,1908.962,1909.425,3386,Sell
2023-09-13 17:00:00,1909.395,1911.237,1908.229,1910.139,3021,No Trade
2023-09-13 18:00:00,1910.117,1910.391,1908.909,1909.416,2252,Sell
2023-09-13 19:00:00,1909.416,1909.416,1908.496,1908.839,2306,Sell
2023-09-13 20:00:00,1908.867,1908.987,1908.229,1908.317,1157,Sell
2023-09-13 22:00:00,1908.986,1909.876,1908.842,1908.89,1255,Sell
2023-09-13 23:00:00,1908.89,1909.663,1907.595,1909.276,1586,Buy
2023-09-14 00:00:00,1909.269,1912.89,1909.049,1912.719,2331,No Trade
2023-09-14 01:00:00,1912.711,1912.956,1910.688,1911.25,3860,Sell
2023-09-14 02:00:00,1911.219,1911.396,1908.863,1910.018,3536,Sell
2023-09-14 03:00:00,1910.028,1910.622,1908.878,1909.743,2501,No Trade
2023-09-14 04:00:00,1909.741,1910.745,1909.25,1909.441,2035,Sell
2023-09-14 05:00:00,1909.452,1911.083,1907.835,1908.114,3004,Sell
2023-09-14 06:00:00,1908.114,1908.689,1907.061,1907.39,3338,Sell
2023-09-14 07:00:00,1907.421,1907.562,1905.266,1905.918,3298,Sell
2023-09-14 08:00:00,1905.917,1907.414,1905.598,1907.356,3117,Sell
2023-09-14 09:00:00,1907.35,1907.587,1906.157,1906.407,2510,Sell
2023-09-14 10:00:00,1906.406,1909.178,1906.312,1909.112,2890,Buy
2023-09-14 11:00:00,1909.142,1909.165,1907.267,1907.558,2867,Sell
2023-09-14 12:00:00,1907.588,1910.306,1901.26,1904.53,9715,Sell
2023-09-14 13:00:00,1904.496,1907.597,1902.053,1903.188,10245,Sell
2023-09-14 14:00:00,1903.154,1910.523,1901.074,1908.588,6725,No Trade
2023-09-14 15:00:00,1908.557,1911.432,1905.827,1908.013,4755,No Trade
2023-09-14 16:00:00,1908.02,1912.13,1908.003,1910.266,4211,Sell
2023-09-14 17:00:00,1910.287,1911.481,1908.444,1908.779,3083,Sell
2023-09-14 18:00:00,1908.778,1909.533,1908.145,1908.284,2392,Sell
2023-09-14 19:00:00,1908.287,1909.533,1908.279,1909.512,2218,Buy
2023-09-14 20:00:00,1909.477,1910.732,1909.278,1910.732,1274,Buy
2023-09-14 22:00:00,1910.979,1911.012,1910.319,1910.436,1158,Sell
2023-09-14 23:00:00,1910.436,1911.126,1909.835,1909.835,1461,Sell
2023-09-15 00:00:00,1909.866,1911.59,1909.866,1911.337,2299,No Trade
2023-09-15 01:00:00,1911.338,1915.417,1910.554,1915.364,4115,No Trade
2023-09-15 02:00:00,1915.357,1916.041,1914.742,1915.606,3228,No Trade
2023-09-15 03:00:00,1915.605,1915.977,1914.703,1915.65,2512,No Trade
2023-09-15 04:00:00,1915.638,1916.891,1915.258,1916.228,2084,No Trade
2023-09-15 05:00:00,1916.23,1916.327,1914.993,1916.306,3006,Buy
2023-09-15 06:00:00,1916.315,1919.605,1916.097,1918.728,4738,No Trade
2023-09-15 07:00:00,1918.745,1918.972,1915.546,1918.073,3908,No Trade
2023-09-15 08:00:00,1918.072,1918.526,1916.864,1918.089,3130,Buy
2023-09-15 09:00:00,1918.089,1919.271,1917.825,1918.058,2868,No Trade
2023-09-15 10:00:00,1918.072,1918.3,1917.15,1917.185,2555,Sell
2023-09-15 11:00:00,1917.188,1920.017,1916.797,1919.246,3140,No Trade
2023-09-15 12:00:00,1919.253,1920.549,1916.098,1917.15,5110,Sell
2023-09-15 13:00:00,1917.147,1926.84,1916.97,1924.665,7333,No Trade
2023-09-15 14:00:00,1924.641,1930.472,1924.641,1928.613,7648,No Trade
2023-09-15 15:00:00,1928.584,1929.741,1924.834,1926.478,4704,Sell
2023-09-15 16:00:00,1926.481,1927.904,1925.042,1925.404,3408,Sell
2023-09-15 17:00:00,1925.404,1925.914,1923.937,1924.788,3015,No Trade
2023-09-15 18:00:00,1924.788,1925.033,1923.957,1924.086,2316,Sell
2023-09-15 19:00:00,1924.091,1924.554,1922.453,1922.55,2407,Sell
2023-09-15 20:00:00,1922.583,1923.968,1922.478,1923.931,1767,No Trade
2023-09-17 22:00:00,1924.177,1924.63,1923.571,1923.73,1180,Sell
2023-09-17 23:00:00,1923.755,1923.762,1922.647,1923.327,1533,No Trade
2023-09-18 00:00:00,1923.327,1924.705,1923.292,1924.659,1926,Buy
2023-09-18 01:00:00,1924.658,1926.619,1923.453,1925.308,4308,No Trade
2023-09-18 02:00:00,1925.31,1928.784,1925.214,1928.213,3043,No Trade
2023-09-18 03:00:00,1928.218,1929.548,1928.051,1928.938,2444,No Trade
2023-09-18 04:00:00,1928.907,1929.468,1927.778,1928.245,2066,No Trade
2023-09-18 05:00:00,1928.248,1930.67,1927.894,1929.928,2460,No Trade
2023-09-18 06:00:00,1929.932,1930.396,1928.202,1928.597,4354,Sell
2023-09-18 07:00:00,1928.614,1929.249,1926.511,1926.54,3507,Sell
2023-09-18 08:00:00,1926.51,1926.68,1925.143,1926.177,3047,Sell
2023-09-18 09:00:00,1926.146,1926.988,1925.654,1926.957,2546,No Trade
2023-09-18 10:00:00,1926.954,1927.532,1926.404,1926.842,2593,No Trade
2023-09-18 11:00:00,1926.842,1928.226,1926.528,1926.87,2712,No Trade
2023-09-18 12:00:00,1926.855,1928.089,1923.605,1924.033,4208,Sell
2023-09-18 13:00:00,1924.045,1928.505,1923.535,1924.1,5585,Sell
2023-09-18 14:00:00,1924.068,1927.692,1922.888,1926.937,4883,No Trade
2023-09-18 15:00:00,1926.905,1929.479,1926.341,1929.065,3513,No Trade
2023-09-18 16:00:00,1929.098,1931.214,1927.811,1931.135,3064,No Trade
2023-09-18 17:00:00,1931.167,1933.525,1931.065,1932.217,2960,Sell
2023-09-18 18:00:00,1932.221,1932.322,1931.161,1931.563,2180,Sell
2023-09-18 19:00:00,1931.593,1933.634,1931.542,1933.382,2020,No Trade
2023-09-18 20:00:00,1933.351,1934.278,1933.134,1933.642,1383,No Trade
2023-09-18 22:00:00,1933.899,1934.05,1933.407,1933.721,1079,No Trade
2023-09-18 23:00:00,1933.728,1934.553,1933.413,1934.14,1310,No Trade
2023-09-19 00:00:00,1934.161,1934.634,1932.739,1932.795,2140,Sell
2023-09-19 01:00:00,1932.813,1933.368,1931.833,1933.04,3045,Buy
2023-09-19 02:00:00,1933.074,1933.464,1932.472,1932.954,2258,No Trade
2023-09-19 03:00:00,1932.95,1933.097,1932.189,1932.327,1823,Sell
2023-09-19 04:00:00,1932.326,1932.604,1931.39,1931.39,1689,Sell
2023-09-19 05:00:00,1931.388,1931.871,1930.341,1930.94,2321,Sell
2023-09-19 06:00:00,1930.944,1931.41,1929.9,1930.556,3144,Sell
2023-09-19 07:00:00,1930.586,1934.852,1930.586,1934.508,3266,No Trade
2023-09-19 08:00:00,1934.512,1934.984,1933.526,1933.817,2713,Sell
2023-09-19 09:00:00,1933.821,1935.435,1933.679,1935.235,2214,No Trade
2023-09-19 10:00:00,1935.238,1936.845,1934.632,1935.346,2367,No Trade
2023-09-19 11:00:00,1935.343,1936.1,1934.53,1935.307,2456,No Trade
2023-09-19 12:00:00,1935.315,1937.445,1934.235,1935.897,4447,No Trade
2023-09-19 13:00:00,1935.928,1936.409,1932.844,1934.821,5531,No Trade
2023-09-19 14:00:00,1934.791,1935.263,1931.101,1934.922,5263,No Trade
2023-09-19 15:00:00,1934.917,1935.051,1932.099,1933.156,3506,No Trade
2023-09-19 16:00:00,1933.17,1933.787,1930.885,1930.946,2872,Sell
2023-09-19 17:00:00,1930.936,1933.075,1930.691,1930.894,2794,Sell
2023-09-19 18:00:00,1930.892,1931.264,1929.823,1930.867,2381,Buy
2023-09-19 19:00:00,1930.845,1932.329,1930.772,1931.995,2029,No Trade
2023-09-19 20:00:00,1931.961,1931.961,1931.082,1931.34,1103,Sell
2023-09-19 22:00:00,1931.982,1932.407,1931.792,1931.898,1011,Sell
2023-09-19 23:00:00,1931.899,1931.899,1930.968,1931.419,1182,Sell
2023-09-20 00:00:00,1931.417,1931.591,1930.357,1930.726,1831,Sell
2023-09-20 01:00:00,1930.748,1930.779,1928.474,1930.005,3316,No Trade
2023-09-20 02:00:00,1930.02,1931.215,1929.995,1930.771,2607,No Trade
2023-09-20 03:00:00,1930.747,1931.474,1930.454,1930.651,1947,Sell
2023-09-20 04:00:00,1930.652,1930.921,1929.744,1929.858,1521,Sell
2023-09-20 05:00:00,1929.856,1931.793,1929.743,1931.233,2536,No Trade
2023-09-20 06:00:00,1931.236,1932.381,1929.931,1930.481,3537,Sell
2023-09-20 07:00:00,1930.45,1930.584,1928.002,1928.768,3387,Sell
2023-09-20 08:00:00,1928.737,1930.334,1928.708,1929.174,2891,Sell
2023-09-20 09:00:00,1929.165,1931.855,1929.165,1931.837,2614,Buy
2023-09-20 10:00:00,1931.837,1932.769,1931.687,1932.592,2589,No Trade
2023-09-20 11:00:00,1932.623,1932.745,1931.011,1932.134,2513,No Trade
2023-09-20 12:00:00,1932.148,1934.076,1931.023,1932.225,3748,No Trade
2023-09-20 13:00:00,1932.246,1943.399,1932.007,1940.755,5787,No Trade
2023-09-20 14:00:00,1940.72,1944.584,1940.447,1944.063,5572,No Trade
2023-09-20 15:00:00,1944.028,1945.874,1941.708,1941.935,4311,Sell
2023-09-20 16:00:00,1941.911,1946.744,1941.739,1946.707,3335,No Trade
2023-09-20 17:00:00,1946.747,1947.461,1945.36,1946.38,3132,No Trade
2023-09-20 18:00:00,1946.383,1946.737,1939.411,1940.491,12733,No Trade
2023-09-20 19:00:00,1940.522,1941.285,1932.911,1933.056,5835,No Trade
2023-09-20 20:00:00,1933.088,1933.746,1929.221,1930.591,2983,No Trade
2023-09-20 22:00:00,1930.433,1931.548,1929.722,1931.224,2142,Buy
2023-09-20 23:00:00,1931.223,1931.223,1929.373,1929.524,1961,No Trade
2023-09-21 00:00:00,1929.528,1929.757,1924.679,1925.022,2991,No Trade
2023-09-21 01:00:00,1925.018,1927.226,1924.289,1926.895,3965,No Trade
2023-09-21 02:00:00,1926.89,1927.65,1925.778,1926.747,2954,No Trade
2023-09-21 03:00:00,1926.738,1928.724,1926.738,1928.399,2559,No Trade
2023-09-21 04:00:00,1928.4,1928.622,1927.889,1928.031,1879,Sell
2023-09-21 05:00:00,1928.03,1929.019,1927.029,1928.788,2464,Buy
2023-09-21 06:00:00,1928.754,1930.551,1927.79,1928.22,3168,Sell
2023-09-21 07:00:00,1928.25,1928.741,1926.454,1927.22,4092,Sell
2023-09-21 08:00:00,1927.189,1927.482,1922.952,1923.13,3575,Sell
2023-09-21 09:00:00,1923.129,1924.836,1922.545,1924.741,3004,No Trade
2023-09-21 10:00:00,1924.71,1926.134,1923.811,1925.279,2814,No Trade
2023-09-21 11:00:00,1925.242,1925.361,1920.289,1920.805,4592,Sell
2023-09-21 12:00:00,1920.812,1920.812,1914.167,1916.465,8106,Sell
2023-09-21 13:00:00,1916.444,1918.896,1913.856,1916.541,8604,Sell
2023-09-21 14:00:00,1916.51,1923.874,1915.19,1920.218,7275,No Trade
2023-09-21 15:00:00,1920.251,1921.337,1917.212,1917.497,4749,Sell
2023-09-21 16:00:00,1917.528,1920.004,1916.342,1919.561,3428,No Trade
2023-09-21 17:00:00,1919.547,1921.305,1918.735,1920.505,3156,No Trade
2023-09-21 18:00:00,1920.514,1921.318,1919.626,1919.945,2653,Sell
2023-09-21 19:00:00,1919.972,1921.114,1919.362,1919.791,2380,Sell
2023-09-21 20:00:00,1919.824,1920.292,1919.6,1920.102,1191,No Trade
2023-09-21 22:00:00,1919.681,1920.456,1919.429,1920.195,1163,No Trade
2023-09-21 23:00:00,1920.197,1921.6,1920.179,1921.453,1829,No Trade
2023-09-22 00:00:00,1921.461,1923.71,1921.29,1923.492,2083,No Trade
2023-09-22 01:00:00,1923.461,1924.272,1922.145,1924.069,3440,Buy
2023-09-22 02:00:00,1924.068,1925.59,1923.573,1924.022,3022,No Trade
2023-09-22 03:00:00,1924.028,1924.656,1922.667,1923.876,2683,No Trade
2023-09-22 04:00:00,1923.876,1924.933,1923.471,1924.378,1939,No Trade
2023-09-22 05:00:00,1924.347,1925.18,1923.788,1924.763,2780,No Trade
2023-09-22 06:00:00,1924.757,1926.074,1924.374,1925.582,3765,No Trade
2023-09-22 07:00:00,1925.553,1928.73,1924.792,1928.063,4445,No Trade
2023-09-22 08:00:00,1928.029,1928.048,1926.387,1926.777,3180,Sell
2023-09-22 09:00:00,1926.76,1927.677,1925.167,1925.439,2860,Sell
2023-09-22 10:00:00,1925.441,1926.486,1924.361,1924.656,2830,Sell
2023-09-22 11:00:00,1924.67,1926.853,1924.549,1925.607,3058,No Trade
2023-09-22 12:00:00,1925.607,1926.606,1924.2,1926.174,4367,Buy
2023-09-22 13:00:00,1926.151,1928.424,1924.988,1926.088,5616,No Trade
2023-09-22 14:00:00,1926.058,1929.061,1925.679,1928.244,5508,No Trade
2023-09-22 15:00:00,1928.247,1928.834,1926.687,1927.769,3731,No Trade
2023-09-22 16:00:00,1927.766,1928.578,1924.943,1925.346,3025,Sell
2023-09-22 17:00:00,1925.351,1926.382,1924.65,1925.562,2668,No Trade
2023-09-22 18:00:00,1925.563,1925.966,1924.342,1925.014,2212,Sell
2023-09-22 19:00:00,1925.018,1925.657,1924.531,1925.436,2171,No Trade
2023-09-22 20:00:00,1925.404,1925.62,1924.694,1925.331,1182,No Trade
2023-09-24 22:00:00,1926.216,1926.394,1925.738,1925.844,1366,Sell
2023-09-24 23:00:00,1925.845,1925.845,1924.502,1924.817,1760,No Trade
2023-09-25 00:00:00,1924.83,1925.146,1923.314,1924.929,2245,Buy
2023-09-25 01:00:00,1924.929,1925.364,1922.968,1923.722,2854,No Trade
2023-09-25 02:00:00,1923.687,1923.948,1922.708,1923.755,2346,Buy
2023-09-25 03:00:00,1923.757,1924.284,1922.88,1923.682,1915,No Trade
2023-09-25 04:00:00,1923.679,1923.689,1922.853,1923.191,1691,Sell
2023-09-25 05:00:00,1923.191,1923.584,1921.792,1921.792,2370,Sell
2023-09-25 06:00:00,1921.783,1924.746,1920.927,1924.097,3106,No Trade
2023-09-25 07:00:00,1924.067,1927.247,1922.593,1923.549,3710,Sell
2023-09-25 08:00:00,1923.548,1923.904,1921.07,1921.748,3609,No Trade
2023-09-25 09:00:00,1921.737,1923.113,1921.645,1922.859,3044,No Trade
2023-09-25 10:00:00,1922.858,1924.958,1922.206,1924.929,2876,No Trade
2023-09-25 11:00:00,1924.932,1925.051,1923.758,1924.119,3038,Sell
2023-09-25 12:00:00,1924.087,1926.9,1923.714,1925.966,4223,No Trade
2023-09-25 13:00:00,1925.935,1926.374,1922.32,1925.402,5357,No Trade
2023-09-25 14:00:00,1925.372,1925.546,1915.199,1916.915,7939,No Trade
2023-09-25 15:00:00,1916.948,1919.175,1915.901,1917.517,4970,No Trade
2023-09-25 16:00:00,1917.51,1918.32,1915.819,1916.8,3296,Sell
2023-09-25 17:00:00,1916.812,1917.659,1915.582,1915.988,2690,Sell
2023-09-25 18:00:00,1915.988,1917.244,1915.244,1915.666,2342,Sell
2023-09-25 19:00:00,1915.659,1916.199,1915.476,1915.554,2236,Sell
2023-09-25 20:00:00,1915.575,1916.162,1915.497,1915.986,961,No Trade
2023-09-25 22:00:00,1916.206,1916.844,1916.077,1916.575,956,No Trade
2023-09-25 23:00:00,1916.611,1916.758,1916.204,1916.307,968,Sell
2023-09-26 00:00:00,1916.309,1916.547,1914.671,1914.915,2039,Sell
2023-09-26 01:00:00,1914.92,1915.868,1914.582,1914.86,2821,No Trade
2023-09-26 02:00:00,1914.865,1915.195,1913.173,1913.69,2518,Sell
2023-09-26 03:00:00,1913.69,1914.116,1913.174,1913.692,2236,No Trade
2023-09-26 04:00:00,1913.69,1914.707,1913.335,1914.696,1519,Buy
2023-09-26 05:00:00,1914.696,1915.233,1913.648,1913.648,2251,Sell
2023-09-26 06:00:00,1913.647,1913.774,1910.533,1910.561,2993,Sell
2023-09-26 07:00:00,1910.544,1913.826,1909.72,1913.737,3691,No Trade
2023-09-26 08:00:00,1913.774,1915.677,1913.144,1913.83,3556,No Trade
2023-09-26 09:00:00,1913.838,1913.931,1912.204,1913.058,2931,No Trade
2023-09-26 10:00:00,1913.059,1913.473,1911.356,1911.802,2656,Sell
2023-09-26 11:00:00,1911.805,1913.707,1910.618,1911.634,3107,Sell
2023-09-26 12:00:00,1911.632,1912.891,1905.164,1910.298,5658,No Trade
2023-09-26 13:00:00,1910.328,1910.36,1904.761,1906.824,6397,Sell
2023-09-26 14:00:00,1906.838,1909.434,1905.681,1906.479,6289,No Trade
2023-09-26 15:00:00,1906.498,1906.551,1900.727,1902.452,4860,Sell
2023-09-26 16:00:00,1902.466,1903.698,1900.892,1901.302,3571,Sell
2023-09-26 17:00:00,1901.34,1902.359,1900.695,1901.055,3223,Sell
2023-09-26 18:00:00,1901.1,1901.627,1899.203,1899.986,3005,Sell
2023-09-26 19:00:00,1900.019,1901.117,1899.519,1900.556,2564,No Trade
2023-09-26 20:00:00,1900.596,1900.893,1900.338,1900.759,1183,No Trade
2023-09-26 22:00:00,1900.751,1901.363,1900.718,1901.029,1075,No Trade
2023-09-26 23:00:00,1901.036,1902.132,1901.031,1901.629,1322,No Trade
2023-09-27 00:00:00,1901.624,1902.558,1899.891,1900.779,2080,No Trade
2023-09-27 01:00:00,1900.743,1903.877,1900.017,1902.636,3489,No Trade
2023-09-27 02:00:00,1902.658,1902.658,1900.14,1900.912,2750,Sell
2023-09-27 03:00:00,1900.877,1901.002,1899.467,1899.973,2137,Sell
2023-09-27 04:00:00,1899.964,1899.964,1896.676,1897.785,2610,Sell
2023-09-27 05:00:00,1897.755,1898.428,1895.662,1896.415,2962,Sell
2023-09-27 06:00:00,1896.421,1898.888,1896.029,1898.182,3586,No Trade
2023-09-27 07:00:00,1898.163,1899.131,1896.485,1896.719,3513,Sell
2023-09-27 08:00:00,1896.688,1897.899,1895.098,1896.688,3221,No Trade
2023-09-27 09:00:00,1896.711,1896.726,1894.628,1895.622,2988,Sell
2023-09-27 10:00:00,1895.605,1896.406,1893.541,1893.919,3073,Sell
2023-09-27 11:00:00,1893.877,1894.256,1892.569,1892.951,3391,Sell
2023-09-27 12:00:00,1892.942,1893.152,1889.837,1891.892,5166,No Trade
2023-09-27 13:00:00,1891.861,1892.257,1884.549,1887.828,6146,Sell
2023-09-27 14:00:00,1887.846,1888.972,1883.564,1883.565,6110,Sell
2023-09-27 15:00:00,1883.597,1885.099,1879.822,1881.59,5291,Sell
2023-09-27 16:00:00,1881.625,1881.691,1875.558,1875.957,4242,Sell
2023-09-27 17:00:00,1875.989,1877.417,1872.656,1874.781,4589,No Trade
2023-09-27 18:00:00,1874.812,1877.552,1872.607,1876.073,4087,No Trade
2023-09-27 19:00:00,1876.042,1878.254,1875.314,1876.77,3269,No Trade
2023-09-27 20:00:00,1876.801,1876.975,1874.713,1874.752,1600,No Trade
2023-09-27 22:00:00,1876.267,1877.258,1875.988,1877.105,1642,No Trade
2023-09-27 23:00:00,1877.089,1877.75,1876.323,1877.662,1535,Buy
2023-09-28 00:00:00,1877.683,1877.953,1876.213,1877.177,2498,No Trade
2023-09-28 01:00:00,1877.179,1877.544,1873.666,1874.197,3475,Sell
2023-09-28 02:00:00,1874.199,1875.302,1873.941,1874.865,2729,No Trade
2023-09-28 03:00:00,1874.827,1875.296,1873.822,1874.73,2203,No Trade
2023-09-28 04:00:00,1874.711,1875.313,1873.789,1874.951,2115,Buy
2023-09-28 05:00:00,1874.94,1877.304,1874.643,1877.116,2938,No Trade
2023-09-28 06:00:00,1877.098,1877.681,1873.994,1875.035,4218,Sell
2023-09-28 07:00:00,1875.071,1878.27,1874.733,1875.78,4063,Sell
2023-09-28 08:00:00,1875.814,1876.294,1873.751,1874.224,3657,Sell
2023-09-28 09:00:00,1874.205,1877.225,1873.811,1875.913,3394,No Trade
2023-09-28 10:00:00,1875.92,1876.385,1874.521,1874.959,2904,Sell
2023-09-28 11:00:00,1874.923,1876.838,1874.64,1876.072,3068,Sell
2023-09-28 12:00:00,1876.084,1879.59,1871.717,1872.456,7276,Sell
2023-09-28 13:00:00,1872.421,1877.125,1871.373,1873.1,8581,Sell
2023-09-28 14:00:00,1873.066,1876.49,1865.259,1865.262,7651,Sell
2023-09-28 15:00:00,1865.295,1866.089,1857.659,1864.818,7015,Buy
2023-09-28 16:00:00,1864.858,1865.902,1862.399,1863.576,4657,Sell
2023-09-28 17:00:00,1863.592,1864.306,1861.047,1861.972,4124,Sell
2023-09-28 18:00:00,1862.005,1865.958,1861.668,1865.649,3126,No Trade
2023-09-28 19:00:00,1865.609,1867.376,1864.689,1867.202,2864,Buy
2023-09-28 20:00:00,1867.171,1867.325,1864.532,1864.76,1676,Sell
2023-09-28 22:00:00,1865.376,1866.371,1863.983,1864.422,1657,Sell
2023-09-28 23:00:00,1864.425,1866.819,1863.875,1866.8,1954,No Trade
2023-09-29 00:00:00,1866.795,1867.304,1864.878,1865.405,2073,Sell
2023-09-29 01:00:00,1865.404,1866.38,1864.535,1865.849,2843,No Trade
2023-09-29 02:00:00,1865.862,1867.07,1864.779,1864.927,2621,Sell
2023-09-29 03:00:00,1864.957,1864.979,1862.99,1863.402,2201,Sell
2023-09-29 04:00:00,1863.401,1865.685,1863.172,1865.077,2300,No Trade
2023-09-29 05:00:00,1865.077,1868.353,1864.53,1867.426,2573,No Trade
2023-09-29 06:00:00,1867.392,1870.506,1866.339,1870.153,3711,No Trade
2023-09-29 07:00:00,1870.12,1874.047,1869.58,1873.602,3919,No Trade
2023-09-29 08:00:00,1873.628,1873.824,1871.419,1871.73,3632,No Trade
2023-09-29 09:00:00,1871.79,1873.75,1871.057,1873.652,3284,No Trade
2023-09-29 10:00:00,1873.634,1873.634,1872.352,1872.402,2876,Sell
2023-09-29 11:00:00,1872.369,1872.369,1867.63,1869.525,4177,Sell
2023-09-29 12:00:00,1869.524,1874.091,1868.073,1873.911,6821,No Trade
2023-09-29 13:00:00,1873.941,1879.816,1870.265,1870.679,9527,Sell
2023-09-29 14:00:00,1870.61,1871.773,1858.976,1860.937,10946,Sell
2023-09-29 15:00:00,1860.97,1861.116,1852.294,1854.841,7128,Sell
2023-09-29 16:00:00,1854.873,1856.517,1853.017,1853.738,4285,Sell
2023-09-29 17:00:00,1853.735,1853.738,1849.728,1850.031,4153,Sell
2023-09-29 18:00:00,1850.032,1850.952,1846.382,1848.975,3584,Buy
2023-09-29 19:00:00,1848.942,1850.332,1848.068,1848.33,3399,Sell
2023-09-29 20:00:00,1848.299,1849.954,1847.786,1848.896,2116,No Trade
2023-10-01 22:00:00,1847.384,1848.778,1845.787,1846.567,2189,Sell
2023-10-01 23:00:00,1846.536,1848.515,1846.231,1848.414,1877,No Trade
2023-10-02 00:00:00,1848.414,1848.985,1845.217,1845.562,2512,Sell
2023-10-02 01:00:00,1845.529,1847.476,1844.03,1844.032,2547,Sell
2023-10-02 02:00:00,1844.034,1845.142,1842.95,1844.091,2231,No Trade
2023-10-02 03:00:00,1844.093,1844.908,1843.417,1843.536,1627,Sell
2023-10-02 04:00:00,1843.532,1844.392,1842.417,1842.636,2197,Sell
2023-10-02 05:00:00,1842.634,1843.161,1839.357,1839.721,2613,Sell
2023-10-02 06:00:00,1839.689,1846.283,1839.542,1844.617,3678,No Trade
2023-10-02 07:00:00,1844.573,1846.062,1839.492,1839.876,4544,Sell
2023-10-02 08:00:00,1839.844,1843.268,1839.591,1839.625,3686,Sell
2023-10-02 09:00:00,1839.593,1839.733,1831.145,1834.294,5040,Sell
2023-10-02 10:00:00,1834.303,1836.359,1832.896,1833.532,3912,Sell
2023-10-02 11:00:00,1833.563,1838.257,1833.563,1837.364,4073,No Trade
2023-10-02 12:00:00,1837.363,1840.659,1834.085,1836.35,6221,Sell
2023-10-02 13:00:00,1836.368,1838.487,1832.373,1833.945,7784,Sell
2023-10-02 14:00:00,1833.915,1836.884,1827.213,1828.939,10416,Sell
2023-10-02 15:00:00,1828.936,1834.664,1827.561,1832.644,6732,No Trade
2023-10-02 16:00:00,1832.676,1833.299,1830.55,1831.686,4669,Sell
2023-10-02 17:00:00,1831.717,1833.666,1831.057,1831.926,4035,Sell
2023-10-02 18:00:00,1831.927,1833.421,1830.29,1830.59,3089,Sell
2023-10-02 19:00:00,1830.618,1830.648,1829.264,1829.406,2946,Sell
2023-10-02 20:00:00,1829.376,1829.687,1827.588,1827.878,1672,Sell
2023-10-02 22:00:00,1829.046,1829.603,1827.457,1828.22,1975,Sell
2023-10-02 23:00:00,1828.22,1828.228,1820.504,1825.044,3502,No Trade
2023-10-03 00:00:00,1825.019,1825.279,1822.13,1824.772,3787,Buy
2023-10-03 01:00:00,1824.789,1825.201,1822.705,1823.01,3360,Sell
2023-10-03 02:00:00,1823.009,1823.309,1815.318,1817.489,3798,Sell
2023-10-03 03:00:00,1817.489,1820.82,1817.055,1820.59,2712,No Trade
2023-10-03 04:00:00,1820.594,1821.823,1819.885,1820.714,3084,No Trade
2023-10-03 05:00:00,1820.717,1820.943,1818.258,1819.489,3080,Sell
2023-10-03 06:00:00,1819.51,1824.686,1819.23,1823.958,4275,No Trade
2023-10-03 07:00:00,1823.922,1824.519,1820.755,1824.099,4279,Buy
2023-10-03 08:00:00,1824.125,1829.187,1824.031,1826.311,4323,No Trade
2023-10-03 09:00:00,1826.298,1828.028,1823.871,1826.497,3783,No Trade
2023-10-03 10:00:00,1826.505,1827.414,1825.059,1825.832,3399,Sell
2023-10-03 11:00:00,1825.816,1827.364,1823.72,1826.009,4597,No Trade
2023-10-03 12:00:00,1826.008,1829.84,1824.407,1824.86,6841,Sell
2023-10-03 13:00:00,1824.892,1831.364,1823.338,1829.059,9063,No Trade
2023-10-03 14:00:00,1829.028,1833.444,1819.347,1826.541,22126,No Trade
2023-10-03 15:00:00,1826.512,1828.643,1822.054,1824.887,8444,No Trade
2023-10-03 16:00:00,1824.919,1828.145,1822.961,1823.956,5593,Sell
2023-10-03 17:00:00,1823.96,1826.048,1822.998,1823.635,4190,Sell
2023-10-03 18:00:00,1823.626,1825.536,1821.953,1823.864,3759,No Trade
2023-10-03 19:00:00,1823.833,1825.315,1823.44,1823.956,3047,No Trade
2023-10-03 20:00:00,1823.986,1825.055,1822.828,1822.861,1609,Sell
2023-10-03 22:00:00,1823.537,1824.336,1822.229,1822.694,1546,Sell
2023-10-03 23:00:00,1822.693,1824.998,1822.264,1823.403,2042,No Trade
2023-10-04 00:00:00,1823.403,1825.096,1821.94,1823.274,2980,No Trade
2023-10-04 01:00:00,1823.295,1824.393,1820.87,1822.796,3966,No Trade
2023-10-04 02:00:00,1822.764,1823.041,1820.069,1820.898,2956,Sell
2023-10-04 03:00:00,1820.905,1822.189,1819.7,1820.831,2570,No Trade
2023-10-04 04:00:00,1820.83,1823.887,1820.83,1823.638,2394,No Trade
2023-10-04 05:00:00,1823.64,1823.754,1821.01,1821.297,2826,Sell
2023-10-04 06:00:00,1821.325,1821.475,1816.769,1819.152,4031,Sell
2023-10-04 07:00:00,1819.12,1823.212,1817.493,1823.164,5335,No Trade
2023-10-04 08:00:00,1823.133,1823.65,1820.331,1823.054,4428,Buy
2023-10-04 09:00:00,1823.091,1824.579,1821.473,1822.176,3902,Sell
2023-10-04 10:00:00,1822.144,1823.271,1821.139,1823.162,3565,Buy
2023-10-04 11:00:00,1823.171,1827.228,1822.942,1825.049,4915,Sell
2023-10-04 12:00:00,1825.045,1830.707,1823.789,1827.362,8999,Sell
2023-10-04 13:00:00,1827.393,1827.528,1817.811,1820.446,8304,Sell
2023-10-04 14:00:00,1820.442,1821.924,1817.17,1818.493,12106,Sell
2023-10-04 15:00:00,1818.459,1826.402,1817.41,1823.818,7436,No Trade
2023-10-04 16:00:00,1823.917,1824.083,1820.994,1821.067,5115,Sell
2023-10-04 17:00:00,1821.036,1821.378,1818.348,1818.414,3972,Sell
2023-10-04 18:00:00,1818.383,1818.832,1816.656,1817.679,3273,No Trade
2023-10-04 19:00:00,1817.648,1823.735,1817.478,1823.386,3355,Sell
2023-10-04 20:00:00,1823.421,1823.424,1820.55,1821.313,1782,Sell
2023-10-04 22:00:00,1821.748,1822.422,1821.52,1822.409,1279,No Trade
2023-10-04 23:00:00,1822.408,1824.085,1822.397,1822.624,1624,Sell
2023-10-05 00:00:00,1822.572,1825.738,1821.875,1825.67,2910,No Trade
2023-10-05 01:00:00,1825.676,1828.223,1825.664,1828.133,3476,Buy
2023-10-05 02:00:00,1828.154,1828.47,1826.115,1826.241,2381,Sell
2023-10-05 03:00:00,1826.223,1828.772,1825.942,1828.397,2378,No Trade
2023-10-05 04:00:00,1828.428,1829.273,1827.441,1827.7,2335,Sell
2023-10-05 05:00:00,1827.658,1828.222,1826.354,1826.363,2671,Sell
2023-10-05 06:00:00,1826.37,1826.644,1822.175,1822.323,3511,Sell
2023-10-05 07:00:00,1822.314,1822.889,1819.941,1820.79,4194,Sell
2023-10-05 08:00:00,1820.819,1822.493,1819.794,1819.937,3640,Sell
2023-10-05 09:00:00,1819.939,1823.415,1819.729,1822.012,3407,No Trade
2023-10-05 10:00:00,1822.044,1824.032,1820.775,1823.294,3327,No Trade
2023-10-05 11:00:00,1823.276,1823.47,1820.341,1823.094,3777,Buy
2023-10-05 12:00:00,1823.09,1823.942,1813.094,1815.744,7826,No Trade
2023-10-05 13:00:00,1815.775,1821.942,1814.189,1820.73,8857,No Trade
2023-10-05 14:00:00,1820.762,1821.137,1816.554,1819.946,7815,Buy
2023-10-05 15:00:00,1819.952,1820.001,1814.487,1815.571,6244,No Trade
2023-10-05 16:00:00,1815.603,1818.372,1814.904,1818.204,4472,No Trade
2023-10-05 17:00:00,1818.198,1819.53,1815.923,1819.178,3764,Buy
2023-10-05 18:00:00,1819.177,1820.66,1818.677,1820.274,3419,No Trade
2023-10-05 19:00:00,1820.244,1820.902,1819.788,1820.401,2836,No Trade
2023-10-05 20:00:00,1820.432,1820.69,1819.52,1820.382,1307,No Trade
2023-10-05 22:00:00,1820.574,1821.52,1820.338,1821.253,956,No Trade
2023-10-05 23:00:00,1821.253,1823.202,1821.226,1821.372,1447,Sell
2023-10-06 00:00:00,1821.372,1822.23,1820.29,1820.747,2270,Sell
2023-10-06 01:00:00,1820.712,1823.261,1819.758,1822.848,2997,No Trade
2023-10-06 02:00:00,1822.828,1824.146,1822.483,1823.9,2453,No Trade
2023-10-06 03:00:00,1823.9,1824.5,1823.356,1824.044,2068,No Trade
2023-10-06 04:00:00,1824.005,1824.61,1822.645,1822.831,2021,Sell
2023-10-06 05:00:00,1822.85,1822.947,1820.802,1821.419,2281,Sell
2023-10-06 06:00:00,1821.42,1821.712,1818.676,1819.442,3022,Sell
2023-10-06 07:00:00,1819.438,1821.663,1818.661,1821.448,4095,No Trade
2023-10-06 08:00:00,1821.435,1822.151,1819.374,1821.966,3408,Buy
2023-10-06 09:00:00,1821.979,1822.359,1820.119,1820.557,3066,Sell
2023-10-06 10:00:00,1820.554,1825.15,1820.554,1822.642,3534,Sell
2023-10-06 11:00:00,1822.696,1822.821,1820.733,1821.309,3382,Sell
2023-10-06 12:00:00,1821.306,1821.761,1810.502,1815.147,11739,Sell
2023-10-06 13:00:00,1815.192,1826.06,1813.981,1821.314,13452,No Trade
2023-10-06 14:00:00,1821.346,1831.57,1820.983,1823.616,10350,Sell
2023-10-06 15:00:00,1823.635,1834.932,1823.635,1832.656,8981,No Trade
2023-10-06 16:00:00,1832.634,1833.455,1829.067,1829.264,5405,No Trade
2023-10-06 17:00:00,1829.232,1832.299,1828.862,1831.886,4139,No Trade
2023-10-06 18:00:00,1831.888,1834.03,1831.552,1831.927,3071,Sell
2023-10-06 19:00:00,1831.926,1832.015,1829.131,1829.486,3023,No Trade
2023-10-06 20:00:00,1829.454,1832.266,1829.04,1832.0,1901,No Trade
2023-10-08 22:00:00,1853.49,1854.743,1845.625,1849.899,7008,Sell
2023-10-08 23:00:00,1849.9,1849.959,1846.597,1848.065,3965,Sell
2023-10-09 00:00:00,1848.092,1852.52,1846.337,1852.467,3948,No Trade
2023-10-09 01:00:00,1852.437,1852.826,1847.406,1849.031,5481,Sell
2023-10-09 02:00:00,1849.031,1852.817,1848.976,1850.522,3300,Sell
2023-10-09 03:00:00,1850.531,1851.594,1848.826,1851.144,2560,Buy
2023-10-09 04:00:00,1851.174,1853.322,1850.184,1850.565,2600,Sell
2023-10-09 05:00:00,1850.568,1852.373,1848.139,1851.849,3314,Buy
2023-10-09 06:00:00,1851.88,1854.461,1850.004,1850.081,4392,Sell
2023-10-09 07:00:00,1850.049,1852.665,1848.12,1850.526,4514,No Trade
2023-10-09 08:00:00,1850.49,1851.009,1848.982,1850.509,3481,No Trade
2023-10-09 09:00:00,1850.502,1852.362,1850.027,1851.258,3239,No Trade
2023-10-09 10:00:00,1851.247,1852.045,1849.883,1850.168,2891,Sell
2023-10-09 11:00:00,1850.14,1850.447,1849.111,1850.048,2966,No Trade
2023-10-09 12:00:00,1850.085,1850.085,1845.021,1848.052,5622,No Trade
2023-10-09 13:00:00,1848.02,1849.515,1844.261,1845.394,8053,Sell
2023-10-09 14:00:00,1845.426,1852.513,1845.116,1852.164,5727,Sell
2023-10-09 15:00:00,1852.133,1853.229,1850.615,1851.64,4387,Sell
2023-10-09 16:00:00,1851.639,1851.847,1848.733,1850.092,3277,Sell
2023-10-09 17:00:00,1850.105,1855.491,1850.014,1854.535,3584,Sell
2023-10-09 18:00:00,1854.542,1857.698,1854.51,1857.122,2852,No Trade
2023-10-09 19:00:00,1857.135,1863.516,1857.051,1863.323,3622,Buy
2023-10-09 20:00:00,1863.291,1863.291,1861.019,1861.403,1730,Sell
2023-10-09 22:00:00,1861.432,1861.859,1860.671,1861.557,1234,Buy
2023-10-09 23:00:00,1861.52,1862.792,1860.442,1862.636,1716,Buy
2023-10-10 00:00:00,1862.682,1865.378,1861.466,1864.143,4126,No Trade
2023-10-10 01:00:00,1864.127,1865.298,1863.139,1863.794,4286,Sell
2023-10-10 02:00:00,1863.802,1864.68,1862.377,1863.035,3102,Sell
2023-10-10 03:00:00,1863.006,1863.777,1862.429,1862.52,2792,Sell
2023-10-10 04:00:00,1862.52,1862.56,1860.878,1860.926,2304,Sell
2023-10-10 05:00:00,1860.919,1862.216,1859.931,1860.85,2836,No Trade
2023-10-10 06:00:00,1860.842,1862.07,1855.235,1856.612,5077,Sell
2023-10-10 07:00:00,1856.582,1858.021,1855.335,1857.435,4946,No Trade
2023-10-10 08:00:00,1857.441,1859.833,1855.465,1858.556,5096,No Trade
2023-10-10 09:00:00,1858.56,1859.66,1857.642,1858.363,3565,Sell
2023-10-10 10:00:00,1858.338,1858.448,1856.432,1856.749,3271,Sell
2023-10-10 11:00:00,1856.779,1857.48,1854.915,1857.227,3939,Buy
2023-10-10 12:00:00,1857.257,1857.734,1853.07,1854.568,6004,Sell
2023-10-10 13:00:00,1854.602,1857.634,1853.155,1857.54,7212,No Trade
2023-10-10 14:00:00,1857.535,1858.854,1853.4,1856.552,6536,No Trade
2023-10-10 15:00:00,1856.583,1862.358,1856.061,1861.353,5103,No Trade
2023-10-10 16:00:00,1861.345,1862.527,1858.455,1861.984,4314,Buy
2023-10-10 17:00:00,1862.017,1862.821,1858.317,1858.552,4334,Sell
2023-10-10 18:00:00,1858.54,1860.223,1858.161,1859.404,3186,No Trade
2023-10-10 19:00:00,1859.435,1860.438,1858.425,1860.203,2762,Buy
2023-10-10 20:00:00,1860.171,1860.823,1859.699,1860.466,1409,No Trade
2023-10-10 22:00:00,1860.216,1860.525,1859.429,1859.895,990,Sell
2023-10-10 23:00:00,1859.883,1860.788,1859.704,1859.747,1206,Sell
2023-10-11 00:00:00,1859.733,1862.17,1859.631,1861.045,2538,No Trade
2023-10-11 01:00:00,1861.014,1861.91,1860.349,1861.719,3269,Buy
2023-10-11 02:00:00,1861.716,1862.1,1859.839,1861.546,2743,Buy
2023-10-11 03:00:00,1861.526,1861.556,1859.825,1860.157,2416,Sell
2023-10-11 04:00:00,1860.157,1860.728,1859.514,1859.81,1747,Sell
2023-10-11 05:00:00,1859.805,1860.67,1858.69,1859.507,2370,No Trade
2023-10-11 06:00:00,1859.518,1863.791,1858.915,1862.614,3692,No Trade
2023-10-11 07:00:00,1862.645,1868.223,1862.492,1868.011,5213,Buy
2023-10-11 08:00:00,1867.981,1869.905,1866.976,1869.634,4524,No Trade
2023-10-11 09:00:00,1869.628,1871.133,1869.146,1870.553,3584,No Trade
2023-10-11 10:00:00,1870.565,1874.812,1869.993,1874.025,3665,No Trade
2023-10-11 11:00:00,1873.991,1874.641,1870.973,1871.071,3658,Sell
2023-10-11 12:00:00,1871.071,1873.1,1867.487,1872.875,7330,Buy
2023-10-11 13:00:00,1872.905,1875.103,1868.215,1872.264,7722,No Trade
2023-10-11 14:00:00,1872.248,1872.503,1869.107,1871.235,6719,No Trade
2023-10-11 15:00:00,1871.255,1873.727,1869.567,1873.095,5144,No Trade
2023-10-11 16:00:00,1873.127,1877.252,1872.935,1874.392,4276,Sell
2023-10-11 17:00:00,1874.382,1874.778,1870.883,1872.047,4237,Sell
2023-10-11 18:00:00,1872.077,1873.444,1871.041,1872.55,4009,No Trade
2023-10-11 19:00:00,1872.516,1874.297,1872.484,1873.684,3025,No Trade
2023-10-11 20:00:00,1873.714,1874.631,1873.462,1874.032,1566,No Trade
2023-10-11 22:00:00,1874.325,1875.411,1873.915,1874.713,1415,No Trade
2023-10-11 23:00:00,1874.695,1875.763,1874.685,1875.35,1041,Sell
2023-10-12 00:00:00,1875.351,1876.707,1874.786,1875.477,2353,No Trade
2023-10-12 01:00:00,1875.467,1878.779,1874.553,1877.491,3199,No Trade
2023-10-12 02:00:00,1877.482,1878.059,1875.702,1876.866,3221,No Trade
2023-10-12 03:00:00,1876.835,1878.161,1876.773,1877.692,2343,No Trade
2023-10-12 04:00:00,1877.723,1879.144,1876.838,1878.964,1934,No Trade
2023-10-12 05:00:00,1878.95,1880.147,1878.496,1880.136,2458,No Trade
2023-10-12 06:00:00,1880.167,1882.687,1878.653,1882.251,3624,No Trade
2023-10-12 07:00:00,1882.219,1882.692,1878.824,1878.955,4049,Sell
2023-10-12 08:00:00,1878.924,1881.543,1878.704,1880.398,3490,Sell
2023-10-12 09:00:00,1880.428,1882.151,1879.646,1881.008,3097,No Trade
2023-10-12 10:00:00,1881.024,1882.743,1880.652,1881.432,2929,Sell
2023-10-12 11:00:00,1881.396,1884.534,1881.231,1883.594,3425,No Trade
2023-10-12 12:00:00,1883.597,1885.083,1875.314,1879.141,9449,Sell
2023-10-12 13:00:00,1879.11,1880.078,1872.903,1873.951,8503,Sell
2023-10-12 14:00:00,1873.919,1876.667,1871.229,1872.22,7336,Sell
2023-10-12 15:00:00,1872.189,1873.427,1870.789,1872.383,5158,No Trade
2023-10-12 16:00:00,1872.413,1873.689,1871.041,1871.477,3995,Sell
2023-10-12 17:00:00,1871.501,1872.069,1868.069,1869.035,5388,Sell
2023-10-12 18:00:00,1869.004,1870.733,1867.983,1868.442,3809,Sell
2023-10-12 19:00:00,1868.472,1870.148,1868.194,1868.398,2825,No Trade
2023-10-12 20:00:00,1868.357,1869.115,1868.357,1868.834,1252,No Trade
2023-10-12 22:00:00,1869.245,1871.232,1869.242,1869.785,1438,Sell
2023-10-12 23:00:00,1869.78,1871.277,1869.745,1870.655,1173,No Trade
2023-10-13 00:00:00,1870.646,1872.705,1870.155,1872.637,2672,No Trade
2023-10-13 01:00:00,1872.604,1873.062,1871.423,1872.061,3040,Sell
2023-10-13 02:00:00,1872.052,1873.648,1871.693,1873.455,2602,No Trade
2023-10-13 03:00:00,1873.454,1874.056,1872.694,1873.743,2029,Buy
2023-10-13 04:00:00,1873.743,1876.859,1873.641,1876.392,2507,No Trade
2023-10-13 05:00:00,1876.361,1878.113,1876.063,1877.143,2632,Sell
2023-10-13 06:00:00,1877.131,1878.033,1875.777,1877.028,3565,No Trade
2023-10-13 07:00:00,1876.998,1883.171,1876.848,1882.193,4540,No Trade
2023-10-13 08:00:00,1882.212,1885.007,1882.065,1883.909,4001,No Trade
2023-10-13 09:00:00,1883.879,1888.243,1882.539,1887.645,4265,No Trade
2023-10-13 10:00:00,1887.648,1889.962,1886.708,1887.685,4144,No Trade
2023-10-13 11:00:00,1887.649,1899.922,1887.456,1896.519,5512,No Trade
2023-10-13 12:00:00,1896.488,1919.202,1896.488,1913.357,13180,No Trade
2023-10-13 13:00:00,1913.421,1913.421,1905.64,1910.702,11585,No Trade
2023-10-13 14:00:00,1910.659,1920.995,1908.023,1920.817,9848,No Trade
2023-10-13 15:00:00,1920.849,1923.212,1917.242,1923.051,6878,Buy
2023-10-13 16:00:00,1923.081,1927.504,1922.492,1927.195,5439,No Trade
2023-10-13 17:00:00,1927.227,1929.956,1926.904,1928.371,4927,Sell
2023-10-13 18:00:00,1928.416,1930.798,1927.721,1928.733,3580,No Trade
2023-10-13 19:00:00,1928.729,1928.959,1927.833,1928.393,2785,No Trade
2023-10-13 20:00:00,1928.423,1932.693,1928.192,1932.317,2148,Buy
2023-10-15 22:00:00,1927.621,1927.621,1921.277,1924.491,3594,No Trade
2023-10-15 23:00:00,1924.494,1926.482,1921.69,1925.936,4076,Buy
2023-10-16 00:00:00,1925.942,1926.027,1921.512,1921.745,3424,Sell
2023-10-16 01:00:00,1921.757,1923.55,1920.444,1920.548,3670,Sell
2023-10-16 02:00:00,1920.539,1921.555,1918.494,1920.534,3030,No Trade
2023-10-16 03:00:00,1920.53,1920.56,1918.129,1920.127,2692,Buy
2023-10-16 04:00:00,1920.125,1920.462,1919.231,1920.197,2074,Buy
2023-10-16 05:00:00,1920.223,1920.223,1914.348,1915.058,3033,No Trade
2023-10-16 06:00:00,1915.09,1915.883,1909.304,1909.975,5561,Sell
2023-10-16 07:00:00,1909.991,1912.425,1908.244,1911.518,5735,No Trade
2023-10-16 08:00:00,1911.494,1913.563,1910.043,1911.697,4606,No Trade
2023-10-16 09:00:00,1911.69,1916.577,1911.292,1916.225,3911,No Trade
2023-10-16 10:00:00,1916.194,1918.38,1914.545,1917.988,3647,Buy
2023-10-16 11:00:00,1918.013,1918.277,1914.833,1915.666,4257,Sell
2023-10-16 12:00:00,1915.698,1924.626,1914.678,1918.774,8675,Sell
2023-10-16 13:00:00,1918.798,1921.273,1914.48,1918.04,8304,No Trade
2023-10-16 14:00:00,1918.013,1920.449,1916.29,1918.211,7753,No Trade
2023-10-16 15:00:00,1918.242,1922.37,1918.024,1921.554,4993,No Trade
2023-10-16 16:00:00,1921.587,1922.06,1920.389,1921.958,3612,Buy
2023-10-16 17:00:00,1921.962,1922.821,1918.608,1919.208,3553,Sell
2023-10-16 18:00:00,1919.207,1919.699,1918.763,1919.116,2472,No Trade
2023-10-16 19:00:00,1919.116,1920.751,1917.926,1919.042,2610,No Trade
2023-10-16 20:00:00,1919.087,1920.133,1919.067,1920.131,1269,Buy
2023-10-16 22:00:00,1920.056,1921.039,1918.868,1918.931,1755,Sell
2023-10-16 23:00:00,1918.93,1921.836,1918.89,1919.486,1732,Sell
2023-10-17 00:00:00,1919.482,1920.067,1914.469,1916.668,3032,Sell
2023-10-17 01:00:00,1916.656,1917.66,1913.386,1915.154,3289,Sell
2023-10-17 02:00:00,1915.154,1915.234,1912.443,1914.843,3208,Buy
2023-10-17 03:00:00,1914.831,1916.884,1914.408,1916.884,2702,No Trade
2023-10-17 04:00:00,1916.91,1917.012,1914.583,1914.738,2102,Sell
2023-10-17 05:00:00,1914.739,1916.865,1914.298,1916.483,2837,No Trade
2023-10-17 06:00:00,1916.488,1918.118,1915.725,1917.436,3539,No Trade
2023-10-17 07:00:00,1917.419,1921.438,1917.216,1920.105,4555,No Trade
2023-10-17 08:00:00,1920.072,1920.599,1918.694,1919.234,3878,Sell
2023-10-17 09:00:00,1919.3,1923.821,1918.918,1923.045,3633,No Trade
2023-10-17 10:00:00,1923.077,1926.604,1922.642,1923.518,4857,Sell
2023-10-17 11:00:00,1923.536,1925.642,1922.242,1924.093,3681,No Trade
2023-10-17 12:00:00,1924.113,1929.078,1919.143,1926.085,8632,No Trade
2023-10-17 13:00:00,1926.048,1931.623,1920.952,1927.886,9630,No Trade
2023-10-17 14:00:00,1927.926,1930.98,1922.78,1924.101,8765,Sell
2023-10-17 15:00:00,1924.111,1926.955,1923.167,1926.917,5373,No Trade
2023-10-17 16:00:00,1926.885,1926.885,1923.115,1924.161,4420,Sell
2023-10-17 17:00:00,1924.159,1925.163,1919.739,1919.845,3955,Sell
2023-10-17 18:00:00,1919.833,1922.13,1919.209,1922.062,3502,No Trade
2023-10-17 19:00:00,1922.082,1925.175,1921.916,1922.685,3232,Sell
2023-10-17 20:00:00,1922.738,1923.357,1922.243,1923.268,1626,No Trade
2023-10-17 22:00:00,1923.87,1925.608,1923.333,1924.965,1193,No Trade
2023-10-17 23:00:00,1924.999,1925.529,1924.158,1924.802,1500,No Trade
2023-10-18 00:00:00,1924.8,1928.319,1923.84,1927.47,2981,No Trade
2023-10-18 01:00:00,1927.472,1940.381,1926.966,1939.124,5603,Buy
2023-10-18 02:00:00,1939.155,1942.887,1935.909,1937.357,4791,No Trade
2023-10-18 03:00:00,1937.351,1938.187,1935.27,1937.537,3114,No Trade
2023-10-18 04:00:00,1937.532,1938.652,1936.809,1938.143,2442,No Trade
2023-10-18 05:00:00,1938.144,1939.752,1936.518,1937.159,3206,Sell
2023-10-18 06:00:00,1937.13,1938.756,1935.175,1936.119,4245,Sell
2023-10-18 07:00:00,1936.15,1940.213,1935.681,1939.653,4541,No Trade
2023-10-18 08:00:00,1939.622,1939.818,1937.354,1938.426,4029,Sell
2023-10-18 09:00:00,1938.426,1946.169,1938.339,1944.361,4457,No Trade
2023-10-18 10:00:00,1944.368,1945.386,1942.671,1945.271,3798,Buy
2023-10-18 11:00:00,1945.303,1947.548,1944.266,1946.201,3915,No Trade
2023-10-18 12:00:00,1946.17,1950.154,1944.904,1948.861,7195,No Trade
2023-10-18 13:00:00,1948.898,1962.697,1947.266,1957.061,9692,No Trade
2023-10-18 14:00:00,1957.116,1958.784,1943.602,1947.029,11149,Sell
2023-10-18 15:00:00,1946.995,1947.496,1938.181,1945.274,8113,No Trade
2023-10-18 16:00:00,1945.304,1950.546,1944.682,1949.858,4920,No Trade
2023-10-18 17:00:00,1949.889,1956.614,1949.544,1954.039,5439,No Trade
2023-10-18 18:00:00,1954.042,1954.22,1948.849,1950.633,3966,Sell
2023-10-18 19:00:00,1950.642,1951.718,1948.598,1950.433,3382,No Trade
2023-10-18 20:00:00,1950.431,1950.685,1947.176,1947.614,2317,Sell
2023-10-18 22:00:00,1947.734,1951.058,1947.362,1949.773,1827,No Trade
2023-10-18 23:00:00,1949.762,1951.727,1949.762,1950.977,1871,No Trade
2023-10-19 00:00:00,1950.918,1953.353,1948.753,1950.234,3265,Sell
2023-10-19 01:00:00,1950.24,1951.689,1946.348,1948.368,3818,No Trade
2023-10-19 02:00:00,1948.367,1950.111,1947.767,1949.626,3077,No Trade
2023-10-19 03:00:00,1949.626,1950.737,1945.272,1946.353,3025,Sell
2023-10-19 04:00:00,1946.356,1948.957,1945.354,1948.24,2687,No Trade
2023-10-19 05:00:00,1948.245,1949.337,1945.955,1946.933,3272,Sell
2023-10-19 06:00:00,1946.964,1948.6,1945.621,1948.045,4141,Buy
2023-10-19 07:00:00,1948.023,1952.857,1947.685,1949.555,5293,Sell
2023-10-19 08:00:00,1949.527,1954.566,1948.029,1949.801,5066,No Trade
2023-10-19 09:00:00,1949.785,1950.807,1947.942,1950.736,3886,Buy
2023-10-19 10:00:00,1950.724,1951.43,1949.072,1951.029,3166,Buy
2023-10-19 11:00:00,1951.021,1952.357,1949.67,1952.156,3444,Buy
2023-10-19 12:00:00,1952.187,1957.228,1950.529,1954.912,7360,No Trade
2023-10-19 13:00:00,1954.88,1956.47,1950.081,1954.458,7887,No Trade
2023-10-19 14:00:00,1954.493,1955.169,1949.791,1950.417,7180,No Trade
2023-10-19 15:00:00,1950.404,1960.022,1950.093,1956.198,6287,No Trade
2023-10-19 16:00:00,1956.236,1962.113,1952.147,1962.007,11244,Buy
2023-10-19 17:00:00,1962.037,1972.84,1960.859,1972.719,9344,Buy
2023-10-19 18:00:00,1972.666,1975.14,1970.723,1973.132,5977,No Trade
2023-10-19 19:00:00,1973.118,1977.751,1973.118,1974.363,5223,Sell
2023-10-19 20:00:00,1974.394,1975.328,1972.97,1974.074,2459,No Trade
2023-10-19 22:00:00,1973.519,1976.629,1972.539,1972.539,2692,Sell
2023-10-19 23:00:00,1972.494,1982.546,1972.494,1977.219,4775,Sell
2023-10-20 00:00:00,1977.283,1977.68,1974.118,1975.059,4760,Sell
2023-10-20 01:00:00,1975.049,1978.088,1972.075,1977.881,5605,Buy
2023-10-20 02:00:00,1977.874,1981.964,1976.658,1979.496,4432,No Trade
2023-10-20 03:00:00,1979.466,1980.509,1977.19,1977.866,3086,Sell
2023-10-20 04:00:00,1977.864,1978.289,1976.663,1977.314,2517,Sell
2023-10-20 05:00:00,1977.348,1980.031,1975.985,1977.689,3635,No Trade
2023-10-20 06:00:00,1977.695,1980.189,1974.183,1979.386,4863,Buy
2023-10-20 07:00:00,1979.426,1982.203,1978.199,1980.18,5122,No Trade
2023-10-20 08:00:00,1980.202,1985.277,1980.047,1983.76,4771,No Trade
2023-10-20 09:00:00,1983.773,1985.408,1980.373,1982.629,4264,No Trade
2023-10-20 10:00:00,1982.628,1984.393,1982.343,1983.369,3429,Sell
2023-10-20 11:00:00,1983.371,1985.946,1976.471,1977.364,4841,Sell
2023-10-20 12:00:00,1977.394,1980.225,1973.365,1978.383,6943,No Trade
2023-10-20 13:00:00,1978.353,1988.081,1976.604,1987.196,9025,No Trade
2023-10-20 14:00:00,1987.164,1991.33,1984.247,1990.965,10013,No Trade
2023-10-20 15:00:00,1990.996,1997.242,1989.892,1991.699,6808,No Trade
2023-10-20 16:00:00,1991.682,1992.488,1981.21,1982.662,6565,Sell
2023-10-20 17:00:00,1982.661,1986.744,1974.402,1982.559,9294,No Trade
2023-10-20 18:00:00,1982.558,1982.798,1976.097,1980.357,5324,No Trade
2023-10-20 19:00:00,1980.35,1982.147,1978.958,1979.717,3813,No Trade
2023-10-20 20:00:00,1979.687,1981.413,1979.021,1980.874,2136,No Trade
2023-10-22 22:00:00,1972.832,1978.641,1972.832,1976.379,3323,No Trade
2023-10-22 23:00:00,1976.387,1978.244,1970.137,1971.654,2963,Sell
2023-10-23 00:00:00,1971.616,1973.337,1964.373,1966.357,4577,Sell
2023-10-23 01:00:00,1966.4,1968.383,1964.501,1966.756,5632,No Trade
2023-10-23 02:00:00,1966.758,1974.427,1966.623,1972.789,4480,No Trade
2023-10-23 03:00:00,1972.756,1974.86,1971.766,1973.755,3651,No Trade
2023-10-23 04:00:00,1973.742,1974.811,1972.789,1973.794,3033,No Trade
2023-10-23 05:00:00,1973.784,1976.808,1972.779,1975.771,3745,No Trade
2023-10-23 06:00:00,1975.786,1977.654,1975.211,1975.811,4079,No Trade
2023-10-23 07:00:00,1975.771,1979.829,1974.522,1979.485,5006,No Trade
2023-10-23 08:00:00,1979.446,1982.066,1979.124,1981.51,4404,No Trade
2023-10-23 09:00:00,1981.524,1982.868,1976.979,1977.732,4245,No Trade
2023-10-23 10:00:00,1977.735,1978.566,1975.367,1977.542,3944,No Trade
2023-10-23 11:00:00,1977.545,1979.949,1976.026,1979.373,4354,No Trade
2023-10-23 12:00:00,1979.394,1982.021,1976.065,1977.608,6576,No Trade
2023-10-23 13:00:00,1977.613,1980.069,1970.211,1974.893,9019,Sell
2023-10-23 14:00:00,1974.848,1978.651,1972.496,1976.319,8008,No Trade
2023-10-23 15:00:00,1976.261,1978.927,1973.631,1975.393,5921,Sell
2023-10-23 16:00:00,1975.374,1979.439,1973.745,1974.583,4877,Sell
2023-10-23 17:00:00,1974.545,1977.75,1972.384,1976.276,5463,No Trade
2023-10-23 18:00:00,1976.292,1978.164,1975.773,1977.573,3347,No Trade
2023-10-23 19:00:00,1977.603,1977.823,1971.206,1973.235,3780,Sell
2023-10-23 20:00:00,1973.203,1973.552,1971.596,1972.85,1898,No Trade
2023-10-23 22:00:00,1973.76,1973.872,1973.041,1973.138,1142,Sell
2023-10-23 23:00:00,1973.113,1973.912,1971.479,1973.622,1576,Buy
2023-10-24 00:00:00,1973.62,1976.016,1972.479,1973.883,2866,No Trade
2023-10-24 01:00:00,1973.886,1978.818,1973.886,1976.676,4175,No Trade
2023-10-24 02:00:00,1976.665,1980.925,1975.805,1977.752,4288,Sell
2023-10-24 03:00:00,1977.738,1978.256,1975.393,1976.939,3252,No Trade
2023-10-24 04:00:00,1976.908,1977.433,1975.393,1976.247,2510,Sell
2023-10-24 05:00:00,1976.282,1976.709,1974.519,1976.522,2970,Buy
2023-10-24 06:00:00,1976.515,1978.143,1975.73,1977.673,4194,No Trade
2023-10-24 07:00:00,1977.705,1979.213,1974.949,1975.435,4945,Sell
2023-10-24 08:00:00,1975.429,1976.027,1970.005,1972.349,4762,Sell
2023-10-24 09:00:00,1972.31,1972.59,1964.966,1966.631,5272,Sell
2023-10-24 10:00:00,1966.659,1967.484,1960.998,1961.935,4599,Sell
2023-10-24 11:00:00,1961.965,1964.309,1953.509,1963.853,6459,Buy
2023-10-24 12:00:00,1963.823,1966.911,1960.773,1964.93,7107,No Trade
2023-10-24 13:00:00,1964.952,1966.266,1959.054,1964.613,10346,No Trade
2023-10-24 14:00:00,1964.629,1965.863,1961.825,1963.904,7766,No Trade
2023-10-24 15:00:00,1963.906,1970.135,1961.323,1969.819,5904,No Trade
2023-10-24 16:00:00,1969.78,1976.054,1968.934,1974.363,5174,No Trade
2023-10-24 17:00:00,1974.351,1977.64,1973.7,1975.974,4252,No Trade
2023-10-24 18:00:00,1975.981,1976.302,1971.916,1973.77,3268,Sell
2023-10-24 19:00:00,1973.739,1974.047,1971.156,1972.767,3148,No Trade
2023-10-24 20:00:00,1972.73,1973.246,1970.976,1971.122,1781,Sell
2023-10-24 22:00:00,1970.941,1971.107,1970.048,1970.551,1127,No Trade
2023-10-24 23:00:00,1970.571,1973.512,1970.431,1972.944,1557,No Trade
2023-10-25 00:00:00,1972.948,1975.363,1972.038,1974.474,3184,No Trade
2023-10-25 01:00:00,1974.49,1977.073,1972.803,1976.025,4118,No Trade
2023-10-25 02:00:00,1976.035,1976.932,1971.427,1972.761,3668,Sell
2023-10-25 03:00:00,1972.774,1973.393,1970.921,1973.379,2961,Buy
2023-10-25 04:00:00,1973.304,1974.6,1971.965,1972.502,2719,Sell
2023-10-25 05:00:00,1972.489,1973.516,1970.829,1972.93,3078,No Trade
2023-10-25 06:00:00,1972.951,1976.052,1971.352,1971.459,4047,Sell
2023-10-25 07:00:00,1971.455,1973.334,1968.358,1971.223,4487,No Trade
2023-10-25 08:00:00,1971.219,1974.999,1970.679,1971.493,4275,Sell
2023-10-25 09:00:00,1971.522,1972.069,1969.516,1969.611,3816,Sell
2023-10-25 10:00:00,1969.615,1974.059,1969.546,1973.127,3659,No Trade
2023-10-25 11:00:00,1973.088,1976.53,1972.513,1974.754,3974,No Trade
2023-10-25 12:00:00,1974.795,1976.956,1972.463,1975.174,5750,No Trade
2023-10-25 13:00:00,1975.209,1987.335,1974.89,1985.212,8836,No Trade
2023-10-25 14:00:00,1985.161,1985.968,1974.865,1977.183,8884,Sell
2023-10-25 15:00:00,1977.112,1984.748,1963.101,1981.284,13249,Buy
2023-10-25 16:00:00,1981.291,1983.732,1977.602,1978.221,5218,Sell
2023-10-25 17:00:00,1978.216,1985.788,1976.611,1983.204,6883,No Trade
2023-10-25 18:00:00,1983.208,1984.447,1980.836,1981.602,3657,Sell
2023-10-25 19:00:00,1981.621,1982.714,1980.43,1980.847,3109,Sell
2023-10-25 20:00:00,1980.817,1980.884,1977.798,1979.998,2454,No Trade
2023-10-25 22:00:00,1980.283,1984.185,1980.203,1982.158,3150,Sell
2023-10-25 23:00:00,1982.155,1983.895,1981.533,1983.02,3519,No Trade
2023-10-26 00:00:00,1983.041,1984.838,1982.507,1983.485,3077,No Trade
2023-10-26 01:00:00,1983.515,1986.728,1983.317,1985.108,3959,No Trade
2023-10-26 02:00:00,1985.103,1986.982,1984.593,1984.91,2814,Sell
2023-10-26 03:00:00,1984.911,1987.475,1983.5,1987.231,2973,No Trade
2023-10-26 04:00:00,1987.228,1989.471,1987.187,1988.526,2497,No Trade
2023-10-26 05:00:00,1988.52,1989.688,1984.881,1985.902,3690,Sell
2023-10-26 06:00:00,1985.895,1988.3,1984.036,1985.076,4819,Sell
2023-10-26 07:00:00,1985.044,1990.135,1984.401,1990.117,4978,No Trade
2023-10-26 08:00:00,1990.133,1993.524,1988.713,1992.177,3948,No Trade
2023-10-26 09:00:00,1992.195,1992.232,1989.397,1990.709,3687,No Trade
2023-10-26 10:00:00,1990.713,1991.255,1986.069,1986.675,3527,Sell
2023-10-26 11:00:00,1986.666,1987.672,1982.517,1984.706,4088,Sell
2023-10-26 12:00:00,1984.725,1986.754,1974.835,1979.536,9854,Sell
2023-10-26 13:00:00,1979.553,1981.868,1974.66,1979.002,10367,No Trade
2023-10-26 14:00:00,1978.971,1980.511,1971.87,1979.576,8300,Buy
2023-10-26 15:00:00,1979.587,1981.362,1976.468,1980.304,5881,No Trade
2023-10-26 16:00:00,1980.301,1985.878,1979.771,1984.233,5318,No Trade
2023-10-26 17:00:00,1984.239,1989.353,1984.14,1987.0,5477,No Trade
2023-10-26 18:00:00,1986.973,1987.186,1984.862,1986.028,3445,Sell
2023-10-26 19:00:00,1986.009,1986.91,1982.4,1984.428,3388,Sell
2023-10-26 20:00:00,1984.396,1985.612,1983.938,1984.964,1798,No Trade
2023-10-26 22:00:00,1984.754,1985.67,1983.957,1985.341,1145,No Trade
2023-10-26 23:00:00,1985.345,1986.835,1983.459,1984.445,2715,Sell
2023-10-27 00:00:00,1984.443,1984.951,1982.943,1983.589,2844,Sell
2023-10-27 01:00:00,1983.587,1986.934,1983.263,1985.574,4088,No Trade
2023-10-27 02:00:00,1985.601,1988.923,1985.601,1986.789,3487,Sell
2023-10-27 03:00:00,1986.794,1988.378,1986.494,1987.96,2361,No Trade
2023-10-27 04:00:00,1987.952,1990.025,1987.952,1989.539,2618,No Trade
2023-10-27 05:00:00,1989.539,1989.656,1986.492,1988.964,3384,Buy
2023-10-27 06:00:00,1988.999,1989.767,1986.267,1987.577,4198,No Trade
2023-10-27 07:00:00,1987.605,1989.083,1985.889,1987.431,3997,No Trade
2023-10-27 08:00:00,1987.431,1987.509,1985.544,1986.954,3380,No Trade
2023-10-27 09:00:00,1986.987,1987.993,1985.329,1985.976,3125,Sell
2023-10-27 10:00:00,1985.975,1986.284,1980.683,1980.683,3399,Sell
2023-10-27 11:00:00,1980.606,1983.049,1980.012,1981.923,3942,No Trade
2023-10-27 12:00:00,1981.871,1986.219,1977.096,1980.45,9099,No Trade
2023-10-27 13:00:00,1980.418,1985.101,1976.938,1983.105,10139,No Trade
2023-10-27 14:00:00,1983.152,1985.743,1980.966,1982.185,7664,Sell
2023-10-27 15:00:00,1982.214,1983.534,1978.643,1979.997,5276,Sell
2023-10-27 16:00:00,1979.967,1983.839,1979.228,1983.695,3860,No Trade
2023-10-27 17:00:00,1983.699,1997.066,1983.108,1996.773,6413,Buy
2023-10-27 18:00:00,1996.778,2008.692,1995.894,2005.459,8447,No Trade
2023-10-27 19:00:00,2005.476,2009.456,2004.873,2007.044,5493,Sell
2023-10-27 20:00:00,2007.076,2007.23,2004.433,2006.183,3163,No Trade
2023-10-29 22:00:00,2003.089,2004.841,1996.933,2001.399,6026,No Trade
2023-10-29 23:00:00,2001.386,2003.732,2000.614,2002.721,3357,No Trade
2023-10-30 00:00:00,2002.749,2006.867,2002.337,2004.717,3844,No Trade
2023-10-30 01:00:00,2004.756,2005.833,2002.571,2004.702,3977,No Trade
2023-10-30 02:00:00,2004.671,2004.79,2001.994,2002.975,3258,Sell
2023-10-30 03:00:00,2002.973,2003.582,2001.58,2002.192,2812,Sell
2023-10-30 04:00:00,2002.21,2002.749,2000.247,2001.587,2361,Sell
2023-10-30 05:00:00,2001.577,2002.665,1999.632,1999.766,2796,Sell
2023-10-30 06:00:00,1999.75,2000.856,1995.127,1995.671,3874,Sell
2023-10-30 07:00:00,1995.64,1997.799,1993.493,1993.743,4857,Sell
2023-10-30 08:00:00,1993.777,1994.966,1991.041,1993.827,4679,Buy
2023-10-30 09:00:00,1993.858,1997.127,1991.689,1996.604,4674,Buy
2023-10-30 10:00:00,1996.623,1997.411,1994.17,1994.519,4015,Sell
2023-10-30 11:00:00,1994.511,1995.849,1992.714,1995.812,4104,Buy
2023-10-30 12:00:00,1995.818,2000.072,1993.839,1998.014,6591,No Trade
2023-10-30 13:00:00,1997.983,2002.546,1996.021,1998.529,8510,No Trade
2023-10-30 14:00:00,1998.524,2002.522,1992.075,1997.174,9886,No Trade
2023-10-30 15:00:00,1997.142,2000.439,1996.334,1999.159,5558,No Trade
2023-10-30 16:00:00,1999.195,2000.715,1997.749,1999.047,4186,No Trade
2023-10-30 17:00:00,1999.089,1999.828,1994.755,1998.053,4169,No Trade
2023-10-30 18:00:00,1998.046,1999.937,1997.386,1997.948,3096,No Trade
2023-10-30 19:00:00,1997.936,1998.762,1994.765,1996.002,3189,Sell
2023-10-30 20:00:00,1995.972,1996.76,1995.261,1996.26,1596,No Trade
2023-10-30 22:00:00,1995.948,1996.423,1994.956,1995.179,1161,Sell
2023-10-30 23:00:00,1995.183,1996.246,1994.029,1995.613,2189,No Trade
2023-10-31 00:00:00,1995.631,1996.346,1994.411,1995.694,2832,No Trade
2023-10-31 01:00:00,1995.695,1997.341,1994.804,1996.38,3556,No Trade
2023-10-31 02:00:00,1996.391,1997.144,1994.456,1994.612,2573,Sell
2023-10-31 03:00:00,1994.608,1995.12,1991.795,1992.26,4686,Sell
2023-10-31 04:00:00,1992.257,1993.199,1990.64,1992.814,2875,Buy
2023-10-31 05:00:00,1992.844,1995.191,1992.7,1993.149,3211,Sell
2023-10-31 06:00:00,1993.149,1995.247,1992.488,1994.931,3053,No Trade
2023-10-31 07:00:00,1994.937,1997.704,1994.764,1996.347,3585,No Trade
2023-10-31 08:00:00,1996.346,1999.253,1995.188,1997.1,4044,No Trade
2023-10-31 09:00:00,1997.093,1998.521,1996.253,1997.57,4093,No Trade
2023-10-31 10:00:00,1997.563,2000.092,1996.518,2000.092,3617,Buy
2023-10-31 11:00:00,2000.047,2000.436,1997.696,1999.944,3420,Buy
2023-10-31 12:00:00,1999.911,2001.588,1994.901,1995.735,6834,Sell
2023-10-31 13:00:00,1995.73,2004.094,1994.63,2002.564,7626,No Trade
2023-10-31 14:00:00,2002.561,2007.949,1998.916,1999.222,9221,Sell
2023-10-31 15:00:00,1999.221,1999.423,1992.53,1994.377,8107,Sell
2023-10-31 16:00:00,1994.304,1994.826,1986.668,1990.865,6863,Sell
2023-10-31 17:00:00,1990.861,1991.33,1983.326,1984.251,6238,Sell
2023-10-31 18:00:00,1984.22,1985.119,1978.906,1984.579,5123,Buy
2023-10-31 19:00:00,1984.58,1986.828,1984.239,1984.926,4005,Sell
2023-10-31 20:00:00,1984.889,1985.262,1983.364,1984.073,1977,Sell
2023-10-31 22:00:00,1983.74,1986.218,1983.698,1984.778,2206,Sell
2023-10-31 23:00:00,1984.818,1985.341,1983.196,1983.767,2170,Sell
2023-11-01 00:00:00,1983.77,1984.047,1978.838,1980.021,3464,Sell
2023-11-01 01:00:00,1980.054,1981.474,1978.041,1979.587,3680,No Trade
2023-11-01 02:00:00,1979.587,1980.943,1978.296,1978.424,3209,Sell
2023-11-01 03:00:00,1978.41,1979.086,1976.936,1977.18,2714,Sell
2023-11-01 04:00:00,1977.179,1978.449,1975.332,1977.751,3098,Buy
2023-11-01 05:00:00,1977.755,1979.515,1976.418,1979.161,2900,Buy
2023-11-01 06:00:00,1979.139,1981.067,1979.139,1980.323,3173,Sell
2023-11-01 07:00:00,1980.28,1980.638,1976.58,1977.203,3699,Sell
2023-11-01 08:00:00,1977.197,1983.012,1977.185,1982.48,4105,No Trade
2023-11-01 09:00:00,1982.501,1983.766,1980.531,1982.689,3547,No Trade
2023-11-01 10:00:00,1982.721,1984.128,1982.082,1983.208,3376,No Trade
2023-11-01 11:00:00,1983.221,1985.228,1982.435,1983.518,3386,No Trade
2023-11-01 12:00:00,1983.515,1988.602,1983.301,1986.586,7360,No Trade
2023-11-01 13:00:00,1986.551,1987.259,1981.141,1985.797,6912,Buy
2023-11-01 14:00:00,1985.813,1992.803,1985.813,1986.588,9923,Sell
2023-11-01 15:00:00,1986.624,1987.231,1978.441,1979.338,5977,Sell
2023-11-01 16:00:00,1979.306,1980.52,1974.668,1977.85,4812,Sell
2023-11-01 17:00:00,1977.856,1979.955,1977.416,1978.06,3828,Sell
2023-11-01 18:00:00,1978.038,1982.205,1969.923,1975.003,12828,Sell
2023-11-01 19:00:00,1974.965,1982.358,1974.873,1978.696,7513,Sell
2023-11-01 20:00:00,1978.663,1982.944,1977.215,1982.33,2566,No Trade
2023-11-01 22:00:00,1983.475,1984.152,1981.362,1983.848,2050,Buy
2023-11-01 23:00:00,1983.818,1985.733,1983.569,1985.11,3030,No Trade
2023-11-02 00:00:00,1985.089,1986.173,1983.976,1984.7,3250,Sell
2023-11-02 01:00:00,1984.715,1988.222,1984.327,1986.365,3872,Sell
2023-11-02 02:00:00,1986.356,1986.599,1983.48,1983.883,3092,Sell
2023-11-02 03:00:00,1983.851,1985.603,1983.413,1985.474,2534,No Trade
2023-11-02 04:00:00,1985.502,1986.623,1984.339,1986.103,2972,Buy
2023-11-02 05:00:00,1986.097,1986.72,1984.309,1985.401,3045,Sell
2023-11-02 06:00:00,1985.378,1986.158,1984.457,1985.801,3025,Buy
2023-11-02 07:00:00,1985.791,1986.489,1983.715,1985.508,3384,No Trade
2023-11-02 08:00:00,1985.477,1988.508,1984.607,1986.92,3646,No Trade
2023-11-02 09:00:00,1986.914,1989.671,1986.741,1988.29,3376,Sell
2023-11-02 10:00:00,1988.294,1989.467,1985.891,1988.911,3648,Buy
2023-11-02 11:00:00,1988.921,1990.431,1987.539,1988.574,3380,No Trade
2023-11-02 12:00:00,1988.606,1991.024,1986.916,1990.325,6552,Buy
2023-11-02 13:00:00,1990.355,1991.026,1982.02,1984.374,7907,Sell
2023-11-02 14:00:00,1984.336,1985.292,1980.663,1984.385,6936,Buy
2023-11-02 15:00:00,1984.372,1985.046,1978.898,1981.24,5842,Sell
2023-11-02 16:00:00,1981.227,1983.452,1979.086,1981.89,5132,No Trade
2023-11-02 17:00:00,1981.894,1986.756,1981.551,1985.111,3715,No Trade
2023-11-02 18:00:00,1985.104,1986.311,1984.478,1985.992,2816,No Trade
2023-11-02 19:00:00,1985.962,1986.396,1983.759,1985.499,2661,No Trade
2023-11-02 20:00:00,1985.467,1985.93,1984.619,1985.926,1776,Buy
2023-11-02 22:00:00,1986.243,1986.565,1984.634,1985.034,1258,Sell
2023-11-02 23:00:00,1985.034,1986.374,1984.401,1985.061,1508,No Trade
2023-11-03 00:00:00,1985.056,1986.299,1985.007,1985.606,2045,Sell
2023-11-03 01:00:00,1985.642,1985.801,1983.318,1983.978,3163,Sell
2023-11-03 02:00:00,1983.978,1987.913,1983.855,1987.423,2988,No Trade
2023-11-03 03:00:00,1987.409,1987.516,1985.526,1985.902,1883,Sell
2023-11-03 04:00:00,1985.903,1986.89,1985.587,1985.818,2183,Sell
2023-11-03 05:00:00,1985.793,1987.293,1985.749,1987.08,1974,No Trade
2023-11-03 06:00:00,1987.081,1988.341,1985.994,1987.637,2845,No Trade
2023-11-03 07:00:00,1987.641,1989.145,1984.683,1986.625,3763,No Trade
2023-11-03 08:00:00,1986.623,1989.163,1986.212,1988.625,3400,No Trade
2023-11-03 09:00:00,1988.613,1990.285,1988.353,1989.183,3333,Sell
2023-11-03 10:00:00,1989.176,1989.856,1987.114,1988.333,2933,Sell
2023-11-03 11:00:00,1988.327,1988.718,1987.021,1987.636,2970,Sell
2023-11-03 12:00:00,1987.688,2004.102,1985.901,2000.257,9360,No Trade
2023-11-03 13:00:00,2000.23,2001.806,1986.399,1995.376,16885,No Trade
2023-11-03 14:00:00,1995.534,1999.215,1988.679,1994.51,11822,No Trade
2023-11-03 15:00:00,1994.527,1995.833,1990.947,1991.807,6279,Sell
2023-11-03 16:00:00,1991.837,1993.264,1989.416,1990.443,5746,Sell
2023-11-03 17:00:00,1990.444,1993.665,1989.959,1993.138,4321,No Trade
2023-11-03 18:00:00,1993.139,1995.126,1992.866,1995.095,3018,No Trade
2023-11-03 19:00:00,1995.09,1995.157,1991.67,1992.82,2750,Sell
2023-11-03 20:00:00,1992.792,1992.985,1992.122,1992.616,1593,No Trade
2023-11-05 23:00:00,1991.519,1991.679,1987.249,1988.57,2472,Sell
2023-11-06 00:00:00,1988.573,1991.797,1987.145,1991.119,3044,No Trade
2023-11-06 01:00:00,1991.12,1993.142,1989.749,1992.118,4195,No Trade
2023-11-06 02:00:00,1992.122,1992.991,1986.874,1987.174,3086,No Trade
2023-11-06 03:00:00,1987.143,1988.306,1981.96,1985.286,3862,No Trade
2023-11-06 04:00:00,1985.254,1985.254,1983.248,1983.814,2360,Sell
2023-11-06 05:00:00,1983.814,1985.308,1982.346,1983.978,3386,No Trade
2023-11-06 06:00:00,1983.985,1985.372,1983.702,1984.304,2875,Sell
2023-11-06 07:00:00,1984.287,1984.983,1982.365,1983.535,3309,No Trade
2023-11-06 08:00:00,1983.561,1988.041,1982.989,1986.076,4392,No Trade
2023-11-06 09:00:00,1986.114,1987.329,1985.613,1986.869,3462,No Trade
2023-11-06 10:00:00,1986.854,1988.453,1986.275,1987.33,3101,No Trade
2023-11-06 11:00:00,1987.299,1987.737,1986.485,1987.737,2952,Buy
2023-11-06 12:00:00,1987.733,1988.237,1983.526,1984.477,3948,Sell
2023-11-06 13:00:00,1984.511,1989.147,1983.507,1986.392,5399,No Trade
2023-11-06 14:00:00,1986.424,1988.204,1984.148,1984.882,6274,Sell
2023-11-06 15:00:00,1984.877,1985.876,1981.178,1981.178,5519,Sell
2023-11-06 16:00:00,1981.223,1984.223,1979.937,1983.52,4828,No Trade
2023-11-06 17:00:00,1983.53,1984.521,1983.025,1983.757,3144,No Trade
2023-11-06 18:00:00,1983.755,1983.792,1980.593,1981.356,2929,Sell
2023-11-06 19:00:00,1981.351,1981.523,1979.275,1980.401,2891,Sell
2023-11-06 20:00:00,1980.381,1980.381,1977.439,1977.566,3032,Sell
2023-11-06 21:00:00,1977.601,1978.802,1977.451,1977.964,1999,Sell
2023-11-06 23:00:00,1978.246,1978.377,1975.837,1976.777,2655,Sell
2023-11-07 00:00:00,1976.753,1977.101,1975.53,1976.046,2931,Sell
2023-11-07 01:00:00,1976.014,1976.748,1974.866,1975.881,3495,No Trade
2023-11-07 02:00:00,1975.873,1976.172,1972.972,1973.003,2742,Sell
2023-11-07 03:00:00,1973.013,1973.68,1972.328,1972.662,2924,Sell
2023-11-07 04:00:00,1972.663,1973.347,1971.06,1971.456,2357,Sell
2023-11-07 05:00:00,1971.472,1974.237,1971.166,1973.737,2828,No Trade
2023-11-07 06:00:00,1973.709,1974.009,1971.137,1971.162,2881,Sell
2023-11-07 07:00:00,1971.169,1971.259,1967.29,1969.383,3688,Sell
2023-11-07 08:00:00,1969.376,1970.299,1966.1,1966.785,4271,Sell
2023-11-07 09:00:00,1966.772,1968.918,1964.257,1966.431,4112,No Trade
2023-11-07 10:00:00,1966.402,1968.105,1965.53,1966.204,4021,No Trade
2023-11-07 11:00:00,1966.203,1966.3,1962.737,1963.945,3757,Sell
2023-11-07 12:00:00,1963.94,1964.413,1957.264,1958.818,5505,Sell
2023-11-07 13:00:00,1958.818,1966.925,1956.724,1966.558,7135,No Trade
2023-11-07 14:00:00,1966.593,1967.294,1960.239,1960.461,7662,Sell
2023-11-07 15:00:00,1960.431,1965.686,1960.379,1963.397,6444,Sell
2023-11-07 16:00:00,1963.399,1966.667,1963.288,1964.768,4990,Sell
2023-11-07 17:00:00,1964.762,1964.946,1961.837,1964.006,4005,No Trade
2023-11-07 18:00:00,1964.039,1969.847,1963.687,1969.424,4106,Buy
2023-11-07 19:00:00,1969.424,1969.939,1967.275,1967.524,3005,Sell
2023-11-07 20:00:00,1967.524,1969.164,1967.011,1969.031,2931,No Trade
2023-11-07 21:00:00,1968.993,1969.278,1968.352,1969.197,1683,Buy
2023-11-07 23:00:00,1969.351,1969.437,1968.286,1969.002,2100,No Trade
2023-11-08 00:00:00,1969.008,1970.107,1967.97,1968.192,2703,Sell
2023-11-08 01:00:00,1968.192,1969.964,1967.653,1968.71,3249,No Trade
2023-11-08 02:00:00,1968.706,1971.089,1967.421,1968.686,3202,No Trade
2023-11-08 03:00:00,1968.716,1968.941,1967.583,1967.85,2858,Sell
2023-11-08 04:00:00,1967.846,1967.97,1967.547,1967.707,2201,Sell
2023-11-08 05:00:00,1967.706,1968.009,1965.05,1965.674,2692,Sell
2023-11-08 06:00:00,1965.677,1969.201,1965.205,1967.393,3316,No Trade
2023-11-08 07:00:00,1967.397,1968.602,1965.643,1967.693,3544,No Trade
2023-11-08 08:00:00,1967.661,1969.037,1967.029,1968.258,3823,No Trade
2023-11-08 09:00:00,1968.263,1968.32,1965.522,1965.544,3765,Sell
2023-11-08 10:00:00,1965.55,1965.55,1959.521,1962.078,4491,Sell
2023-11-08 11:00:00,1962.073,1965.061,1961.799,1964.486,3226,No Trade
2023-11-08 12:00:00,1964.496,1964.591,1961.995,1962.833,3433,Sell
2023-11-08 13:00:00,1962.863,1966.746,1962.863,1964.859,5701,Sell
2023-11-08 14:00:00,1964.863,1966.441,1959.928,1960.312,6501,Sell
2023-11-08 15:00:00,1960.281,1960.684,1951.018,1955.455,7752,Sell
2023-11-08 16:00:00,1955.425,1957.965,1952.287,1954.953,6578,No Trade
2023-11-08 17:00:00,1954.976,1956.735,1952.014,1953.789,4343,Sell
2023-11-08 18:00:00,1953.817,1954.784,1950.995,1952.046,4587,Sell
2023-11-08 19:00:00,1952.064,1952.075,1947.569,1948.23,3286,Sell
2023-11-08 20:00:00,1948.224,1950.305,1947.435,1949.717,3074,No Trade
2023-11-08 21:00:00,1949.686,1950.76,1949.472,1950.265,1985,No Trade
2023-11-08 23:00:00,1950.019,1951.915,1949.991,1950.912,2516,No Trade
2023-11-09 00:00:00,1950.915,1952.077,1948.953,1952.074,2713,Buy
2023-11-09 01:00:00,1952.036,1954.6,1951.471,1953.385,3983,No Trade
2023-11-09 02:00:00,1953.385,1953.412,1949.074,1950.06,4161,No Trade
2023-11-09 03:00:00,1950.068,1950.485,1947.866,1949.302,3012,No Trade
2023-11-09 04:00:00,1949.324,1949.853,1948.504,1949.549,2906,Buy
2023-11-09 05:00:00,1949.557,1950.246,1948.14,1950.207,2859,Buy
2023-11-09 06:00:00,1950.236,1950.426,1949.103,1949.389,3388,Sell
2023-11-09 07:00:00,1949.382,1950.569,1948.741,1949.428,3258,No Trade
2023-11-09 08:00:00,1949.398,1949.732,1944.62,1948.484,4435,Buy
2023-11-09 09:00:00,1948.455,1949.773,1946.443,1946.972,3612,Sell
2023-11-09 10:00:00,1946.948,1948.497,1945.313,1947.159,3120,No Trade
2023-11-09 11:00:00,1947.162,1949.331,1946.132,1948.894,2897,No Trade
2023-11-09 12:00:00,1948.901,1949.008,1945.146,1945.876,4475,Sell
2023-11-09 13:00:00,1945.907,1951.355,1944.907,1950.612,7152,No Trade
2023-11-09 14:00:00,1950.651,1958.933,1948.626,1958.152,7793,Sell
2023-11-09 15:00:00,1958.141,1965.023,1955.456,1963.025,7811,No Trade
2023-11-09 16:00:00,1962.962,1963.768,1959.896,1960.659,4922,Sell
2023-11-09 17:00:00,1960.69,1964.24,1960.172,1961.921,4510,Sell
2023-11-09 18:00:00,1961.911,1965.818,1958.437,1963.096,6721,No Trade
2023-11-09 19:00:00,1963.065,1963.119,1956.258,1958.449,6068,No Trade
2023-11-09 20:00:00,1958.486,1960.098,1957.101,1957.413,3525,Sell
2023-11-09 21:00:00,1957.38,1958.682,1956.96,1958.414,1925,No Trade
2023-11-09 23:00:00,1958.3,1959.782,1958.072,1959.158,2443,No Trade
2023-11-10 00:00:00,1959.159,1960.666,1958.6,1960.577,2909,No Trade
2023-11-10 01:00:00,1960.566,1960.815,1958.901,1959.165,3614,Sell
2023-11-10 02:00:00,1959.178,1960.046,1956.526,1958.388,3124,No Trade
2023-11-10 03:00:00,1958.356,1960.472,1957.756,1959.486,2968,No Trade
2023-11-10 04:00:00,1959.483,1959.567,1957.642,1957.892,2557,Sell
2023-11-10 05:00:00,1957.892,1957.91,1956.486,1957.387,2605,No Trade
2023-11-10 06:00:00,1957.389,1958.32,1955.739,1957.067,3005,No Trade
2023-11-10 07:00:00,1957.047,1957.214,1953.815,1955.45,3758,Sell
2023-11-10 08:00:00,1955.433,1957.259,1954.722,1954.994,3891,Sell
2023-11-10 09:00:00,1955.007,1955.388,1953.595,1953.997,3257,Sell
2023-11-10 10:00:00,1953.966,1954.476,1951.524,1954.186,3365,Buy
2023-11-10 11:00:00,1954.138,1954.138,1947.159,1948.277,3888,Sell
2023-11-10 12:00:00,1948.267,1949.248,1943.466,1947.411,4652,No Trade
2023-11-10 13:00:00,1947.364,1948.746,1943.228,1946.228,6233,No Trade
2023-11-10 14:00:00,1946.259,1947.729,1941.242,1942.605,6305,Sell
2023-11-10 15:00:00,1942.449,1946.912,1939.778,1942.07,7615,No Trade
2023-11-10 16:00:00,1942.109,1943.504,1937.269,1939.614,5327,Sell
2023-11-10 17:00:00,1939.586,1940.172,1936.611,1936.849,3982,Sell
2023-11-10 18:00:00,1936.855,1937.729,1932.998,1936.01,4251,No Trade
2023-11-10 19:00:00,1936.042,1937.398,1935.049,1935.54,3223,Sell
2023-11-10 20:00:00,1935.536,1936.689,1934.653,1936.124,2624,No Trade
2023-11-10 21:00:00,1936.151,1939.005,1935.937,1938.453,2252,No Trade
2023-11-12 23:00:00,1941.102,1941.399,1921.599,1940.444,2192,Buy
2023-11-13 00:00:00,1940.474,1942.013,1939.443,1939.443,3303,Sell
2023-11-13 01:00:00,1939.443,1940.892,1938.109,1940.368,3883,No Trade
2023-11-13 02:00:00,1940.344,1941.311,1937.505,1937.566,3395,Sell
2023-11-13 03:00:00,1937.603,1937.982,1934.152,1935.412,3617,Sell
2023-11-13 04:00:00,1935.414,1935.978,1934.246,1935.764,2225,Buy
2023-11-13 05:00:00,1935.755,1939.751,1935.749,1939.127,3156,No Trade
2023-11-13 06:00:00,1939.128,1940.124,1938.529,1938.708,3123,Sell
2023-11-13 07:00:00,1938.728,1941.286,1937.796,1938.863,3925,No Trade
2023-11-13 08:00:00,1938.895,1939.427,1936.082,1936.692,3895,Sell
2023-11-13 09:00:00,1936.714,1940.524,1936.142,1938.292,3657,Sell
2023-11-13 10:00:00,1938.286,1939.647,1937.178,1939.563,3008,Buy
2023-11-13 11:00:00,1939.563,1939.744,1937.271,1938.065,2937,Sell
2023-11-13 12:00:00,1938.055,1938.453,1935.476,1936.323,3109,Sell
2023-11-13 13:00:00,1936.292,1938.056,1934.019,1936.075,4996,No Trade
2023-11-13 14:00:00,1936.056,1936.201,1932.587,1932.797,5376,Sell
2023-11-13 15:00:00,1932.78,1939.011,1931.704,1938.522,6000,Sell
2023-11-13 16:00:00,1938.505,1946.616,1938.235,1945.79,5012,Buy
2023-11-13 17:00:00,1945.812,1949.287,1944.958,1945.842,3918,No Trade
2023-11-13 18:00:00,1945.841,1947.915,1944.788,1947.912,3363,Buy
2023-11-13 19:00:00,1947.911,1948.11,1945.801,1946.242,2547,No Trade
2023-11-13 20:00:00,1946.226,1946.86,1945.25,1946.705,2565,Buy
2023-11-13 21:00:00,1946.675,1946.684,1946.008,1946.122,1187,Sell
2023-11-13 23:00:00,1946.392,1946.571,1945.673,1946.499,1598,Sell
2023-11-14 00:00:00,1946.514,1947.359,1945.963,1946.838,2284,Buy
2023-11-14 01:00:00,1946.868,1948.42,1945.488,1945.757,2949,Sell
2023-11-14 02:00:00,1945.754,1946.729,1944.419,1945.864,3049,No Trade
2023-11-14 03:00:00,1945.86,1946.027,1944.757,1944.863,2484,Sell
2023-11-14 04:00:00,1944.831,1945.529,1943.946,1944.786,2188,No Trade
2023-11-14 05:00:00,1944.781,1945.291,1943.832,1944.496,2421,No Trade
2023-11-14 06:00:00,1944.496,1946.059,1944.263,1944.693,2602,Sell
2023-11-14 07:00:00,1944.685,1946.529,1944.384,1945.693,2945,No Trade
2023-11-14 08:00:00,1945.711,1946.054,1944.397,1945.435,3223,No Trade
2023-11-14 09:00:00,1945.434,1948.053,1945.308,1947.197,3833,No Trade
2023-11-14 10:00:00,1947.189,1948.189,1946.276,1946.914,3254,No Trade
2023-11-14 11:00:00,1946.908,1947.211,1945.289,1945.937,3094,Sell
2023-11-14 12:00:00,1945.971,1946.686,1944.826,1945.193,3122,Sell
2023-11-14 13:00:00,1945.222,1959.153,1937.683,1954.439,11773,No Trade
2023-11-14 14:00:00,1954.407,1971.054,1953.687,1967.798,11676,No Trade
2023-11-14 15:00:00,1967.768,1969.247,1962.33,1964.415,7229,Sell
2023-11-14 16:00:00,1964.449,1966.656,1963.239,1964.238,5351,No Trade
2023-11-14 17:00:00,1964.205,1965.115,1961.923,1962.287,4553,Sell
2023-11-14 18:00:00,1962.259,1964.418,1961.683,1962.805,3736,No Trade
2023-11-14 19:00:00,1962.826,1963.858,1962.358,1963.718,2912,No Trade
2023-11-14 20:00:00,1963.723,1964.563,1963.021,1963.85,2790,No Trade
2023-11-14 21:00:00,1963.881,1964.027,1962.666,1963.257,1499,Sell
2023-11-14 23:00:00,1963.036,1963.27,1962.278,1962.593,1835,Sell
2023-11-15 00:00:00,1962.587,1963.813,1961.627,1963.68,2942,Buy
2023-11-15 01:00:00,1963.71,1964.049,1961.637,1962.783,3795,No Trade
2023-11-15 02:00:00,1962.797,1964.682,1962.685,1964.469,3278,Buy
2023-11-15 03:00:00,1964.462,1967.06,1964.446,1966.915,3021,Buy
2023-11-15 04:00:00,1966.927,1968.025,1966.509,1967.58,2705,No Trade
2023-11-15 05:00:00,1967.571,1967.712,1965.97,1967.001,3060,No Trade
2023-11-15 06:00:00,1966.987,1970.582,1966.9,1969.653,3413,No Trade
2023-11-15 07:00:00,1969.636,1971.112,1967.361,1970.361,4097,Buy
2023-11-15 08:00:00,1970.388,1972.595,1969.85,1971.567,4386,No Trade
2023-11-15 09:00:00,1971.534,1972.226,1970.079,1971.495,3770,No Trade
2023-11-15 10:00:00,1971.523,1974.13,1971.307,1973.115,3507,No Trade
2023-11-15 11:00:00,1973.145,1973.564,1971.971,1972.996,3170,No Trade
2023-11-15 12:00:00,1973.001,1973.401,1970.379,1971.62,3897,Sell
2023-11-15 13:00:00,1971.588,1975.38,1963.5,1965.636,8486,Sell
2023-11-15 14:00:00,1965.678,1966.749,1955.513,1957.542,8318,Sell
2023-11-15 15:00:00,1957.51,1964.516,1957.227,1963.215,6475,No Trade
2023-11-15 16:00:00,1963.232,1963.76,1959.221,1962.358,4962,No Trade
2023-11-15 17:00:00,1962.35,1963.257,1960.518,1961.465,4066,Sell
2023-11-15 18:00:00,1961.434,1962.125,1959.245,1960.482,3559,Sell
2023-11-15 19:00:00,1960.492,1962.236,1960.398,1961.786,2914,No Trade
2023-11-15 20:00:00,1961.813,1962.277,1959.02,1959.521,2967,Sell
2023-11-15 21:00:00,1959.486,1960.479,1959.206,1959.557,1522,No Trade
2023-11-15 23:00:00,1960.36,1961.049,1959.75,1960.431,2003,No Trade
2023-11-16 00:00:00,1960.433,1961.458,1958.902,1959.669,2451,No Trade
2023-11-16 01:00:00,1959.663,1959.899,1957.687,1958.37,3515,No Trade
2023-11-16 02:00:00,1958.388,1961.066,1956.537,1960.749,3730,No Trade
2023-11-16 03:00:00,1960.745,1962.239,1960.403,1961.501,2724,No Trade
2023-11-16 04:00:00,1961.497,1962.657,1960.885,1962.621,2232,No Trade
2023-11-16 05:00:00,1962.656,1963.926,1962.192,1962.948,2726,No Trade
2023-11-16 06:00:00,1962.95,1967.35,1962.846,1966.979,3255,Buy
2023-11-16 07:00:00,1966.953,1967.845,1965.752,1966.605,3395,No Trade
2023-11-16 08:00:00,1966.573,1967.552,1964.928,1967.521,3761,Buy
2023-11-16 09:00:00,1967.535,1968.636,1966.023,1966.331,3394,Sell
2023-11-16 10:00:00,1966.332,1966.79,1964.708,1965.207,3123,Sell
2023-11-16 11:00:00,1965.173,1966.504,1964.825,1965.636,2839,No Trade
2023-11-16 12:00:00,1965.631,1965.731,1962.169,1964.366,3667,No Trade
2023-11-16 13:00:00,1964.374,1973.001,1964.257,1972.161,6697,No Trade
2023-11-16 14:00:00,1972.158,1982.77,1971.592,1979.761,7930,No Trade
2023-11-16 15:00:00,1979.796,1986.553,1979.169,1984.979,7643,No Trade
2023-11-16 16:00:00,1984.958,1988.043,1980.228,1982.054,6158,Sell
2023-11-16 17:00:00,1982.043,1983.75,1980.91,1983.451,4431,No Trade
2023-11-16 18:00:00,1983.409,1985.261,1983.218,1984.226,3565,Sell
2023-11-16 19:00:00,1984.226,1984.403,1982.992,1983.453,3075,Sell
2023-11-16 20:00:00,1983.399,1984.141,1980.813,1980.907,3139,Sell
2023-11-16 21:00:00,1980.918,1981.449,1980.637,1981.36,1493,Buy
2023-11-16 23:00:00,1980.952,1982.965,1980.875,1982.645,1877,No Trade
2023-11-17 00:00:00,1982.749,1985.041,1981.833,1985.031,2453,No Trade
2023-11-17 01:00:00,1985.019,1987.044,1982.767,1983.485,4073,Sell
2023-11-17 02:00:00,1983.486,1985.796,1983.22,1985.38,3434,No Trade
2023-11-17 03:00:00,1985.383,1986.931,1985.215,1986.764,3132,No Trade
2023-11-17 04:00:00,1986.763,1987.124,1985.353,1986.133,2548,Sell
2023-11-17 05:00:00,1986.123,1986.123,1984.366,1984.499,2750,Sell
2023-11-17 06:00:00,1984.494,1984.828,1982.776,1983.667,2863,Sell
2023-11-17 07:00:00,1983.629,1987.769,1982.917,1987.763,3514,No Trade
2023-11-17 08:00:00,1987.716,1989.194,1984.688,1988.741,4639,Buy
2023-11-17 09:00:00,1988.778,1992.487,1988.235,1991.344,4187,No Trade
2023-11-17 10:00:00,1991.377,1993.509,1990.601,1991.845,3751,Sell
2023-11-17 11:00:00,1991.845,1991.89,1987.457,1988.834,4122,Sell
2023-11-17 12:00:00,1988.902,1990.888,1987.72,1988.816,3895,No Trade
2023-11-17 13:00:00,1988.849,1991.697,1983.665,1984.895,6482,Sell
2023-11-17 14:00:00,1984.911,1986.763,1979.424,1980.498,7427,Sell
2023-11-17 15:00:00,1980.476,1984.375,1980.013,1983.5,5824,No Trade
2023-11-17 16:00:00,1983.532,1985.382,1979.446,1981.258,5128,Sell
2023-11-17 17:00:00,1981.256,1981.256,1978.614,1981.102,3969,Buy
2023-11-17 18:00:00,1981.117,1982.841,1980.531,1982.02,3425,No Trade
2023-11-17 19:00:00,1982.028,1982.058,1979.764,1980.421,2884,No Trade
2023-11-17 20:00:00,1980.468,1981.121,1979.054,1980.833,2770,Buy
2023-11-17 21:00:00,1980.784,1980.915,1980.027,1980.735,1710,Buy
2023-11-19 23:00:00,1977.556,1978.82,1974.22,1974.571,2472,Sell
2023-11-20 00:00:00,1974.632,1977.699,1973.453,1977.542,3519,Buy
2023-11-20 01:00:00,1977.54,1983.11,1977.387,1981.154,4625,No Trade
2023-11-20 02:00:00,1981.194,1985.221,1979.784,1982.904,4237,No Trade
2023-11-20 03:00:00,1982.863,1983.175,1980.261,1982.366,3722,No Trade
2023-11-20 04:00:00,1982.34,1983.492,1980.988,1981.47,3400,Sell
2023-11-20 05:00:00,1981.48,1983.453,1979.635,1980.664,3479,Sell
2023-11-20 06:00:00,1980.713,1981.889,1978.871,1980.361,3971,No Trade
2023-11-20 07:00:00,1980.333,1981.092,1978.184,1978.595,4280,Sell
2023-11-20 08:00:00,1978.647,1980.111,1975.922,1977.054,5080,Sell
2023-11-20 09:00:00,1977.052,1980.626,1976.323,1979.33,4276,No Trade
2023-11-20 10:00:00,1979.346,1979.571,1975.1,1975.904,4058,Sell
2023-11-20 11:00:00,1975.89,1976.351,1972.319,1973.432,3726,Sell
2023-11-20 12:00:00,1973.411,1973.479,1970.631,1972.531,4614,Sell
2023-11-20 13:00:00,1972.465,1973.285,1965.688,1968.28,6836,Sell
2023-11-20 14:00:00,1968.265,1973.065,1965.516,1970.306,6655,No Trade
2023-11-20 15:00:00,1970.275,1973.143,1968.854,1971.987,5511,No Trade
2023-11-20 16:00:00,1972.025,1975.203,1971.327,1974.592,4488,No Trade
2023-11-20 17:00:00,1974.643,1976.359,1972.588,1973.842,4030,Sell
2023-11-20 18:00:00,1973.813,1979.014,1973.477,1977.524,5222,No Trade
2023-11-20 19:00:00,1977.515,1979.025,1975.734,1978.477,3335,Buy
2023-11-20 20:00:00,1978.482,1978.947,1976.988,1977.844,3029,No Trade
2023-11-20 21:00:00,1977.888,1978.15,1977.058,1977.831,1562,Buy
2023-11-20 23:00:00,1977.981,1981.67,1977.83,1981.269,2269,Buy
2023-11-21 00:00:00,1981.255,1986.817,1980.809,1986.445,3636,Buy
2023-11-21 01:00:00,1986.392,1990.489,1984.034,1990.157,5524,Buy
2023-11-21 02:00:00,1990.078,1992.795,1988.877,1990.784,4107,No Trade
2023-11-21 03:00:00,1990.825,1994.376,1989.867,1993.357,3587,No Trade
2023-11-21 04:00:00,1993.3,1994.144,1991.226,1992.209,3543,Sell
2023-11-21 05:00:00,1992.214,1993.415,1991.005,1991.745,3686,Sell
2023-11-21 06:00:00,1991.766,1992.573,1989.724,1990.846,3822,Sell
2023-11-21 07:00:00,1990.852,1993.696,1990.504,1992.459,4287,Sell
2023-11-21 08:00:00,1992.394,1994.345,1986.613,1987.908,5170,Sell
2023-11-21 09:00:00,1987.914,1988.68,1984.336,1985.448,4683,Sell
2023-11-21 10:00:00,1985.45,1989.986,1985.407,1988.672,3802,No Trade
2023-11-21 11:00:00,1988.641,1989.0,1986.125,1987.302,3762,No Trade
2023-11-21 12:00:00,1987.316,1989.464,1986.701,1989.207,4288,No Trade
2023-11-21 13:00:00,1989.267,2000.306,1989.267,1997.646,7927,No Trade
2023-11-21 14:00:00,1997.683,2007.394,1997.332,2005.383,7964,No Trade
2023-11-21 15:00:00,2005.358,2007.586,2003.018,2004.258,6872,No Trade
2023-11-21 16:00:00,2004.272,2005.454,1998.718,2001.147,5790,Sell
2023-11-21 17:00:00,2001.175,2001.689,1999.149,2001.504,4120,Sell
2023-11-21 18:00:00,2001.511,2001.895,1997.877,1998.711,4405,No Trade
2023-11-21 19:00:00,1998.674,2000.719,1996.233,2000.121,4555,Buy
2023-11-21 20:00:00,2000.16,2000.253,1998.466,1999.079,3046,Sell
2023-11-21 21:00:00,1999.058,1999.154,1997.898,1998.495,1646,Sell
2023-11-21 23:00:00,1998.667,1999.997,1998.31,1999.439,2085,No Trade
2023-11-22 00:00:00,1999.438,1999.438,1996.948,1997.477,3126,Sell
2023-11-22 01:00:00,1997.52,1998.897,1995.897,1996.217,4170,Sell
2023-11-22 02:00:00,1996.192,1997.727,1995.562,1996.831,3554,No Trade
2023-11-22 03:00:00,1996.817,1998.168,1995.972,1996.564,3024,Sell
2023-11-22 04:00:00,1996.561,2000.408,1996.27,1999.405,2750,No Trade
2023-11-22 05:00:00,1999.356,1999.818,1996.832,1998.822,3537,No Trade
2023-11-22 06:00:00,1998.869,2001.331,1998.285,2000.895,4419,No Trade
2023-11-22 07:00:00,2000.93,2004.128,2000.22,2003.757,4274,No Trade
2023-11-22 08:00:00,2003.729,2006.504,1999.353,1999.768,5104,Sell
2023-11-22 09:00:00,1999.766,2003.673,1999.07,2002.196,4039,No Trade
2023-11-22 10:00:00,2002.164,2002.974,1999.597,2001.147,3770,Sell
2023-11-22 11:00:00,2001.141,2003.498,2000.479,2000.7,3632,Sell
2023-11-22 12:00:00,2000.704,2003.185,2000.134,2001.995,3599,No Trade
2023-11-22 13:00:00,2002.044,2003.31,1996.823,1999.214,6407,Sell
2023-11-22 14:00:00,1999.205,2002.467,1998.601,2001.791,6454,No Trade
2023-11-22 15:00:00,2001.754,2001.754,1989.985,1995.001,7976,Sell
2023-11-22 16:00:00,1994.996,1995.578,1990.121,1991.128,4914,Sell
2023-11-22 17:00:00,1991.173,1992.51,1988.702,1991.642,3898,Sell
2023-11-22 18:00:00,1991.587,1992.691,1986.951,1988.481,3796,No Trade
2023-11-22 19:00:00,1988.525,1991.262,1988.456,1990.747,3429,No Trade
2023-11-22 20:00:00,1990.8,1991.581,1989.49,1989.795,2831,Sell
2023-11-22 21:00:00,1989.752,1990.236,1989.446,1989.868,1765,No Trade
2023-11-22 23:00:00,1989.678,1991.913,1989.664,1990.606,2051,Sell
2023-11-23 00:00:00,1990.615,1992.234,1990.216,1992.032,2650,No Trade
2023-11-23 01:00:00,1992.033,1994.152,1991.265,1993.541,3667,No Trade
2023-11-23 02:00:00,1993.543,1995.091,1993.284,1994.32,3243,No Trade
2023-11-23 03:00:00,1994.32,1998.338,1993.167,1997.804,3162,No Trade
2023-11-23 04:00:00,1997.786,1997.922,1993.42,1995.263,2886,No Trade
2023-11-23 05:00:00,1995.268,1996.55,1994.385,1996.284,2797,No Trade
2023-11-23 06:00:00,1996.278,1997.637,1995.341,1996.27,3229,No Trade
2023-11-23 07:00:00,1996.274,1998.661,1994.223,1996.465,3711,No Trade
2023-11-23 08:00:00,1996.434,1996.506,1993.846,1995.079,4011,Sell
2023-11-23 09:00:00,1995.017,1995.525,1992.293,1994.408,3656,No Trade
2023-11-23 10:00:00,1994.406,1994.961,1992.228,1993.589,2999,No Trade
2023-11-23 11:00:00,1993.596,1994.497,1993.002,1993.941,2745,No Trade
2023-11-23 12:00:00,1993.923,1994.302,1992.037,1992.552,3046,Sell
2023-11-23 13:00:00,1992.516,1993.419,1991.92,1992.827,3289,No Trade
2023-11-23 14:00:00,1992.837,1994.954,1992.137,1993.939,3604,No Trade
2023-11-23 15:00:00,1993.905,1993.977,1991.878,1992.229,3072,Sell
2023-11-23 16:00:00,1992.239,1992.239,1989.862,1990.637,2855,Sell
2023-11-23 17:00:00,1990.641,1993.057,1990.626,1992.829,1960,Buy
2023-11-23 18:00:00,1992.778,1993.068,1992.087,1992.232,293,Sell
2023-11-23 23:00:00,1992.738,1994.466,1992.67,1994.138,1467,No Trade
2023-11-24 00:00:00,1994.172,1994.981,1993.134,1993.961,2830,No Trade
2023-11-24 01:00:00,1993.967,1994.954,1991.581,1992.914,3684,Sell
2023-11-24 02:00:00,1992.904,1994.234,1991.989,1992.362,3317,Sell
2023-11-24 03:00:00,1992.324,1993.688,1991.705,1993.623,3252,Buy
2023-11-24 04:00:00,1993.624,1994.89,1991.563,1993.822,3539,No Trade
2023-11-24 05:00:00,1993.824,1994.52,1992.952,1994.295,2819,Buy
2023-11-24 06:00:00,1994.315,1994.373,1992.592,1993.646,3196,No Trade
2023-11-24 07:00:00,1993.687,1994.236,1992.164,1993.583,3234,Buy
2023-11-24 08:00:00,1993.553,1994.37,1992.321,1993.487,3697,No Trade
2023-11-24 09:00:00,1993.428,1994.983,1993.28,1994.586,3317,No Trade
2023-11-24 10:00:00,1994.624,1996.397,1994.344,1995.801,3454,No Trade
2023-11-24 11:00:00,1995.842,1996.234,1994.594,1995.279,3092,Sell
2023-11-24 12:00:00,1995.329,1997.231,1994.955,1995.535,3440,Sell
2023-11-24 13:00:00,1995.494,2002.006,1994.424,1999.668,6066,No Trade
2023-11-24 14:00:00,1999.712,2003.196,1999.563,2001.237,5994,Sell
2023-11-24 15:00:00,2001.284,2003.721,1997.349,1998.431,5697,No Trade
2023-11-24 16:00:00,1998.44,2000.382,1997.209,1999.96,4138,No Trade
2023-11-24 17:00:00,1999.957,2002.408,1999.601,2001.021,3511,Sell
2023-11-24 18:00:00,2000.996,2002.343,2000.026,2002.343,1160,Buy
2023-11-26 23:00:00,2001.056,2003.134,2000.642,2002.405,2316,No Trade
2023-11-27 00:00:00,2002.464,2004.327,2001.889,2002.18,3624,Sell
2023-11-27 01:00:00,2002.206,2018.287,2002.185,2012.057,7999,No Trade
2023-11-27 02:00:00,2012.06,2012.16,2007.477,2011.319,4522,Buy
2023-11-27 03:00:00,2011.317,2011.956,2007.52,2009.651,3859,No Trade
2023-11-27 04:00:00,2009.631,2013.728,2008.492,2012.997,3882,No Trade
2023-11-27 05:00:00,2012.999,2013.824,2010.684,2010.764,3648,Sell
2023-11-27 06:00:00,2010.74,2012.021,2008.814,2009.776,4050,Sell
2023-11-27 07:00:00,2009.727,2011.372,2009.562,2010.954,4142,No Trade
2023-11-27 08:00:00,2010.93,2013.991,2010.566,2013.906,4471,Buy
2023-11-27 09:00:00,2013.855,2015.59,2012.992,2013.473,3830,Sell
2023-11-27 10:00:00,2013.505,2015.088,2011.825,2014.419,4033,No Trade
2023-11-27 11:00:00,2014.42,2015.05,2011.797,2012.618,3700,No Trade
2023-11-27 12:00:00,2012.628,2014.476,2011.546,2013.6,3854,No Trade
2023-11-27 13:00:00,2013.684,2016.437,2009.849,2011.435,6697,Sell
2023-11-27 14:00:00,2011.466,2013.221,2010.661,2011.54,6277,No Trade
2023-11-27 15:00:00,2011.537,2014.998,2008.743,2010.302,7653,Sell
2023-11-27 16:00:00,2010.355,2011.331,2005.768,2010.854,5993,Buy
2023-11-27 17:00:00,2010.821,2011.181,2008.777,2010.029,3870,No Trade
2023-11-27 18:00:00,2010.047,2013.222,2009.582,2012.438,3830,No Trade
2023-11-27 19:00:00,2012.44,2013.663,2012.135,2012.876,2911,No Trade
2023-11-27 20:00:00,2012.87,2014.807,2012.024,2014.434,2926,No Trade
2023-11-27 21:00:00,2014.403,2014.641,2013.6,2014.188,1954,No Trade
2023-11-27 23:00:00,2014.142,2015.523,2013.12,2015.315,1963,No Trade
2023-11-28 00:00:00,2015.317,2018.127,2015.317,2017.174,3260,No Trade
2023-11-28 01:00:00,2017.228,2018.121,2013.924,2015.579,4431,Sell
2023-11-28 02:00:00,2015.557,2017.823,2014.19,2015.313,3532,No Trade
2023-11-28 03:00:00,2015.266,2017.275,2014.922,2014.999,3117,Sell
2023-11-28 04:00:00,2015.037,2016.964,2014.151,2015.241,2655,No Trade
2023-11-28 05:00:00,2015.282,2015.907,2014.33,2015.221,2702,No Trade
2023-11-28 06:00:00,2015.206,2016.872,2014.456,2015.893,3109,No Trade
2023-11-28 07:00:00,2015.907,2016.682,2012.179,2013.609,3806,Sell
2023-11-28 08:00:00,2013.619,2015.791,2012.577,2015.42,4367,No Trade
2023-11-28 09:00:00,2015.459,2016.761,2014.439,2016.018,3580,No Trade
2023-11-28 10:00:00,2016.032,2016.227,2013.458,2014.602,3158,No Trade
2023-11-28 11:00:00,2014.635,2015.803,2014.448,2015.227,3034,No Trade
2023-11-28 12:00:00,2015.273,2016.028,2014.055,2014.43,3374,Sell
2023-11-28 13:00:00,2014.45,2021.643,2011.487,2021.527,6329,No Trade
2023-11-28 14:00:00,2021.55,2028.548,2020.641,2026.182,8342,No Trade
2023-11-28 15:00:00,2026.173,2031.609,2023.765,2030.894,8013,No Trade
2023-11-28 16:00:00,2030.897,2040.647,2030.465,2039.802,6554,Buy
2023-11-28 17:00:00,2039.786,2043.126,2038.768,2040.736,5128,No Trade
2023-11-28 18:00:00,2040.797,2041.496,2038.227,2039.522,4176,Sell
2023-11-28 19:00:00,2039.518,2042.627,2039.476,2041.872,3536,No Trade
2023-11-28 20:00:00,2041.869,2041.939,2039.718,2041.228,3173,No Trade
2023-11-28 21:00:00,2041.197,2042.223,2040.086,2041.026,2158,No Trade
2023-11-28 23:00:00,2041.356,2044.673,2040.781,2044.506,3064,No Trade
2023-11-29 00:00:00,2044.526,2049.695,2042.851,2049.504,4548,No Trade
2023-11-29 01:00:00,2049.51,2052.13,2046.81,2048.742,5955,No Trade
2023-11-29 02:00:00,2048.795,2049.073,2046.026,2047.087,4560,Sell
2023-11-29 03:00:00,2047.037,2047.569,2043.059,2044.111,4035,Sell
2023-11-29 04:00:00,2044.116,2046.536,2043.327,2046.25,3015,No Trade
2023-11-29 05:00:00,2046.26,2049.066,2044.445,2046.006,4218,No Trade
2023-11-29 06:00:00,2045.967,2046.361,2043.188,2044.714,4589,Sell
2023-11-29 07:00:00,2044.678,2044.893,2041.068,2042.583,4139,Sell
2023-11-29 08:00:00,2042.513,2044.182,2041.362,2042.827,4830,No Trade
2023-11-29 09:00:00,2042.781,2043.456,2035.328,2038.468,4915,Sell
2023-11-29 10:00:00,2038.466,2039.229,2036.729,2037.53,4210,Sell
2023-11-29 11:00:00,2037.484,2040.262,2037.375,2040.163,3977,Buy
2023-11-29 12:00:00,2040.118,2042.4,2039.048,2041.413,4311,No Trade
2023-11-29 13:00:00,2041.462,2043.041,2037.367,2039.179,7903,Sell
2023-11-29 14:00:00,2039.164,2045.73,2037.152,2044.374,8935,No Trade
2023-11-29 15:00:00,2044.324,2047.071,2039.138,2042.986,9326,No Trade
2023-11-29 16:00:00,2042.96,2043.389,2039.534,2042.179,5644,No Trade
2023-11-29 17:00:00,2042.193,2045.842,2041.64,2045.023,4494,No Trade
2023-11-29 18:00:00,2045.067,2048.402,2044.309,2047.91,4145,No Trade
2023-11-29 19:00:00,2047.912,2049.636,2045.387,2046.358,3783,Sell
2023-11-29 20:00:00,2046.37,2046.521,2042.878,2044.598,3876,Sell
2023-11-29 21:00:00,2044.657,2044.94,2043.82,2044.341,2043,No Trade
2023-11-29 23:00:00,2044.805,2045.495,2044.154,2044.743,1963,No Trade
2023-11-30 00:00:00,2044.74,2046.926,2044.232,2046.711,2731,No Trade
2023-11-30 01:00:00,2046.723,2046.791,2043.167,2043.427,4018,Sell
2023-11-30 02:00:00,2043.425,2046.507,2042.672,2045.984,3613,No Trade
2023-11-30 03:00:00,2045.967,2047.362,2044.318,2046.139,3186,No Trade
2023-11-30 04:00:00,2046.165,2046.733,2043.204,2044.602,3402,Sell
2023-11-30 05:00:00,2044.599,2044.823,2041.429,2041.761,3269,Sell
2023-11-30 06:00:00,2041.732,2045.925,2041.717,2045.925,3576,Buy
2023-11-30 07:00:00,2045.92,2046.977,2042.451,2044.674,4142,No Trade
2023-11-30 08:00:00,2044.776,2045.774,2039.988,2040.664,4859,Buy
2023-11-30 09:00:00,2040.679,2042.365,2038.792,2039.973,4398,Sell
2023-11-30 10:00:00,2039.926,2040.681,2036.814,2038.476,4417,Sell
2023-11-30 11:00:00,2038.47,2038.768,2035.957,2037.247,4209,Sell
2023-11-30 12:00:00,2037.293,2039.156,2036.933,2038.417,4172,No Trade
2023-11-30 13:00:00,2038.419,2044.168,2033.996,2036.891,9356,Sell
2023-11-30 14:00:00,2036.933,2039.941,2031.417,2036.625,10772,No Trade
2023-11-30 15:00:00,2036.572,2038.365,2032.507,2037.927,7981,Buy
2023-11-30 16:00:00,2037.941,2040.518,2036.61,2039.667,5934,No Trade
2023-11-30 17:00:00,2039.72,2041.469,2036.838,2037.132,4285,Sell
2023-11-30 18:00:00,2037.157,2038.678,2033.737,2034.979,3274,Sell
2023-11-30 19:00:00,2034.991,2037.138,2034.579,2036.22,2828,No Trade
2023-11-30 20:00:00,2036.174,2036.535,2034.871,2036.251,2967,Buy
2023-11-30 21:00:00,2036.124,2036.805,2034.92,2036.158,2028,No Trade
2023-11-30 23:00:00,2037.119,2040.618,2036.594,2040.075,1965,No Trade
2023-12-01 00:00:00,2040.175,2042.649,2039.909,2041.926,3105,No Trade
2023-12-01 01:00:00,2041.909,2043.47,2041.297,2041.822,4137,No Trade
2023-12-01 02:00:00,2041.771,2042.84,2040.04,2040.361,3202,Sell
2023-12-01 03:00:00,2040.378,2042.797,2038.753,2039.51,3382,Sell
2023-12-01 04:00:00,2039.503,2040.594,2038.908,2040.27,2578,No Trade
2023-12-01 05:00:00,2040.266,2041.637,2039.811,2041.046,3219,No Trade
2023-12-01 06:00:00,2041.047,2042.935,2039.785,2040.507,3428,Sell
2023-12-01 07:00:00,2040.554,2042.062,2039.306,2039.602,3739,Sell
2023-12-01 08:00:00,2039.65,2046.136,2039.362,2045.381,4538,Buy
2023-12-01 09:00:00,2045.392,2049.953,2044.899,2046.448,4686,Sell
2023-12-01 10:00:00,2046.448,2047.302,2043.259,2043.825,3860,Sell
2023-12-01 11:00:00,2043.825,2044.286,2036.521,2037.133,4530,Sell
2023-12-01 12:00:00,2037.164,2038.634,2033.925,2036.017,4780,Sell
2023-12-01 13:00:00,2036.057,2039.401,2035.083,2037.682,6128,No Trade
2023-12-01 14:00:00,2037.722,2043.324,2035.256,2042.675,6919,No Trade
2023-12-01 15:00:00,2042.895,2053.4,2042.048,2049.396,12705,No Trade
2023-12-01 16:00:00,2049.436,2060.717,2044.707,2058.896,12496,No Trade
2023-12-01 17:00:00,2058.849,2067.776,2057.389,2067.297,6516,No Trade
2023-12-01 18:00:00,2067.225,2075.429,2065.726,2071.836,4867,No Trade
2023-12-01 19:00:00,2071.747,2072.285,2065.714,2067.142,3649,Sell
2023-12-01 20:00:00,2067.139,2071.078,2066.541,2070.888,3291,No Trade
2023-12-01 21:00:00,2070.814,2072.0,2070.624,2071.713,1886,No Trade
2023-12-03 23:00:00,2074.269,2144.771,2071.796,2117.679,17112,No Trade
2023-12-04 00:00:00,2118.02,2120.788,2090.819,2095.951,16286,Sell
2023-12-04 01:00:00,2095.995,2098.582,2083.249,2087.851,12141,Sell
2023-12-04 02:00:00,2087.88,2088.887,2084.295,2088.201,5702,Buy
2023-12-04 03:00:00,2088.206,2089.489,2084.538,2085.874,4530,Sell
2023-12-04 04:00:00,2085.899,2086.105,2081.763,2085.498,3990,Buy
2023-12-04 05:00:00,2085.489,2090.59,2083.854,2086.085,4540,No Trade
2023-12-04 06:00:00,2086.137,2088.042,2073.905,2076.622,6834,Sell
2023-12-04 07:00:00,2076.677,2078.862,2061.559,2063.652,10891,Sell
2023-12-04 08:00:00,2063.685,2070.143,2057.804,2069.799,10288,Buy
2023-12-04 09:00:00,2069.745,2076.471,2068.271,2071.119,6585,Sell
2023-12-04 10:00:00,2071.16,2071.21,2064.124,2068.387,5545,Sell
2023-12-04 11:00:00,2068.388,2071.972,2065.998,2070.935,5255,Buy
2023-12-04 12:00:00,2070.907,2071.419,2065.604,2069.84,5356,No Trade
2023-12-04 13:00:00,2069.888,2070.597,2055.974,2057.62,9807,Sell
2023-12-04 14:00:00,2057.65,2058.094,2042.513,2050.182,15894,Sell
2023-12-04 15:00:00,2050.2,2053.516,2020.086,2022.645,24710,Sell
2023-12-04 16:00:00,2022.615,2028.182,2020.76,2026.063,12298,No Trade
2023-12-04 17:00:00,2026.092,2030.872,2023.74,2026.023,7114,No Trade
2023-12-04 18:00:00,2026.026,2026.124,2022.214,2024.44,6316,No Trade
2023-12-04 19:00:00,2024.404,2031.605,2023.924,2030.977,4439,Buy
2023-12-04 20:00:00,2031.011,2032.396,2026.235,2026.408,4765,Sell
2023-12-04 21:00:00,2026.456,2030.361,2026.456,2029.123,2775,No Trade
2023-12-04 23:00:00,2029.946,2034.229,2028.494,2034.187,3465,No Trade
2023-12-05 00:00:00,2034.031,2041.27,2032.742,2036.819,5718,Sell
2023-12-05 01:00:00,2036.788,2038.525,2034.108,2035.709,6173,Sell
2023-12-05 02:00:00,2035.67,2036.667,2033.589,2034.746,4067,Sell
2023-12-05 03:00:00,2034.75,2037.854,2034.546,2037.386,4064,No Trade
2023-12-05 04:00:00,2037.371,2038.411,2030.474,2032.299,3883,Sell
2023-12-05 05:00:00,2032.285,2034.013,2030.983,2032.212,4736,No Trade
2023-12-05 06:00:00,2032.199,2034.613,2031.806,2033.497,4514,Sell
2023-12-05 07:00:00,2033.548,2035.079,2031.217,2032.742,5854,Sell
2023-12-05 08:00:00,2032.699,2039.678,2032.679,2034.51,6772,Sell
2023-12-05 09:00:00,2034.501,2034.501,2028.563,2029.046,5450,Sell
2023-12-05 10:00:00,2029.04,2029.72,2023.053,2025.332,5452,Sell
2023-12-05 11:00:00,2025.348,2027.661,2021.593,2024.779,4696,No Trade
2023-12-05 12:00:00,2024.818,2026.62,2022.334,2024.965,5162,No Trade
2023-12-05 13:00:00,2024.925,2030.934,2024.697,2029.589,8956,No Trade
2023-12-05 14:00:00,2029.595,2030.282,2015.507,2016.833,9963,Sell
2023-12-05 15:00:00,2016.828,2026.957,2009.844,2016.332,17556,No Trade
2023-12-05 16:00:00,2016.361,2019.521,2012.213,2014.928,8957,Sell
2023-12-05 17:00:00,2014.965,2020.658,2014.724,2017.271,6058,Sell
2023-12-05 18:00:00,2017.247,2020.029,2016.699,2018.226,4436,No Trade
2023-12-05 19:00:00,2018.171,2020.421,2017.576,2019.821,3556,No Trade
2023-12-05 20:00:00,2019.812,2021.009,2018.43,2019.285,3475,Sell
2023-12-05 21:00:00,2019.315,2019.987,2018.706,2019.368,1947,No Trade
2023-12-05 23:00:00,2019.706,2019.88,2017.281,2019.003,2947,No Trade
2023-12-06 00:00:00,2019.004,2022.524,2018.783,2021.865,3506,No Trade
2023-12-06 01:00:00,2021.867,2022.81,2019.014,2020.835,4369,No Trade
2023-12-06 02:00:00,2020.84,2022.352,2019.799,2021.277,3721,No Trade
2023-12-06 03:00:00,2021.265,2024.32,2020.97,2023.23,3314,No Trade
2023-12-06 04:00:00,2023.274,2023.998,2020.487,2022.055,3057,No Trade
2023-12-06 05:00:00,2022.05,2025.545,2021.18,2024.856,3620,No Trade
2023-12-06 06:00:00,2024.856,2027.263,2023.879,2026.324,3945,No Trade
2023-12-06 07:00:00,2026.28,2036.015,2026.166,2034.126,5439,No Trade
2023-12-06 08:00:00,2034.089,2034.998,2024.537,2025.437,6016,No Trade
2023-12-06 09:00:00,2025.385,2027.9,2020.201,2021.276,5376,No Trade
2023-12-06 10:00:00,2021.273,2023.868,2021.03,2022.861,4169,No Trade
2023-12-06 11:00:00,2022.914,2023.302,2020.193,2021.42,3835,Sell
2023-12-06 12:00:00,2021.432,2027.601,2021.055,2026.263,4498,No Trade
2023-12-06 13:00:00,2026.259,2031.959,2024.616,2030.172,9423,No Trade
2023-12-06 14:00:00,2030.228,2033.114,2024.851,2025.23,9059,Sell
2023-12-06 15:00:00,2025.286,2032.053,2022.7,2030.306,8611,No Trade
2023-12-06 16:00:00,2030.344,2031.434,2023.96,2030.048,7008,Buy
2023-12-06 17:00:00,2030.039,2030.282,2026.648,2029.567,5218,Buy
2023-12-06 18:00:00,2029.541,2031.389,2028.104,2030.679,4191,Buy
2023-12-06 19:00:00,2030.694,2030.837,2028.816,2029.979,3049,No Trade
2023-12-06 20:00:00,2029.986,2030.006,2025.206,2026.691,3678,Sell
2023-12-06 21:00:00,2026.644,2027.058,2024.49,2025.527,1997,Sell
2023-12-06 23:00:00,2025.817,2027.922,2025.258,2027.106,3232,No Trade
2023-12-07 00:00:00,2027.077,2029.712,2026.718,2028.721,2949,No Trade
2023-12-07 01:00:00,2028.724,2029.612,2026.12,2026.248,4095,Sell
2023-12-07 02:00:00,2026.31,2030.147,2026.21,2029.14,3708,No Trade
2023-12-07 03:00:00,2029.09,2030.003,2026.463,2026.969,3796,Sell
2023-12-07 04:00:00,2026.927,2027.204,2025.464,2026.181,3425,Sell
2023-12-07 05:00:00,2026.134,2027.468,2025.265,2026.905,3534,No Trade
2023-12-07 06:00:00,2026.908,2029.858,2026.363,2029.72,4348,No Trade
2023-12-07 07:00:00,2029.76,2030.822,2028.339,2029.682,4893,No Trade
2023-12-07 08:00:00,2029.723,2034.989,2028.901,2033.03,5082,No Trade
2023-12-07 09:00:00,2033.029,2034.819,2031.207,2034.19,4215,Buy
2023-12-07 10:00:00,2034.224,2035.215,2032.53,2033.626,3829,No Trade
2023-12-07 11:00:00,2033.672,2034.559,2029.643,2032.662,3883,No Trade
2023-12-07 12:00:00,2032.669,2033.585,2030.465,2033.237,4085,Buy
2023-12-07 13:00:00,2033.287,2039.991,2030.204,2037.266,8770,No Trade
2023-12-07 14:00:00,2037.298,2037.602,2025.174,2026.49,10708,Sell
2023-12-07 15:00:00,2026.459,2031.443,2025.484,2029.403,8790,No Trade
2023-12-07 16:00:00,2029.354,2030.925,2025.622,2026.572,6059,Sell
2023-12-07 17:00:00,2026.564,2031.089,2020.191,2028.933,9801,No Trade
2023-12-07 18:00:00,2028.925,2032.039,2027.772,2030.458,3991,No Trade
2023-12-07 19:00:00,2030.397,2031.105,2029.491,2029.976,2841,Sell
2023-12-07 20:00:00,2029.997,2031.353,2028.738,2029.472,2639,No Trade
2023-12-07 21:00:00,2029.531,2029.593,2028.315,2028.423,1780,Sell
2023-12-07 23:00:00,2028.772,2029.024,2026.908,2028.072,2154,No Trade
2023-12-08 00:00:00,2028.161,2033.159,2027.599,2031.073,4778,No Trade
2023-12-08 01:00:00,2031.101,2033.226,2028.774,2032.36,5480,Buy
2023-12-08 02:00:00,2032.39,2033.725,2031.825,2032.609,3603,No Trade
2023-12-08 03:00:00,2032.577,2034.105,2030.95,2032.461,3634,No Trade
2023-12-08 04:00:00,2032.488,2032.509,2030.16,2031.526,2898,No Trade
2023-12-08 05:00:00,2031.571,2032.013,2029.367,2030.124,3542,Sell
2023-12-08 06:00:00,2030.081,2031.281,2028.937,2030.503,3881,No Trade
2023-12-08 07:00:00,2030.518,2031.509,2029.196,2031.004,4342,Buy
2023-12-08 08:00:00,2030.955,2031.081,2026.533,2028.304,5652,No Trade
2023-12-08 09:00:00,2028.304,2029.237,2026.718,2028.686,4408,Buy
2023-12-08 10:00:00,2028.688,2032.495,2027.195,2029.79,5473,No Trade
2023-12-08 11:00:00,2029.799,2031.045,2028.904,2030.072,4002,No Trade
2023-12-08 12:00:00,2030.11,2030.196,2027.047,2027.668,4006,Sell
2023-12-08 13:00:00,2027.666,2028.996,2014.522,2018.73,14298,Sell
2023-12-08 14:00:00,2018.681,2019.467,2002.598,2008.811,17419,Sell
2023-12-08 15:00:00,2008.766,2014.986,2006.193,2008.966,11366,No Trade
2023-12-08 16:00:00,2008.966,2009.763,2001.228,2002.362,7219,Sell
2023-12-08 17:00:00,2002.316,2002.807,1994.618,1997.189,7313,Sell
2023-12-08 18:00:00,1997.232,2000.94,1996.385,1999.46,4811,No Trade
2023-12-08 19:00:00,1999.465,2001.496,1999.3,2000.858,3530,No Trade
2023-12-08 20:00:00,2000.834,2003.691,2000.107,2002.858,3643,No Trade
2023-12-08 21:00:00,2002.905,2005.138,2002.686,2004.44,2123,No Trade
2023-12-10 23:00:00,2005.684,2007.748,2004.647,2007.154,3143,No Trade
2023-12-11 00:00:00,2007.093,2007.908,2004.654,2004.94,4085,No Trade
2023-12-11 01:00:00,2004.891,2005.112,2001.795,2002.231,5186,Sell
2023-12-11 02:00:00,2002.236,2002.939,1996.675,1998.292,4378,Sell
2023-12-11 03:00:00,1998.25,2000.394,1995.497,1996.992,4315,Sell
2023-12-11 04:00:00,1997.006,1997.163,1994.828,1996.72,3167,Buy
2023-12-11 05:00:00,1996.707,2000.009,1996.456,1998.979,3328,No Trade
2023-12-11 06:00:00,1998.969,1999.546,1997.713,1998.95,3718,No Trade
2023-12-11 07:00:00,1998.952,2000.656,1991.37,1992.861,5520,Sell
2023-12-11 08:00:00,1992.866,1997.909,1991.888,1996.129,5585,No Trade
2023-12-11 09:00:00,1996.168,1997.103,1991.953,1993.41,4545,Sell
2023-12-11 10:00:00,1993.464,1994.857,1991.255,1993.001,4007,No Trade
2023-12-11 11:00:00,1992.957,1996.405,1992.79,1996.2,3839,Buy
2023-12-11 12:00:00,1996.253,1996.843,1993.924,1995.101,4186,Sell
2023-12-11 13:00:00,1995.152,1995.785,1990.226,1993.701,6728,No Trade
2023-12-11 14:00:00,1993.725,1994.448,1986.532,1986.862,7963,Sell
2023-12-11 15:00:00,1986.818,1988.297,1980.672,1982.401,7224,Sell
2023-12-11 16:00:00,1982.46,1984.407,1980.103,1981.736,6065,Sell
2023-12-11 17:00:00,1981.756,1982.904,1976.159,1976.845,4971,Sell
2023-12-11 18:00:00,1976.841,1982.585,1975.941,1981.623,5540,No Trade
2023-12-11 19:00:00,1981.612,1983.183,1980.447,1981.674,3831,No Trade
2023-12-11 20:00:00,1981.716,1982.282,1980.389,1980.905,3110,Sell
2023-12-11 21:00:00,1980.951,1981.994,1980.758,1981.879,1633,No Trade
2023-12-11 23:00:00,1982.148,1984.402,1981.846,1983.06,3093,Sell
2023-12-12 00:00:00,1983.054,1989.575,1982.411,1985.705,4616,Sell
2023-12-12 01:00:00,1985.657,1986.292,1982.918,1983.327,4603,Sell
2023-12-12 02:00:00,1983.29,1983.701,1981.955,1982.327,3573,Sell
2023-12-12 03:00:00,1982.338,1986.419,1982.156,1985.562,3596,Sell
2023-12-12 04:00:00,1985.559,1986.553,1984.739,1985.682,2665,No Trade
2023-12-12 05:00:00,1985.695,1988.107,1984.801,1987.617,3400,Sell
2023-12-12 06:00:00,1987.565,1988.811,1987.238,1987.773,3333,No Trade
2023-12-12 07:00:00,1987.745,1989.179,1985.545,1988.121,4041,No Trade
2023-12-12 08:00:00,1988.093,1988.357,1983.736,1983.882,4546,No Trade
2023-12-12 09:00:00,1983.839,1986.123,1982.715,1985.883,3951,Sell
2023-12-12 10:00:00,1985.875,1988.324,1985.161,1986.304,3579,No Trade
2023-12-12 11:00:00,1986.335,1988.529,1985.962,1988.434,3558,No Trade
2023-12-12 12:00:00,1988.467,1989.181,1986.877,1988.365,3762,No Trade
2023-12-12 13:00:00,1988.398,1996.821,1982.749,1984.58,12911,Sell
2023-12-12 14:00:00,1984.519,1989.923,1980.113,1981.901,10098,Sell
2023-12-12 15:00:00,1981.931,1984.64,1980.518,1981.671,6884,Sell
2023-12-12 16:00:00,1981.696,1983.737,1979.256,1981.042,5398,Sell
2023-12-12 17:00:00,1981.088,1981.421,1977.215,1977.799,4689,Sell
2023-12-12 18:00:00,1977.812,1980.771,1977.574,1979.104,5138,Sell
2023-12-12 19:00:00,1979.092,1981.156,1979.037,1980.367,3288,Sell
2023-12-12 20:00:00,1980.361,1980.575,1979.345,1979.654,3028,Sell
2023-12-12 21:00:00,1979.649,1980.049,1979.101,1979.465,1542,Sell
2023-12-12 23:00:00,1980.637,1982.915,1979.929,1982.553,2322,No Trade
2023-12-13 00:00:00,1982.552,1982.616,1980.383,1980.804,2914,Sell
2023-12-13 01:00:00,1980.846,1981.699,1979.74,1980.18,3653,Sell
2023-12-13 02:00:00,1980.163,1980.457,1977.966,1979.419,3228,Sell
2023-12-13 03:00:00,1979.379,1980.22,1977.82,1978.086,2785,Sell
2023-12-13 04:00:00,1978.037,1980.072,1977.696,1978.361,2578,No Trade
2023-12-13 05:00:00,1978.359,1979.791,1978.359,1978.861,2969,Sell
2023-12-13 06:00:00,1978.809,1979.018,1973.133,1974.468,4340,Sell
2023-12-13 07:00:00,1974.421,1980.565,1973.633,1979.323,4687,No Trade
2023-12-13 08:00:00,1979.362,1982.375,1978.66,1980.394,4577,No Trade
2023-12-13 09:00:00,1980.35,1982.795,1979.609,1982.63,3806,No Trade
2023-12-13 10:00:00,1982.599,1983.386,1981.179,1983.274,3611,Buy
2023-12-13 11:00:00,1983.228,1983.668,1982.211,1982.861,3227,No Trade
2023-12-13 12:00:00,1982.848,1982.986,1980.886,1981.472,3319,Sell
2023-12-13 13:00:00,1981.472,1986.873,1979.671,1984.436,6843,No Trade
2023-12-13 14:00:00,1984.404,1986.246,1981.314,1982.009,6879,Sell
2023-12-13 15:00:00,1981.977,1983.027,1978.494,1981.884,6175,No Trade
2023-12-13 16:00:00,1981.924,1983.865,1980.497,1981.426,4445,Sell
2023-12-13 17:00:00,1981.446,1983.598,1981.157,1982.121,3786,Sell
2023-12-13 18:00:00,1982.088,1982.953,1979.714,1982.194,3775,Buy
2023-12-13 19:00:00,1982.142,2017.55,1982.062,2013.7,22176,No Trade
2023-12-13 20:00:00,2013.745,2024.487,2012.672,2023.973,12316,Buy
2023-12-13 21:00:00,2024.021,2027.972,2021.62,2027.42,4895,No Trade
2023-12-13 23:00:00,2024.85,2033.229,2024.434,2032.913,6532,Buy
2023-12-14 00:00:00,2032.958,2039.42,2030.482,2038.052,7432,No Trade
2023-12-14 01:00:00,2038.101,2038.316,2030.035,2032.489,8980,Sell
2023-12-14 02:00:00,2032.535,2034.818,2030.644,2032.789,5376,No Trade
2023-12-14 03:00:00,2032.774,2034.951,2030.36,2031.083,5005,Sell
2023-12-14 04:00:00,2031.039,2032.168,2030.127,2031.334,4007,No Trade
2023-12-14 05:00:00,2031.295,2036.142,2030.471,2035.32,4504,No Trade
2023-12-14 06:00:00,2035.336,2037.475,2034.165,2035.471,5021,No Trade
2023-12-14 07:00:00,2035.506,2036.799,2029.356,2032.758,6636,Sell
2023-12-14 08:00:00,2032.717,2040.421,2032.086,2036.508,7427,Sell
2023-12-14 09:00:00,2036.516,2038.918,2034.852,2036.754,5594,No Trade
2023-12-14 10:00:00,2036.742,2036.803,2032.381,2034.061,4938,Sell
2023-12-14 11:00:00,2034.093,2035.336,2033.159,2034.979,4525,No Trade
2023-12-14 12:00:00,2035.11,2039.32,2033.75,2038.87,5171,No Trade
2023-12-14 13:00:00,2038.915,2039.308,2027.518,2037.319,12690,Buy
2023-12-14 14:00:00,2037.32,2048.009,2034.966,2043.237,12241,No Trade
2023-12-14 15:00:00,2043.253,2046.988,2036.53,2040.312,10674,Sell
2023-12-14 16:00:00,2040.28,2041.562,2037.959,2039.551,7447,No Trade
2023-12-14 17:00:00,2039.596,2039.729,2034.717,2036.196,5593,Sell
2023-12-14 18:00:00,2036.164,2036.234,2029.044,2031.137,6650,Sell
2023-12-14 19:00:00,2031.157,2033.888,2029.932,2033.295,4714,No Trade
2023-12-14 20:00:00,2033.263,2036.772,2032.797,2036.327,4205,No Trade
2023-12-14 21:00:00,2036.289,2036.712,2035.407,2036.199,2142,No Trade
2023-12-14 23:00:00,2036.466,2038.746,2035.572,2035.653,3885,Sell
2023-12-15 00:00:00,2035.62,2036.442,2031.296,2032.875,4228,Sell
2023-12-15 01:00:00,2032.92,2033.822,2031.897,2032.26,4432,Sell
2023-12-15 02:00:00,2032.231,2037.565,2031.91,2036.103,4266,No Trade
2023-12-15 03:00:00,2036.103,2036.667,2034.116,2035.847,3561,No Trade
2023-12-15 04:00:00,2035.813,2037.406,2035.363,2036.659,3336,No Trade
2023-12-15 05:00:00,2036.628,2037.307,2035.163,2035.364,3871,Sell
2023-12-15 06:00:00,2035.367,2036.357,2034.408,2036.098,3675,Buy
2023-12-15 07:00:00,2036.152,2039.195,2035.819,2037.936,4364,No Trade
2023-12-15 08:00:00,2037.897,2040.644,2037.05,2040.076,4943,No Trade
2023-12-15 09:00:00,2040.122,2044.299,2040.102,2042.661,4991,No Trade
2023-12-15 10:00:00,2042.699,2044.472,2041.225,2042.661,4006,No Trade
2023-12-15 11:00:00,2042.612,2043.532,2040.055,2041.735,3988,No Trade
2023-12-15 12:00:00,2041.723,2045.009,2040.967,2041.166,4088,Sell
2023-12-15 13:00:00,2041.162,2044.275,2026.982,2031.496,12551,Sell
2023-12-15 14:00:00,2031.542,2036.489,2031.411,2033.302,11510,Sell
2023-12-15 15:00:00,2033.303,2038.613,2032.02,2035.18,8316,Sell
2023-12-15 16:00:00,2035.15,2036.498,2033.049,2033.955,5336,Sell
2023-12-15 17:00:00,2033.959,2034.537,2031.992,2032.854,4171,Sell
2023-12-15 18:00:00,2032.839,2033.872,2019.651,2019.738,7784,Sell
2023-12-15 19:00:00,2019.695,2020.157,2015.646,2019.167,5633,Buy
2023-12-15 20:00:00,2019.119,2021.72,2017.495,2018.056,4515,Sell
2023-12-15 21:00:00,2018.024,2019.861,2017.896,2019.591,2548,No Trade
2023-12-17 23:00:00,2019.902,2020.202,2015.991,2017.514,3333,Sell
2023-12-18 00:00:00,2017.513,2020.606,2016.167,2020.151,4514,No Trade
2023-12-18 01:00:00,2020.102,2023.426,2018.737,2019.444,5749,Sell
2023-12-18 02:00:00,2019.387,2023.397,2019.052,2021.934,3935,No Trade
2023-12-18 03:00:00,2021.924,2024.221,2021.408,2022.887,3474,Sell
2023-12-18 04:00:00,2022.88,2023.385,2021.59,2023.179,2800,Buy
2023-12-18 05:00:00,2023.18,2024.738,2022.443,2023.204,3047,No Trade
2023-12-18 06:00:00,2023.196,2024.922,2021.557,2023.305,3721,No Trade
2023-12-18 07:00:00,2023.265,2024.454,2022.632,2023.24,3761,No Trade
2023-12-18 08:00:00,2023.206,2026.296,2021.726,2024.487,5448,No Trade
2023-12-18 09:00:00,2024.496,2027.394,2022.007,2023.005,5151,Sell
2023-12-18 10:00:00,2022.976,2024.965,2019.183,2019.389,4633,Sell
2023-12-18 11:00:00,2019.395,2022.677,2018.85,2022.044,3762,No Trade
2023-12-18 12:00:00,2022.019,2024.209,2021.842,2023.67,3550,No Trade
2023-12-18 13:00:00,2023.632,2026.313,2022.8,2025.933,5115,Sell
2023-12-18 14:00:00,2025.876,2027.008,2020.903,2024.311,6620,No Trade
2023-12-18 15:00:00,2024.291,2025.359,2020.408,2022.384,5990,No Trade
2023-12-18 16:00:00,2022.429,2024.733,2021.235,2022.327,4303,No Trade
2023-12-18 17:00:00,2022.379,2033.609,2021.29,2033.593,5238,Buy
2023-12-18 18:00:00,2033.631,2033.789,2025.016,2026.62,4949,Sell
2023-12-18 19:00:00,2026.576,2027.935,2025.804,2026.31,3481,Sell
2023-12-18 20:00:00,2026.344,2027.033,2025.61,2026.549,3290,No Trade
2023-12-18 21:00:00,2026.548,2027.513,2026.36,2027.189,1712,No Trade
2023-12-18 23:00:00,2027.627,2028.089,2025.726,2027.704,2685,Buy
2023-12-19 00:00:00,2027.668,2029.395,2026.524,2027.338,3291,No Trade
2023-12-19 01:00:00,2027.321,2028.127,2025.932,2026.18,3367,Sell
2023-12-19 02:00:00,2026.178,2026.597,2023.227,2024.651,4605,Sell
2023-12-19 03:00:00,2024.601,2025.702,2022.699,2023.438,4456,Sell
2023-12-19 04:00:00,2023.389,2024.417,2021.796,2024.239,3010,Buy
2023-12-19 05:00:00,2024.239,2025.229,2022.633,2024.137,3497,No Trade
2023-12-19 06:00:00,2024.203,2026.482,2023.499,2024.892,4741,No Trade
2023-12-19 07:00:00,2024.897,2026.416,2022.963,2024.853,5001,No Trade
2023-12-19 08:00:00,2024.823,2028.552,2023.927,2027.09,4377,No Trade
2023-12-19 09:00:00,2027.115,2027.513,2025.697,2026.373,3456,Sell
2023-12-19 10:00:00,2026.365,2027.043,2024.37,2025.658,3172,No Trade
2023-12-19 11:00:00,2025.677,2027.273,2025.377,2026.623,3170,No Trade
2023-12-19 12:00:00,2026.643,2030.119,2026.267,2029.501,4958,No Trade
2023-12-19 13:00:00,2029.531,2032.765,2028.549,2030.045,5797,No Trade
2023-12-19 14:00:00,2030.092,2042.291,2028.985,2041.426,7638,Buy
2023-12-19 15:00:00,2041.481,2045.562,2039.111,2041.839,7670,No Trade
2023-12-19 16:00:00,2041.856,2047.064,2041.216,2044.373,5355,No Trade
2023-12-19 17:00:00,2044.418,2045.539,2040.274,2040.455,4510,Sell
2023-12-19 18:00:00,2040.506,2040.982,2036.726,2039.11,4713,No Trade
2023-12-19 19:00:00,2039.064,2039.796,2038.467,2039.545,3420,No Trade
2023-12-19 20:00:00,2039.582,2040.536,2038.771,2040.407,3192,Buy
2023-12-19 21:00:00,2040.451,2040.715,2039.653,2040.288,1482,No Trade
2023-12-19 23:00:00,2039.922,2041.724,2038.877,2041.031,3253,No Trade
2023-12-20 00:00:00,2040.962,2041.129,2038.862,2039.325,3453,Sell
2023-12-20 01:00:00,2039.373,2040.026,2037.681,2038.276,3941,Sell
2023-12-20 02:00:00,2038.228,2040.417,2036.8,2040.067,3384,Buy
2023-12-20 03:00:00,2040.016,2040.976,2039.088,2040.493,2965,No Trade
2023-12-20 04:00:00,2040.493,2041.115,2039.942,2040.584,2644,No Trade
2023-12-20 05:00:00,2040.636,2041.42,2039.45,2041.203,2811,Buy
2023-12-20 06:00:00,2041.243,2042.496,2040.562,2041.081,3391,No Trade
2023-12-20 07:00:00,2041.082,2043.544,2040.755,2042.363,4402,No Trade
2023-12-20 08:00:00,2042.306,2042.306,2039.844,2041.051,4083,Sell
2023-12-20 09:00:00,2041.082,2042.547,2039.667,2040.011,3534,Sell
2023-12-20 10:00:00,2040.019,2040.453,2035.632,2036.063,3563,No Trade
2023-12-20 11:00:00,2036.072,2036.072,2031.851,2033.604,4314,Sell
2023-12-20 12:00:00,2033.518,2036.418,2033.232,2034.073,4331,Sell
2023-12-20 13:00:00,2034.124,2036.618,2029.606,2036.456,5901,Buy
2023-12-20 14:00:00,2036.469,2039.955,2034.109,2038.09,7202,No Trade
2023-12-20 15:00:00,2038.054,2038.838,2030.582,2032.579,6971,Sell
2023-12-20 16:00:00,2032.627,2035.44,2032.554,2034.833,4725,No Trade
2023-12-20 17:00:00,2034.866,2035.398,2032.026,2034.78,4006,Buy
2023-12-20 18:00:00,2034.782,2036.791,2034.063,2036.292,3909,No Trade
2023-12-20 19:00:00,2036.314,2037.279,2030.213,2032.407,4181,Sell
2023-12-20 20:00:00,2032.371,2033.934,2029.534,2029.786,5438,Sell
2023-12-20 21:00:00,2029.744,2032.116,2027.487,2031.724,3221,Buy
2023-12-20 23:00:00,2032.163,2033.324,2031.542,2032.227,2970,No Trade
2023-12-21 00:00:00,2032.203,2034.254,2032.006,2033.731,2778,No Trade
2023-12-21 01:00:00,2033.693,2036.066,2033.497,2035.534,3805,No Trade
2023-12-21 02:00:00,2035.534,2037.578,2034.934,2036.977,3652,No Trade
2023-12-21 03:00:00,2036.979,2037.755,2035.626,2037.466,2837,Buy
2023-12-21 04:00:00,2037.472,2037.972,2036.224,2036.42,2551,Sell
2023-12-21 05:00:00,2036.418,2038.359,2035.026,2036.192,3043,No Trade
2023-12-21 06:00:00,2036.187,2037.165,2034.43,2036.923,3251,Buy
2023-12-21 07:00:00,2036.974,2037.424,2033.955,2034.98,3676,No Trade
2023-12-21 08:00:00,2034.966,2037.294,2034.881,2036.508,3876,No Trade
2023-12-21 09:00:00,2036.493,2037.158,2034.817,2035.481,3352,Sell
2023-12-21 10:00:00,2035.488,2036.17,2033.092,2034.208,3424,Sell
2023-12-21 11:00:00,2034.193,2035.447,2033.949,2034.154,3374,Sell
2023-12-21 12:00:00,2034.197,2039.536,2033.328,2037.979,3873,No Trade
2023-12-21 13:00:00,2038.033,2046.13,2032.204,2041.48,8884,No Trade
2023-12-21 14:00:00,2041.533,2046.073,2037.12,2042.137,9532,No Trade
2023-12-21 15:00:00,2042.085,2043.019,2036.737,2041.572,8076,Buy
2023-12-21 16:00:00,2041.564,2044.81,2041.114,2041.769,5318,No Trade
2023-12-21 17:00:00,2041.771,2043.979,2040.412,2041.06,4434,Sell
2023-12-21 18:00:00,2041.061,2041.786,2037.508,2039.123,4617,Sell
2023-12-21 19:00:00,2039.149,2045.187,2039.149,2044.03,3626,No Trade
2023-12-21 20:00:00,2044.026,2045.235,2043.161,2044.204,3466,No Trade
2023-12-21 21:00:00,2044.17,2046.074,2043.928,2045.942,2082,No Trade
2023-12-21 23:00:00,2048.344,2055.112,2046.77,2052.878,4904,No Trade
2023-12-22 00:00:00,2052.888,2054.014,2047.049,2048.225,4603,Sell
2023-12-22 01:00:00,2048.271,2051.367,2046.85,2048.82,4803,No Trade
2023-12-22 02:00:00,2048.802,2050.949,2048.049,2050.228,4094,No Trade
2023-12-22 03:00:00,2050.192,2051.384,2047.271,2048.358,3711,Sell
2023-12-22 04:00:00,2048.358,2050.822,2048.183,2049.697,3017,No Trade
2023-12-22 05:00:00,2049.708,2049.876,2047.703,2048.393,3843,Sell
2023-12-22 06:00:00,2048.421,2049.147,2047.11,2047.801,3355,Sell
2023-12-22 07:00:00,2047.751,2050.976,2047.587,2050.039,3738,No Trade
2023-12-22 08:00:00,2050.035,2052.176,2049.719,2051.511,3854,No Trade
2023-12-22 09:00:00,2051.501,2054.7,2051.501,2053.508,3587,No Trade
2023-12-22 10:00:00,2053.547,2057.328,2053.535,2055.805,3302,No Trade
2023-12-22 11:00:00,2055.8,2063.095,2055.267,2060.73,5454,No Trade
2023-12-22 12:00:00,2060.774,2066.215,2059.497,2060.24,6315,Sell
2023-12-22 13:00:00,2060.271,2069.367,2057.747,2067.392,9931,No Trade
2023-12-22 14:00:00,2067.427,2070.135,2064.15,2068.556,8442,No Trade
2023-12-22 15:00:00,2068.505,2070.719,2059.423,2060.885,7850,Sell
2023-12-22 16:00:00,2060.886,2062.272,2051.153,2053.408,7265,Sell
2023-12-22 17:00:00,2053.412,2055.891,2052.279,2055.539,5258,Buy
2023-12-22 18:00:00,2055.505,2058.146,2054.837,2057.254,4322,No Trade
2023-12-22 19:00:00,2057.231,2057.341,2051.777,2054.059,4071,Sell
2023-12-22 20:00:00,2054.048,2054.152,2052.212,2053.359,3575,No Trade
2023-12-22 21:00:00,2053.405,2053.794,2052.548,2053.195,2013,No Trade
2023-12-25 23:00:00,2058.439,2058.439,2053.461,2054.842,1480,Sell
2023-12-26 00:00:00,2054.834,2055.278,2053.477,2055.02,1939,Buy
2023-12-26 01:00:00,2055.04,2063.986,2054.956,2063.301,2860,Buy
2023-12-26 02:00:00,2063.287,2065.281,2062.015,2064.708,2685,No Trade
2023-12-26 03:00:00,2064.718,2065.034,2063.606,2064.034,2155,Sell
2023-12-26 04:00:00,2064.012,2064.607,2063.551,2064.142,1475,No Trade
2023-12-26 05:00:00,2064.146,2064.602,2061.436,2062.717,2267,Sell
2023-12-26 06:00:00,2062.802,2065.147,2062.192,2064.131,2333,No Trade
2023-12-26 07:00:00,2064.132,2064.747,2062.97,2064.289,2606,No Trade
2023-12-26 08:00:00,2064.31,2064.649,2061.219,2061.495,2396,Sell
2023-12-26 09:00:00,2061.503,2063.089,2060.53,2061.936,2434,No Trade
2023-12-26 10:00:00,2061.932,2063.948,2061.92,2063.884,2023,Buy
2023-12-26 11:00:00,2063.866,2064.207,2062.892,2063.51,2514,Sell
2023-12-26 12:00:00,2063.557,2063.631,2061.259,2061.922,2571,Sell
2023-12-26 13:00:00,2061.921,2063.985,2058.824,2058.824,3494,Sell
2023-12-26 14:00:00,2058.882,2061.998,2054.579,2057.097,4134,Sell
2023-12-26 15:00:00,2057.106,2059.967,2056.21,2056.89,3597,No Trade
2023-12-26 16:00:00,2056.911,2059.937,2056.605,2059.502,3025,No Trade
2023-12-26 17:00:00,2059.523,2059.798,2057.047,2057.845,2759,Sell
2023-12-26 18:00:00,2057.846,2060.073,2057.43,2058.422,2948,Sell
2023-12-26 19:00:00,2058.46,2062.211,2058.434,2061.758,2585,No Trade
2023-12-26 20:00:00,2061.785,2068.728,2061.618,2068.418,3172,Buy
2023-12-26 21:00:00,2068.352,2069.179,2066.196,2067.635,1775,No Trade
2023-12-26 23:00:00,2067.842,2068.384,2065.693,2065.844,1524,Sell
2023-12-27 00:00:00,2066.061,2066.634,2063.985,2065.672,3421,No Trade
2023-12-27 01:00:00,2065.628,2067.901,2065.003,2066.8,3886,No Trade
2023-12-27 02:00:00,2066.797,2067.266,2064.87,2065.455,3437,Sell
2023-12-27 03:00:00,2065.445,2066.584,2064.411,2064.633,3029,Sell
2023-12-27 04:00:00,2064.639,2066.007,2064.151,2065.875,2251,No Trade
2023-12-27 05:00:00,2065.877,2066.336,2064.485,2064.758,2884,Sell
2023-12-27 06:00:00,2064.742,2067.51,2064.453,2065.201,3358,Sell
2023-12-27 07:00:00,2065.191,2066.401,2064.871,2066.042,3400,No Trade
2023-12-27 08:00:00,2066.04,2068.417,2065.858,2067.424,3806,No Trade
2023-12-27 09:00:00,2067.446,2069.368,2067.299,2068.372,3112,No Trade
2023-12-27 10:00:00,2068.36,2068.715,2061.568,2064.733,4054,Sell
2023-12-27 11:00:00,2064.729,2068.894,2064.601,2068.164,3381,Sell
2023-12-27 12:00:00,2068.211,2070.379,2064.466,2067.679,4103,No Trade
2023-12-27 13:00:00,2067.662,2069.764,2066.162,2068.39,5349,No Trade
2023-12-27 14:00:00,2068.338,2072.426,2066.693,2070.322,5756,No Trade
2023-12-27 15:00:00,2070.284,2081.978,2069.0,2078.916,7715,No Trade
2023-12-27 16:00:00,2078.886,2082.466,2076.674,2081.707,5570,Buy
2023-12-27 17:00:00,2081.699,2082.622,2079.57,2081.909,4040,No Trade
2023-12-27 18:00:00,2081.916,2084.523,2075.96,2078.506,5136,Sell
2023-12-27 19:00:00,2078.5,2078.871,2076.089,2077.549,3843,No Trade
2023-12-27 20:00:00,2077.597,2078.274,2076.405,2078.209,3383,Buy
2023-12-27 21:00:00,2078.227,2078.596,2076.672,2077.188,2038,Sell
2023-12-27 23:00:00,2077.825,2079.786,2077.401,2079.384,2075,No Trade
2023-12-28 00:00:00,2079.483,2081.204,2079.271,2079.784,3438,Sell
2023-12-28 01:00:00,2079.754,2087.824,2079.685,2087.093,4784,Buy
2023-12-28 02:00:00,2087.124,2088.585,2085.606,2087.976,4307,Buy
2023-12-28 03:00:00,2088.017,2088.504,2086.048,2087.299,3408,No Trade
2023-12-28 04:00:00,2087.3,2087.398,2085.916,2086.611,2997,Sell
2023-12-28 05:00:00,2086.612,2087.614,2084.743,2085.876,3635,Sell
2023-12-28 06:00:00,2085.875,2086.952,2084.367,2085.897,4077,No Trade
2023-12-28 07:00:00,2085.909,2087.7,2084.076,2086.172,3983,No Trade
2023-12-28 08:00:00,2086.246,2086.508,2076.684,2077.496,5640,Sell
2023-12-28 09:00:00,2077.545,2078.226,2072.739,2077.01,5373,No Trade
2023-12-28 10:00:00,2077.038,2079.377,2074.822,2077.28,4146,No Trade
2023-12-28 11:00:00,2077.319,2078.563,2075.103,2075.586,3562,Sell
2023-12-28 12:00:00,2075.61,2076.866,2071.361,2076.522,4189,Buy
2023-12-28 13:00:00,2076.479,2079.143,2072.069,2073.065,6087,Sell
2023-12-28 14:00:00,2073.107,2079.479,2072.167,2078.888,6436,No Trade
2023-12-28 15:00:00,2078.935,2081.234,2075.696,2077.335,6371,Sell
2023-12-28 16:00:00,2077.286,2077.424,2073.157,2074.235,5306,Sell
2023-12-28 17:00:00,2074.258,2076.17,2072.135,2074.853,4737,No Trade
2023-12-28 18:00:00,2074.884,2075.563,2071.453,2072.751,5191,No Trade
2023-12-28 19:00:00,2072.768,2073.241,2065.991,2068.154,4396,Sell
2023-12-28 20:00:00,2068.107,2068.996,2065.963,2066.534,3809,Sell
2023-12-28 21:00:00,2066.568,2067.097,2064.556,2065.329,2418,Sell
2023-12-28 23:00:00,2066.586,2067.253,2065.672,2066.779,1808,No Trade
2023-12-29 00:00:00,2066.817,2067.99,2066.11,2066.936,3268,No Trade
2023-12-29 01:00:00,2066.987,2071.49,2066.729,2070.776,4576,No Trade
2023-12-29 02:00:00,2070.758,2071.355,2068.367,2068.752,4034,Sell
2023-12-29 03:00:00,2068.748,2070.633,2067.711,2069.594,3220,No Trade
2023-12-29 04:00:00,2069.595,2070.781,2068.95,2070.05,2467,No Trade
2023-12-29 05:00:00,2070.052,2072.415,2069.874,2072.316,2942,Buy
2023-12-29 06:00:00,2072.316,2073.254,2071.821,2072.762,3392,No Trade
2023-12-29 07:00:00,2072.814,2074.829,2071.937,2072.025,3465,Sell
2023-12-29 08:00:00,2072.074,2073.535,2068.797,2068.815,3918,Sell
2023-12-29 09:00:00,2068.801,2069.849,2065.421,2065.647,3892,Sell
2023-12-29 10:00:00,2065.667,2065.924,2061.882,2064.813,4581,No Trade
2023-12-29 11:00:00,2064.857,2068.472,2064.857,2067.79,3963,No Trade
2023-12-29 12:00:00,2067.82,2068.968,2064.516,2065.45,4217,Sell
2023-12-29 13:00:00,2065.462,2066.377,2058.195,2059.237,5753,Sell
2023-12-29 14:00:00,2059.203,2065.383,2058.512,2063.103,6847,No Trade
2023-12-29 15:00:00,2063.095,2066.167,2061.74,2064.936,6848,No Trade
2023-12-29 16:00:00,2064.891,2068.016,2063.425,2066.241,6327,No Trade
2023-12-29 17:00:00,2066.17,2068.249,2064.58,2066.625,4848,No Trade
2023-12-29 18:00:00,2066.573,2066.62,2061.201,2064.882,6074,No Trade
2023-12-29 19:00:00,2064.922,2067.867,2064.083,2067.351,3358,No Trade
2023-12-29 20:00:00,2067.328,2067.463,2062.681,2063.25,3644,Sell
2023-12-29 21:00:00,2063.29,2063.699,2062.524,2062.938,2271,Sell
2024-01-01 23:00:00,2065.053,2066.446,2062.989,2063.887,1994,Sell
2024-01-02 00:00:00,2063.691,2065.92,2062.331,2065.498,2816,No Trade
2024-01-02 01:00:00,2065.499,2070.0,2064.97,2066.694,4604,Sell
2024-01-02 02:00:00,2066.67,2068.425,2064.049,2067.826,3147,Buy
2024-01-02 03:00:00,2067.85,2070.496,2066.579,2069.644,2736,No Trade
2024-01-02 04:00:00,2069.65,2070.824,2068.981,2069.658,2460,No Trade
2024-01-02 05:00:00,2069.724,2074.959,2069.527,2074.468,3109,Buy
2024-01-02 06:00:00,2074.464,2076.81,2072.993,2074.302,3309,No Trade
2024-01-02 07:00:00,2074.234,2076.516,2073.217,2073.223,3606,Sell
2024-01-02 08:00:00,2073.288,2074.563,2071.858,2073.373,3609,No Trade
2024-01-02 09:00:00,2073.433,2078.989,2073.341,2077.132,3516,No Trade
2024-01-02 10:00:00,2077.148,2077.853,2073.551,2076.049,4146,No Trade
2024-01-02 11:00:00,2076.035,2076.277,2068.341,2069.321,5322,Sell
2024-01-02 12:00:00,2069.279,2069.598,2065.116,2067.969,5202,No Trade
2024-01-02 13:00:00,2067.929,2071.108,2064.9,2066.372,7265,Sell
2024-01-02 14:00:00,2066.412,2070.494,2062.242,2070.425,8921,Buy
2024-01-02 15:00:00,2070.466,2070.798,2056.197,2059.405,11522,Sell
2024-01-02 16:00:00,2059.436,2067.682,2059.191,2066.192,6585,No Trade
2024-01-02 17:00:00,2066.14,2067.009,2061.891,2062.781,4606,Sell
2024-01-02 18:00:00,2062.824,2065.017,2060.614,2061.264,4007,Sell
2024-01-02 19:00:00,2061.258,2062.276,2060.47,2061.046,3409,No Trade
2024-01-02 20:00:00,2061.09,2061.677,2057.937,2058.243,3495,Sell
2024-01-02 21:00:00,2058.25,2059.331,2058.093,2058.955,2094,No Trade
2024-01-02 23:00:00,2059.012,2060.089,2058.623,2059.691,1873,No Trade
2024-01-03 00:00:00,2059.663,2062.223,2059.327,2060.297,3377,Sell
2024-01-03 01:00:00,2060.285,2062.654,2059.545,2062.479,4213,No Trade
2024-01-03 02:00:00,2062.51,2065.274,2061.698,2064.796,3855,No Trade
2024-01-03 03:00:00,2064.801,2065.642,2063.355,2065.172,3089,Buy
2024-01-03 04:00:00,2065.123,2065.627,2064.452,2064.864,2458,Sell
2024-01-03 05:00:00,2064.862,2066.082,2063.553,2064.161,3253,Sell
2024-01-03 06:00:00,2064.124,2065.458,2063.477,2064.4,3492,No Trade
2024-01-03 07:00:00,2064.368,2064.42,2060.938,2063.015,4265,No Trade
2024-01-03 08:00:00,2063.01,2064.476,2058.933,2060.183,4915,Sell
2024-01-03 09:00:00,2060.15,2060.676,2054.343,2056.896,4859,Sell
2024-01-03 10:00:00,2056.844,2057.257,2052.748,2054.949,4391,No Trade
2024-01-03 11:00:00,2054.95,2055.734,2046.723,2047.717,5232,Sell
2024-01-03 12:00:00,2047.748,2048.441,2041.828,2045.812,7202,No Trade
2024-01-03 13:00:00,2045.849,2048.082,2038.74,2041.074,8274,Sell
2024-01-03 14:00:00,2041.127,2042.394,2031.782,2037.921,9379,No Trade
2024-01-03 15:00:00,2037.87,2048.867,2031.88,2032.652,12419,Sell
2024-01-03 16:00:00,2032.701,2036.149,2031.35,2032.475,7573,No Trade
2024-01-03 17:00:00,2032.523,2033.879,2030.641,2033.403,5312,Buy
2024-01-03 18:00:00,2033.411,2036.431,2032.957,2035.919,4371,No Trade
2024-01-03 19:00:00,2035.93,2042.378,2030.622,2036.72,8576,No Trade
2024-01-03 20:00:00,2036.683,2042.409,2036.505,2041.056,5631,No Trade
2024-01-03 21:00:00,2041.096,2041.909,2040.322,2041.275,2553,No Trade
2024-01-03 23:00:00,2042.216,2043.884,2041.381,2042.881,2193,No Trade
2024-01-04 00:00:00,2042.872,2043.287,2041.633,2042.19,3119,Sell
2024-01-04 01:00:00,2042.189,2043.389,2040.144,2042.297,4350,No Trade
2024-01-04 02:00:00,2042.307,2044.842,2042.307,2044.686,4092,Buy
2024-01-04 03:00:00,2044.719,2047.06,2044.192,2044.784,3337,Sell
2024-01-04 04:00:00,2044.782,2044.782,2042.47,2043.112,3314,Sell
2024-01-04 05:00:00,2043.098,2044.374,2042.411,2043.874,3196,No Trade
2024-01-04 06:00:00,2043.881,2048.69,2043.671,2047.303,4506,No Trade
2024-01-04 07:00:00,2047.26,2049.652,2046.582,2047.699,4585,Sell
2024-01-04 08:00:00,2047.754,2048.684,2045.495,2046.863,4672,Sell
2024-01-04 09:00:00,2046.817,2051.058,2046.367,2048.095,4546,Sell
2024-01-04 10:00:00,2048.12,2050.914,2046.725,2047.987,4323,No Trade
2024-01-04 11:00:00,2047.982,2048.502,2044.93,2045.236,3936,Sell
2024-01-04 12:00:00,2045.237,2046.275,2043.373,2045.953,4063,Buy
2024-01-04 13:00:00,2045.965,2047.273,2038.931,2040.253,6914,Sell
2024-01-04 14:00:00,2040.3,2042.663,2036.274,2039.367,6593,No Trade
2024-01-04 15:00:00,2039.395,2047.838,2039.207,2045.146,7375,No Trade
2024-01-04 16:00:00,2045.184,2046.779,2044.143,2044.735,5115,Sell
2024-01-04 17:00:00,2044.786,2045.11,2040.925,2043.292,4606,No Trade
2024-01-04 18:00:00,2043.305,2044.038,2041.56,2043.223,3948,No Trade
2024-01-04 19:00:00,2043.172,2044.952,2042.495,2044.399,3207,No Trade
2024-01-04 20:00:00,2044.382,2044.883,2043.098,2043.098,3468,Sell
2024-01-04 21:00:00,2043.16,2044.389,2043.16,2043.39,1822,Sell
2024-01-04 23:00:00,2043.546,2044.824,2042.7,2044.08,2094,No Trade
2024-01-05 00:00:00,2044.132,2044.779,2043.335,2044.351,2981,No Trade
2024-01-05 01:00:00,2044.36,2048.364,2044.099,2046.238,4856,Sell
2024-01-05 02:00:00,2046.238,2047.895,2045.739,2046.234,3397,No Trade
2024-01-05 03:00:00,2046.234,2046.508,2044.893,2045.42,3415,Sell
2024-01-05 04:00:00,2045.376,2046.477,2044.538,2044.695,2697,Sell
2024-01-05 05:00:00,2044.651,2045.349,2043.228,2044.552,3098,No Trade
2024-01-05 06:00:00,2044.554,2045.16,2040.947,2042.52,3883,Sell
2024-01-05 07:00:00,2042.521,2047.095,2042.127,2043.225,4510,Sell
2024-01-05 08:00:00,2043.241,2044.496,2041.493,2042.489,4445,Sell
2024-01-05 09:00:00,2042.443,2043.86,2038.458,2038.935,4024,Sell
2024-01-05 10:00:00,2038.99,2040.391,2037.409,2040.047,3829,Buy
2024-01-05 11:00:00,2040.019,2040.402,2037.117,2039.252,3434,No Trade
2024-01-05 12:00:00,2039.236,2041.095,2038.459,2040.217,3768,No Trade
2024-01-05 13:00:00,2040.265,2042.053,2024.483,2040.025,15652,Buy
2024-01-05 14:00:00,2039.98,2049.287,2038.835,2046.959,14722,No Trade
2024-01-05 15:00:00,2047.043,2064.087,2047.043,2054.87,17430,Sell
2024-01-05 16:00:00,2054.929,2056.313,2044.199,2045.165,8005,Sell
2024-01-05 17:00:00,2045.19,2045.54,2040.47,2042.059,7329,Sell
2024-01-05 18:00:00,2042.017,2048.572,2040.568,2048.234,5716,No Trade
2024-01-05 19:00:00,2048.277,2050.417,2044.99,2045.782,4757,Sell
2024-01-05 20:00:00,2045.805,2045.866,2042.887,2043.669,4271,Sell
2024-01-05 21:00:00,2043.655,2046.277,2043.655,2045.579,2394,No Trade
2024-01-07 23:00:00,2044.736,2045.675,2043.002,2044.308,2618,No Trade
2024-01-08 00:00:00,2044.312,2046.364,2043.807,2046.042,2627,No Trade
2024-01-08 01:00:00,2046.056,2046.684,2042.891,2043.847,4280,Sell
2024-01-08 02:00:00,2043.871,2043.905,2041.304,2041.385,3955,Sell
2024-01-08 03:00:00,2041.388,2041.603,2035.117,2036.198,4405,Sell
2024-01-08 04:00:00,2036.217,2037.643,2035.681,2035.883,3452,Sell
2024-01-08 05:00:00,2035.836,2036.19,2027.043,2030.775,5668,Sell
2024-01-08 06:00:00,2030.765,2033.361,2030.42,2033.011,4354,No Trade
2024-01-08 07:00:00,2032.97,2033.253,2028.674,2031.493,5097,No Trade
2024-01-08 08:00:00,2031.493,2031.838,2027.389,2028.417,5649,Sell
2024-01-08 09:00:00,2028.387,2031.787,2026.566,2029.189,4828,No Trade
2024-01-08 10:00:00,2029.233,2029.558,2027.053,2027.666,4155,Sell
2024-01-08 11:00:00,2027.667,2027.992,2016.774,2020.187,7076,Sell
2024-01-08 12:00:00,2020.151,2024.989,2018.93,2024.672,5150,No Trade
2024-01-08 13:00:00,2024.702,2025.579,2018.468,2019.031,9528,Sell
2024-01-08 14:00:00,2018.988,2027.249,2018.551,2026.486,9557,Buy
2024-01-08 15:00:00,2026.449,2034.906,2025.57,2034.327,8429,Buy
2024-01-08 16:00:00,2034.359,2036.998,2031.467,2032.207,6773,Sell
2024-01-08 17:00:00,2032.24,2033.1,2027.114,2027.739,5223,Sell
2024-01-08 18:00:00,2027.736,2028.38,2026.375,2026.605,4319,Sell
2024-01-08 19:00:00,2026.61,2029.694,2026.56,2029.401,3523,Buy
2024-01-08 20:00:00,2029.415,2029.937,2026.182,2027.228,3757,Sell
2024-01-08 21:00:00,2027.218,2028.81,2027.144,2028.098,2071,No Trade
2024-01-08 23:00:00,2028.202,2030.9,2027.85,2030.654,1948,No Trade
2024-01-09 00:00:00,2030.626,2035.038,2030.626,2034.437,4132,No Trade
2024-01-09 01:00:00,2034.438,2035.715,2031.239,2032.262,4828,Sell
2024-01-09 02:00:00,2032.269,2036.0,2032.169,2034.237,4232,Sell
2024-01-09 03:00:00,2034.27,2035.017,2033.07,2033.689,3436,Sell
2024-01-09 04:00:00,2033.697,2035.073,2032.334,2032.967,3595,Sell
2024-01-09 05:00:00,2032.967,2033.61,2030.393,2032.873,3672,No Trade
2024-01-09 06:00:00,2032.91,2035.206,2031.27,2033.235,4373,No Trade
2024-01-09 07:00:00,2033.26,2037.313,2032.282,2036.061,5096,No Trade
2024-01-09 08:00:00,2036.111,2038.358,2031.349,2034.36,6308,No Trade
2024-01-09 09:00:00,2034.314,2037.091,2033.218,2035.492,4684,No Trade
2024-01-09 10:00:00,2035.49,2038.592,2034.886,2035.523,4518,Sell
2024-01-09 11:00:00,2035.554,2035.796,2033.739,2035.061,3910,No Trade
2024-01-09 12:00:00,2035.092,2036.405,2034.036,2036.346,3873,Buy
2024-01-09 13:00:00,2036.394,2042.104,2031.733,2038.734,8164,No Trade
2024-01-09 14:00:00,2038.695,2040.174,2033.989,2034.693,8933,No Trade
2024-01-09 15:00:00,2034.669,2035.69,2028.808,2028.808,7384,Sell
2024-01-09 16:00:00,2028.759,2031.659,2026.121,2031.221,6876,Buy
2024-01-09 17:00:00,2031.267,2032.118,2027.101,2027.693,4895,Sell
2024-01-09 18:00:00,2027.665,2029.757,2026.846,2029.235,4982,Buy
2024-01-09 19:00:00,2029.246,2030.096,2027.859,2028.89,3478,No Trade
2024-01-09 20:00:00,2028.909,2031.185,2028.337,2028.487,3645,Sell
2024-01-09 21:00:00,2028.538,2030.249,2028.528,2029.986,1668,No Trade
2024-01-09 23:00:00,2030.751,2031.183,2028.192,2030.616,2044,Buy
2024-01-10 00:00:00,2030.618,2031.239,2029.688,2030.355,2787,No Trade
2024-01-10 01:00:00,2030.326,2032.558,2027.342,2031.854,4518,Buy
2024-01-10 02:00:00,2031.832,2032.924,2030.426,2031.897,3673,No Trade
2024-01-10 03:00:00,2031.906,2031.99,2028.151,2028.901,3568,Sell
2024-01-10 04:00:00,2028.893,2030.75,2028.446,2029.815,2900,No Trade
2024-01-10 05:00:00,2029.813,2030.291,2025.465,2026.723,3883,Sell
2024-01-10 06:00:00,2026.724,2027.138,2023.859,2024.621,4091,Sell
2024-01-10 07:00:00,2024.645,2031.714,2024.321,2031.028,5035,Buy
2024-01-10 08:00:00,2031.024,2036.13,2030.29,2035.301,6443,No Trade
2024-01-10 09:00:00,2035.25,2036.266,2034.659,2035.747,4540,No Trade
2024-01-10 10:00:00,2035.811,2040.363,2034.571,2034.922,4563,Sell
2024-01-10 11:00:00,2034.928,2035.379,2032.848,2034.143,3918,No Trade
2024-01-10 12:00:00,2034.146,2035.764,2031.29,2031.613,4462,Sell
2024-01-10 13:00:00,2031.621,2034.119,2030.022,2030.297,6272,Sell
2024-01-10 14:00:00,2030.338,2033.695,2026.45,2027.463,7181,Sell
2024-01-10 15:00:00,2027.479,2029.865,2024.874,2027.912,7333,No Trade
2024-01-10 16:00:00,2027.875,2028.612,2024.779,2027.121,5380,No Trade
2024-01-10 17:00:00,2027.129,2027.861,2022.239,2024.076,4750,Sell
2024-01-10 18:00:00,2024.102,2024.644,2021.438,2023.719,4914,No Trade
2024-01-10 19:00:00,2023.717,2024.618,2020.453,2024.109,3722,Buy
2024-01-10 20:00:00,2024.17,2025.121,2021.942,2023.613,4498,No Trade
2024-01-10 21:00:00,2023.587,2024.584,2023.37,2024.335,1959,No Trade
2024-01-10 23:00:00,2024.779,2027.983,2024.514,2026.573,2193,Sell
2024-01-11 00:00:00,2026.628,2028.537,2026.589,2027.93,2956,No Trade
2024-01-11 01:00:00,2027.948,2030.443,2027.133,2029.716,3899,No Trade
2024-01-11 02:00:00,2029.722,2032.069,2028.96,2029.711,3708,No Trade
2024-01-11 03:00:00,2029.707,2031.119,2028.845,2030.89,3032,Buy
2024-01-11 04:00:00,2030.89,2032.335,2030.88,2032.089,2413,No Trade
2024-01-11 05:00:00,2032.137,2034.69,2031.171,2033.033,3446,No Trade
2024-01-11 06:00:00,2033.047,2035.15,2032.227,2034.041,3747,No Trade
2024-01-11 07:00:00,2034.042,2035.74,2033.655,2033.943,3764,Sell
2024-01-11 08:00:00,2033.996,2034.12,2030.506,2030.98,4628,Sell
2024-01-11 09:00:00,2030.972,2032.575,2030.19,2031.373,3963,No Trade
2024-01-11 10:00:00,2031.373,2032.832,2030.571,2032.11,3400,No Trade
2024-01-11 11:00:00,2032.155,2034.483,2031.428,2034.387,3600,No Trade
2024-01-11 12:00:00,2034.419,2035.115,2031.664,2032.423,4093,Sell
2024-01-11 13:00:00,2032.445,2048.223,2025.113,2029.521,17101,Sell
2024-01-11 14:00:00,2029.556,2034.985,2024.949,2029.789,15998,No Trade
2024-01-11 15:00:00,2029.759,2033.085,2025.266,2029.085,12785,No Trade
2024-01-11 16:00:00,2029.049,2029.691,2013.655,2016.787,12097,Sell
2024-01-11 17:00:00,2016.744,2018.558,2013.309,2014.423,7083,Sell
2024-01-11 18:00:00,2014.386,2017.115,2013.852,2017.11,5828,No Trade
2024-01-11 19:00:00,2017.141,2027.509,2017.141,2026.538,6413,No Trade
2024-01-11 20:00:00,2026.587,2028.627,2023.543,2027.566,5433,Buy
2024-01-11 21:00:00,2027.606,2029.701,2027.437,2028.92,2494,No Trade
2024-01-11 23:00:00,2028.97,2035.662,2028.65,2035.169,2730,Buy
2024-01-12 00:00:00,2035.226,2035.481,2030.344,2031.174,3901,No Trade
2024-01-12 01:00:00,2031.13,2034.82,2030.11,2033.977,4924,No Trade
2024-01-12 02:00:00,2033.977,2035.35,2033.296,2034.063,3618,No Trade
2024-01-12 03:00:00,2034.064,2035.737,2033.723,2033.976,3105,Sell
2024-01-12 04:00:00,2033.947,2035.094,2032.884,2034.759,2898,No Trade
2024-01-12 05:00:00,2034.772,2037.205,2033.8,2036.098,3433,No Trade
2024-01-12 06:00:00,2036.042,2036.865,2034.983,2035.308,3483,Sell
2024-01-12 07:00:00,2035.336,2039.45,2034.22,2037.654,4993,No Trade
2024-01-12 08:00:00,2037.652,2039.85,2037.009,2038.71,5151,No Trade
2024-01-12 09:00:00,2038.722,2040.131,2037.881,2038.191,4158,Sell
2024-01-12 10:00:00,2038.194,2046.184,2038.066,2045.903,4554,Buy
2024-01-12 11:00:00,2045.935,2047.482,2044.226,2045.407,4902,No Trade
2024-01-12 12:00:00,2045.439,2053.894,2045.439,2047.855,7128,Sell
2024-01-12 13:00:00,2047.908,2056.743,2044.429,2056.197,12742,No Trade
2024-01-12 14:00:00,2056.249,2062.367,2053.378,2056.08,11182,No Trade
2024-01-12 15:00:00,2056.043,2060.174,2050.885,2053.712,10169,Sell
2024-01-12 16:00:00,2053.746,2055.621,2048.334,2048.345,8096,Sell
2024-01-12 17:00:00,2048.313,2048.679,2041.497,2043.953,7500,Sell
2024-01-12 18:00:00,2043.911,2048.759,2043.009,2047.578,5363,No Trade
2024-01-12 19:00:00,2047.582,2049.245,2046.276,2047.383,3707,No Trade
2024-01-12 20:00:00,2047.431,2047.773,2046.108,2047.644,3382,Buy
2024-01-12 21:00:00,2047.598,2049.323,2046.939,2049.132,2350,No Trade
2024-01-14 23:00:00,2048.23,2048.805,2046.393,2047.687,2658,No Trade
2024-01-15 00:00:00,2047.752,2048.561,2045.864,2047.945,3471,Buy
2024-01-15 01:00:00,2047.963,2051.487,2047.546,2051.038,4571,No Trade
2024-01-15 02:00:00,2051.041,2056.471,2049.922,2056.431,4690,No Trade
2024-01-15 03:00:00,2056.382,2058.133,2055.552,2057.476,4015,No Trade
2024-01-15 04:00:00,2057.473,2057.651,2053.641,2054.389,3109,Sell
2024-01-15 05:00:00,2054.39,2055.632,2053.105,2055.162,3196,Buy
2024-01-15 06:00:00,2055.172,2057.077,2053.922,2055.477,3760,No Trade
2024-01-15 07:00:00,2055.517,2056.031,2052.966,2054.267,4765,Sell
2024-01-15 08:00:00,2054.318,2058.726,2053.864,2056.752,4437,Sell
2024-01-15 09:00:00,2056.744,2057.063,2052.971,2055.007,4177,Sell
2024-01-15 10:00:00,2055.04,2055.211,2052.146,2053.122,3859,Sell
2024-01-15 11:00:00,2053.168,2053.845,2051.551,2053.357,3523,Buy
2024-01-15 12:00:00,2053.363,2053.749,2051.371,2052.777,3618,No Trade
2024-01-15 13:00:00,2052.835,2054.343,2052.147,2054.255,3856,No Trade
2024-01-15 14:00:00,2054.32,2054.522,2051.656,2052.236,3735,Sell
2024-01-15 15:00:00,2052.194,2053.926,2049.293,2053.358,4336,Buy
2024-01-15 16:00:00,2053.331,2055.054,2053.248,2054.118,3409,Sell
2024-01-15 17:00:00,2054.131,2056.479,2053.693,2055.381,2915,Sell
2024-01-15 18:00:00,2055.413,2055.557,2054.351,2054.532,1385,Sell
2024-01-15 19:00:00,2054.529,2054.619,2053.985,2054.036,358,Sell
2024-01-15 23:00:00,2055.158,2055.539,2053.339,2054.056,2241,Sell
2024-01-16 00:00:00,2054.097,2054.608,2050.864,2051.473,3770,Sell
2024-01-16 01:00:00,2051.435,2053.472,2050.01,2050.934,4856,Sell
2024-01-16 02:00:00,2050.942,2051.577,2049.861,2050.591,3768,Sell
2024-01-16 03:00:00,2050.588,2051.623,2048.444,2049.536,3704,Sell
2024-01-16 04:00:00,2049.537,2050.159,2049.064,2049.429,2805,Sell
2024-01-16 05:00:00,2049.447,2049.531,2047.585,2048.67,3516,No Trade
2024-01-16 06:00:00,2048.635,2050.62,2047.455,2050.569,3675,Buy
2024-01-16 07:00:00,2050.577,2050.985,2048.091,2049.477,4507,Sell
2024-01-16 08:00:00,2049.445,2050.124,2042.152,2043.229,6874,Sell
2024-01-16 09:00:00,2043.234,2043.985,2038.708,2041.318,6118,Sell
2024-01-16 10:00:00,2041.271,2042.507,2039.301,2041.107,4866,No Trade
2024-01-16 11:00:00,2041.138,2041.307,2038.239,2039.974,4495,No Trade
2024-01-16 12:00:00,2039.914,2040.101,2035.688,2038.567,5420,No Trade
2024-01-16 13:00:00,2038.519,2045.189,2031.344,2037.732,11395,No Trade
2024-01-16 14:00:00,2037.773,2042.721,2036.899,2038.285,9337,Sell
2024-01-16 15:00:00,2038.295,2042.089,2037.396,2041.153,7907,No Trade
2024-01-16 16:00:00,2041.202,2041.369,2032.551,2033.573,14238,Sell
2024-01-16 17:00:00,2033.582,2033.938,2024.984,2025.392,8200,Sell
2024-01-16 18:00:00,2025.441,2029.005,2024.288,2025.193,5632,Sell
2024-01-16 19:00:00,2025.195,2030.26,2025.01,2029.29,4226,Sell
2024-01-16 20:00:00,2029.32,2029.854,2027.906,2028.343,3684,No Trade
2024-01-16 21:00:00,2028.393,2028.655,2027.215,2028.562,2088,Buy
2024-01-16 23:00:00,2028.137,2028.272,2025.799,2028.041,2259,Buy
2024-01-17 00:00:00,2028.2,2028.943,2025.732,2028.535,3431,Buy
2024-01-17 01:00:00,2028.532,2030.838,2026.772,2030.364,4636,No Trade
2024-01-17 02:00:00,2030.353,2033.035,2027.079,2029.035,4310,Sell
2024-01-17 03:00:00,2029.004,2029.229,2023.495,2024.174,3730,No Trade
2024-01-17 04:00:00,2024.17,2025.849,2023.425,2025.462,3403,No Trade
2024-01-17 05:00:00,2025.467,2025.502,2019.384,2020.731,5298,Sell
2024-01-17 06:00:00,2020.735,2020.878,2017.65,2019.316,4973,Sell
2024-01-17 07:00:00,2019.312,2026.207,2017.909,2025.846,5991,No Trade
2024-01-17 08:00:00,2025.797,2026.716,2021.343,2021.528,5280,Sell
2024-01-17 09:00:00,2021.498,2024.363,2019.077,2023.9,4722,Buy
2024-01-17 10:00:00,2023.768,2028.407,2022.821,2026.161,5073,No Trade
2024-01-17 11:00:00,2026.204,2026.808,2023.784,2024.038,4031,Sell
2024-01-17 12:00:00,2023.993,2029.132,2023.782,2028.417,5250,No Trade
2024-01-17 13:00:00,2028.464,2028.779,2019.101,2022.512,9743,Sell
2024-01-17 14:00:00,2022.458,2023.165,2011.491,2012.325,10314,Sell
2024-01-17 15:00:00,2012.263,2014.124,2006.177,2008.953,10864,Sell
2024-01-17 16:00:00,2008.914,2012.068,2004.238,2005.51,7211,Sell
2024-01-17 17:00:00,2005.569,2008.122,2003.48,2007.108,5444,No Trade
2024-01-17 18:00:00,2007.141,2007.306,2001.839,2004.765,5312,Sell
2024-01-17 19:00:00,2004.812,2007.027,2004.374,2005.514,4256,Sell
2024-01-17 20:00:00,2005.56,2006.939,2004.809,2006.226,3814,No Trade
2024-01-17 21:00:00,2006.259,2006.468,2005.361,2006.23,2085,Buy
2024-01-17 23:00:00,2005.681,2009.812,2005.653,2009.458,2332,Buy
2024-01-18 00:00:00,2009.476,2011.017,2008.323,2010.939,3459,Buy
2024-01-18 01:00:00,2010.884,2012.169,2009.415,2011.634,4270,Buy
2024-01-18 02:00:00,2011.596,2011.94,2007.563,2007.725,3495,Sell
2024-01-18 03:00:00,2007.734,2009.231,2006.538,2008.124,3658,No Trade
2024-01-18 04:00:00,2008.109,2009.288,2007.941,2008.124,2733,Sell
2024-01-18 05:00:00,2008.155,2009.485,2005.817,2009.262,3562,Buy
2024-01-18 06:00:00,2009.245,2013.133,2008.875,2012.728,4146,No Trade
2024-01-18 07:00:00,2012.687,2014.113,2011.131,2012.419,4163,No Trade
2024-01-18 08:00:00,2012.405,2012.494,2009.647,2009.814,4511,Sell
2024-01-18 09:00:00,2009.78,2013.072,2008.192,2010.219,4364,No Trade
2024-01-18 10:00:00,2010.263,2012.311,2009.272,2011.652,3806,No Trade
2024-01-18 11:00:00,2011.657,2013.574,2010.843,2012.654,3702,No Trade
2024-01-18 12:00:00,2012.676,2017.334,2012.676,2015.147,5010,Sell
2024-01-18 13:00:00,2015.088,2015.088,2007.499,2009.149,7492,Sell
2024-01-18 14:00:00,2009.201,2013.757,2009.072,2012.908,8226,No Trade
2024-01-18 15:00:00,2012.962,2015.752,2011.709,2013.652,6916,No Trade
2024-01-18 16:00:00,2013.649,2017.819,2013.117,2014.864,5308,Sell
2024-01-18 17:00:00,2014.866,2016.466,2013.281,2016.347,4381,Buy
2024-01-18 18:00:00,2016.402,2021.201,2015.514,2020.548,5127,No Trade
2024-01-18 19:00:00,2020.509,2020.687,2018.439,2019.845,3970,No Trade
2024-01-18 20:00:00,2019.839,2022.732,2019.839,2022.312,3641,No Trade
2024-01-18 21:00:00,2022.268,2023.366,2021.907,2023.187,1850,No Trade
2024-01-18 23:00:00,2023.859,2024.447,2021.199,2023.638,2620,Buy
2024-01-19 00:00:00,2023.738,2024.347,2022.717,2023.22,3052,Sell
2024-01-19 01:00:00,2023.211,2025.608,2022.145,2024.094,4242,No Trade
2024-01-19 02:00:00,2024.04,2025.09,2022.645,2024.07,3580,No Trade
2024-01-19 03:00:00,2024.07,2024.356,2021.956,2022.846,2607,Sell
2024-01-19 04:00:00,2022.841,2022.876,2020.689,2021.075,2437,Sell
2024-01-19 05:00:00,2021.058,2021.98,2020.41,2021.666,2976,No Trade
2024-01-19 06:00:00,2021.641,2024.358,2020.944,2023.899,3686,No Trade
2024-01-19 07:00:00,2023.893,2029.713,2023.76,2028.046,4398,No Trade
2024-01-19 08:00:00,2028.008,2030.194,2026.272,2029.779,4172,Buy
2024-01-19 09:00:00,2029.788,2030.931,2027.679,2029.82,3847,No Trade
2024-01-19 10:00:00,2029.815,2031.043,2028.962,2030.418,3328,No Trade
2024-01-19 11:00:00,2030.461,2032.098,2028.871,2031.718,3522,Buy
2024-01-19 12:00:00,2031.753,2035.217,2031.737,2032.956,4190,Sell
2024-01-19 13:00:00,2032.909,2039.332,2032.699,2035.357,6424,Sell
2024-01-19 14:00:00,2035.396,2035.766,2026.416,2029.746,6493,Sell
2024-01-19 15:00:00,2029.777,2032.3,2023.226,2027.761,9073,No Trade
2024-01-19 16:00:00,2027.74,2029.621,2023.278,2024.906,5645,Sell
2024-01-19 17:00:00,2024.867,2029.181,2024.45,2029.181,4738,Buy
2024-01-19 18:00:00,2029.182,2029.536,2026.485,2027.921,4221,Sell
2024-01-19 19:00:00,2027.903,2029.488,2027.582,2029.175,3500,No Trade
2024-01-19 20:00:00,2029.156,2029.574,2027.787,2028.298,3286,Sell
2024-01-19 21:00:00,2028.347,2030.07,2028.182,2029.552,2070,No Trade
2024-01-21 23:00:00,2028.629,2028.663,2026.953,2027.604,2794,Sell
2024-01-22 00:00:00,2027.59,2029.346,2025.478,2029.085,3396,Buy
2024-01-22 01:00:00,2029.134,2032.174,2028.784,2029.134,4164,No Trade
2024-01-22 02:00:00,2029.148,2030.123,2028.419,2029.823,3336,No Trade
2024-01-22 03:00:00,2029.826,2029.867,2026.032,2027.043,3235,Sell
2024-01-22 04:00:00,2027.035,2027.279,2024.745,2025.589,2887,Sell
2024-01-22 05:00:00,2025.541,2025.639,2021.933,2023.34,4248,Sell
2024-01-22 06:00:00,2023.306,2024.527,2020.084,2020.987,4811,Sell
2024-01-22 07:00:00,2020.97,2024.304,2019.161,2021.896,4990,No Trade
2024-01-22 08:00:00,2021.856,2026.294,2020.507,2022.209,5117,Sell
2024-01-22 09:00:00,2022.252,2024.051,2020.639,2021.782,3908,Sell
2024-01-22 10:00:00,2021.726,2024.615,2021.121,2022.934,3869,No Trade
2024-01-22 11:00:00,2022.916,2026.707,2022.275,2026.213,4002,No Trade
2024-01-22 12:00:00,2026.166,2030.272,2025.267,2029.728,4787,No Trade
2024-01-22 13:00:00,2029.682,2029.785,2021.316,2023.251,6885,Sell
2024-01-22 14:00:00,2023.235,2024.076,2016.539,2022.765,7575,Buy
2024-01-22 15:00:00,2022.723,2026.634,2020.808,2024.2,6328,No Trade
2024-01-22 16:00:00,2024.241,2024.294,2021.511,2023.715,4480,Buy
2024-01-22 17:00:00,2023.77,2024.701,2021.431,2021.676,3829,No Trade
2024-01-22 18:00:00,2021.673,2021.996,2019.818,2021.389,3681,No Trade
2024-01-22 19:00:00,2021.384,2021.664,2019.128,2021.06,3332,Buy
2024-01-22 20:00:00,2021.072,2021.134,2019.209,2020.866,3206,Buy
2024-01-22 21:00:00,2020.847,2021.66,2020.281,2021.66,1811,Buy
2024-01-22 23:00:00,2021.607,2021.989,2020.416,2020.767,1620,Sell
2024-01-23 00:00:00,2020.769,2023.193,2020.769,2022.854,2507,No Trade
2024-01-23 01:00:00,2022.813,2022.986,2019.659,2021.748,3766,No Trade
2024-01-23 02:00:00,2021.768,2024.228,2020.881,2022.742,3831,No Trade
2024-01-23 03:00:00,2022.737,2027.961,2021.798,2027.493,3970,No Trade
2024-01-23 04:00:00,2027.489,2028.004,2026.752,2027.696,2902,Buy
2024-01-23 05:00:00,2027.699,2031.763,2027.288,2030.933,3926,No Trade
2024-01-23 06:00:00,2030.909,2036.036,2029.228,2035.183,4598,No Trade
2024-01-23 07:00:00,2035.218,2038.008,2027.777,2031.649,6456,Sell
2024-01-23 08:00:00,2031.653,2031.748,2027.766,2028.994,4633,Sell
2024-01-23 09:00:00,2028.951,2030.652,2027.105,2028.77,4391,No Trade
2024-01-23 10:00:00,2028.715,2028.715,2024.802,2025.192,4245,Sell
2024-01-23 11:00:00,2025.184,2026.248,2022.488,2023.962,4225,Sell
2024-01-23 12:00:00,2023.968,2027.045,2023.297,2025.799,4238,No Trade
2024-01-23 13:00:00,2025.84,2030.457,2023.387,2024.983,5927,Sell
2024-01-23 14:00:00,2024.984,2026.205,2021.452,2023.198,6857,Sell
2024-01-23 15:00:00,2023.252,2026.843,2023.028,2025.208,6343,No Trade
2024-01-23 16:00:00,2025.265,2027.811,2023.332,2025.769,4830,No Trade
2024-01-23 17:00:00,2025.811,2026.107,2022.665,2024.318,3827,Sell
2024-01-23 18:00:00,2024.332,2025.838,2023.062,2025.273,3718,Buy
2024-01-23 19:00:00,2025.269,2030.784,2024.833,2029.936,3883,No Trade
2024-01-23 20:00:00,2029.918,2030.386,2028.245,2028.782,3165,Sell
2024-01-23 21:00:00,2028.747,2029.364,2027.878,2029.01,1896,Buy
2024-01-23 23:00:00,2028.846,2029.603,2027.305,2029.352,1914,Buy
2024-01-24 00:00:00,2029.218,2029.379,2027.002,2027.445,2864,Sell
2024-01-24 01:00:00,2027.405,2029.022,2026.501,2027.31,3716,No Trade
2024-01-24 02:00:00,2027.288,2027.653,2023.995,2024.307,3157,Sell
2024-01-24 03:00:00,2024.286,2025.761,2023.747,2024.92,3224,No Trade
2024-01-24 04:00:00,2024.918,2025.736,2024.082,2024.547,2446,Sell
2024-01-24 05:00:00,2024.536,2025.785,2022.835,2024.634,3281,No Trade
2024-01-24 06:00:00,2024.635,2028.051,2023.827,2026.123,3678,No Trade
2024-01-24 07:00:00,2026.079,2031.686,2025.862,2029.628,4568,No Trade
2024-01-24 08:00:00,2029.661,2032.314,2028.274,2030.999,5026,No Trade
2024-01-24 09:00:00,2030.95,2034.247,2029.984,2030.975,4443,Buy
2024-01-24 10:00:00,2030.923,2033.103,2029.436,2032.777,3803,Buy
2024-01-24 11:00:00,2032.826,2034.331,2030.901,2033.563,3863,Buy
2024-01-24 12:00:00,2033.512,2034.476,2031.723,2032.785,4414,Sell
2024-01-24 13:00:00,2032.737,2036.795,2031.317,2034.085,8087,Sell
2024-01-24 14:00:00,2034.037,2034.772,2023.367,2024.664,9659,Sell
2024-01-24 15:00:00,2024.688,2025.381,2014.928,2015.313,9738,Sell
2024-01-24 16:00:00,2015.344,2016.402,2011.883,2015.39,6529,No Trade
2024-01-24 17:00:00,2015.429,2019.878,2015.351,2019.273,4998,No Trade
2024-01-24 18:00:00,2019.325,2019.871,2013.435,2015.172,5461,Sell
2024-01-24 19:00:00,2015.169,2015.379,2011.238,2012.157,4045,Sell
2024-01-24 20:00:00,2012.189,2013.857,2011.881,2012.358,3521,Buy
2024-01-24 21:00:00,2012.398,2014.653,2012.148,2014.517,2293,Buy
2024-01-24 23:00:00,2015.051,2017.605,2014.861,2016.316,2418,Sell
2024-01-25 00:00:00,2016.192,2016.824,2014.895,2015.514,3308,Sell
2024-01-25 01:00:00,2015.511,2017.382,2014.54,2016.562,4066,No Trade
2024-01-25 02:00:00,2016.573,2017.065,2014.717,2015.233,3348,Sell
2024-01-25 03:00:00,2015.278,2016.872,2015.183,2015.868,2869,Sell
2024-01-25 04:00:00,2015.866,2016.493,2014.862,2015.751,2155,No Trade
2024-01-25 05:00:00,2015.772,2016.669,2014.9,2015.593,2844,No Trade
2024-01-25 06:00:00,2015.61,2016.659,2014.606,2015.844,3130,No Trade
2024-01-25 07:00:00,2015.842,2018.347,2013.648,2015.911,4192,No Trade
2024-01-25 08:00:00,2015.863,2016.077,2012.735,2013.938,4562,Sell
2024-01-25 09:00:00,2013.928,2017.973,2012.873,2017.912,3972,No Trade
2024-01-25 10:00:00,2017.906,2019.586,2017.233,2019.206,3754,No Trade
2024-01-25 11:00:00,2019.253,2019.592,2016.592,2017.55,3750,Sell
2024-01-25 12:00:00,2017.551,2017.733,2013.403,2013.758,4089,Sell
2024-01-25 13:00:00,2013.708,2023.084,2009.712,2019.358,9723,No Trade
2024-01-25 14:00:00,2019.393,2025.341,2018.435,2023.705,9817,No Trade
2024-01-25 15:00:00,2023.674,2024.784,2016.865,2020.379,7815,Sell
2024-01-25 16:00:00,2020.385,2021.707,2013.849,2014.657,5354,Sell
2024-01-25 17:00:00,2014.704,2016.585,2012.518,2014.963,4600,No Trade
2024-01-25 18:00:00,2014.984,2018.695,2014.106,2014.358,4674,Sell
2024-01-25 19:00:00,2014.31,2018.467,2013.472,2017.8,3547,No Trade
2024-01-25 20:00:00,2017.834,2020.383,2016.966,2020.124,3232,No Trade
2024-01-25 21:00:00,2020.077,2020.821,2018.996,2020.81,1845,Buy
2024-01-25 23:00:00,2020.07,2021.853,2019.566,2020.463,2124,Sell
2024-01-26 00:00:00,2020.571,2021.891,2019.434,2021.274,2836,No Trade
2024-01-26 01:00:00,2021.332,2024.274,2021.125,2021.934,3762,Sell
2024-01-26 02:00:00,2021.918,2024.036,2021.829,2022.035,3098,Sell
2024-01-26 03:00:00,2022.051,2022.969,2021.399,2021.873,2535,No Trade
2024-01-26 04:00:00,2021.818,2022.516,2021.082,2021.289,2291,Sell
2024-01-26 05:00:00,2021.246,2023.566,2021.116,2023.084,2828,No Trade
2024-01-26 06:00:00,2023.085,2023.492,2021.642,2021.694,3049,Sell
2024-01-26 07:00:00,2021.673,2022.879,2019.871,2021.352,3922,No Trade
2024-01-26 08:00:00,2021.349,2022.257,2020.25,2020.633,4063,Sell
2024-01-26 09:00:00,2020.682,2022.478,2018.284,2020.894,4166,No Trade
2024-01-26 10:00:00,2020.935,2023.924,2020.935,2023.5,3742,No Trade
2024-01-26 11:00:00,2023.487,2024.748,2022.446,2023.529,3663,No Trade
2024-01-26 12:00:00,2023.485,2024.548,2020.166,2021.375,3855,Sell
2024-01-26 13:00:00,2021.339,2026.959,2018.787,2024.713,7878,No Trade
2024-01-26 14:00:00,2024.711,2026.166,2019.132,2020.358,7067,Sell
2024-01-26 15:00:00,2020.316,2020.316,2016.146,2017.182,5979,Sell
2024-01-26 16:00:00,2017.105,2019.547,2015.954,2018.257,4589,No Trade
2024-01-26 17:00:00,2018.206,2018.893,2016.506,2016.725,3826,Sell
2024-01-26 18:00:00,2016.689,2018.292,2016.12,2017.404,3645,No Trade
2024-01-26 19:00:00,2017.415,2017.936,2016.205,2017.115,3018,No Trade
2024-01-26 20:00:00,2017.091,2019.315,2016.547,2018.58,2936,No Trade
2024-01-26 21:00:00,2018.535,2019.218,2018.085,2018.569,1644,No Trade
2024-01-28 23:00:00,2023.524,2028.701,2021.287,2021.931,5024,Sell
2024-01-29 00:00:00,2021.932,2022.156,2019.377,2021.608,3852,Buy
2024-01-29 01:00:00,2021.599,2025.553,2021.146,2023.278,4177,Sell
2024-01-29 02:00:00,2023.278,2025.561,2021.568,2025.497,3238,Buy
2024-01-29 03:00:00,2025.523,2026.422,2024.245,2025.7,2856,No Trade
2024-01-29 04:00:00,2025.694,2027.689,2025.477,2026.235,2457,Sell
2024-01-29 05:00:00,2026.257,2026.916,2024.758,2025.573,2941,Sell
2024-01-29 06:00:00,2025.547,2029.07,2024.95,2028.825,3292,No Trade
2024-01-29 07:00:00,2028.786,2033.923,2028.737,2031.376,4392,Sell
2024-01-29 08:00:00,2031.348,2033.658,2031.037,2031.677,4316,Sell
2024-01-29 09:00:00,2031.695,2032.021,2027.942,2028.497,3774,Sell
2024-01-29 10:00:00,2028.433,2028.669,2025.651,2027.547,3680,No Trade
2024-01-29 11:00:00,2027.544,2028.401,2025.527,2028.211,3490,Buy
2024-01-29 12:00:00,2028.234,2030.381,2028.204,2028.534,3487,Sell
2024-01-29 13:00:00,2028.522,2037.661,2027.84,2036.869,5497,No Trade
2024-01-29 14:00:00,2036.869,2037.306,2021.687,2024.8,7262,Sell
2024-01-29 15:00:00,2024.752,2026.356,2020.561,2025.487,5988,Buy
2024-01-29 16:00:00,2025.444,2028.026,2024.055,2027.106,4607,No Trade
2024-01-29 17:00:00,2027.104,2031.197,2026.602,2029.412,4009,Sell
2024-01-29 18:00:00,2029.405,2029.805,2025.132,2025.897,3507,Sell
2024-01-29 19:00:00,2025.929,2028.03,2025.219,2026.981,3354,No Trade
2024-01-29 20:00:00,2027.016,2035.351,2027.016,2032.792,5356,No Trade
2024-01-29 21:00:00,2032.727,2032.727,2031.02,2032.437,2381,Buy
2024-01-29 23:00:00,2033.135,2033.392,2029.193,2030.945,2080,Sell
2024-01-30 00:00:00,2031.062,2034.166,2030.926,2033.634,3229,No Trade
2024-01-30 01:00:00,2033.629,2034.045,2030.661,2031.154,3783,Sell
2024-01-30 02:00:00,2031.108,2032.513,2029.889,2031.982,3089,No Trade
2024-01-30 03:00:00,2031.952,2032.643,2031.415,2032.099,2738,No Trade
2024-01-30 04:00:00,2032.103,2033.083,2031.253,2031.855,2353,Sell
2024-01-30 05:00:00,2031.866,2033.379,2031.534,2032.27,2790,Sell
2024-01-30 06:00:00,2032.273,2036.09,2032.171,2034.563,3671,Sell
2024-01-30 07:00:00,2034.554,2040.553,2034.092,2037.956,4483,Sell
2024-01-30 08:00:00,2037.915,2039.564,2037.077,2038.387,4711,No Trade
2024-01-30 09:00:00,2038.369,2038.72,2035.113,2035.759,3860,Sell
2024-01-30 10:00:00,2035.75,2037.392,2035.096,2035.712,3728,No Trade
2024-01-30 11:00:00,2035.671,2036.209,2031.132,2034.352,3892,No Trade
2024-01-30 12:00:00,2034.324,2036.433,2033.703,2035.984,3830,No Trade
2024-01-30 13:00:00,2036.006,2038.041,2033.276,2037.867,6238,Buy
2024-01-30 14:00:00,2037.811,2048.656,2037.371,2046.716,8868,No Trade
2024-01-30 15:00:00,2046.64,2048.416,2029.124,2032.643,12860,Sell
2024-01-30 16:00:00,2032.706,2036.147,2031.75,2035.934,5600,No Trade
2024-01-30 17:00:00,2035.935,2036.233,2033.16,2034.071,4310,Sell
2024-01-30 18:00:00,2034.074,2034.074,2031.476,2032.829,3951,Sell
2024-01-30 19:00:00,2032.826,2037.121,2032.407,2036.14,3690,No Trade
2024-01-30 20:00:00,2036.103,2036.692,2035.333,2036.085,3228,No Trade
2024-01-30 21:00:00,2036.024,2036.947,2035.895,2036.868,2026,No Trade
2024-01-30 23:00:00,2036.97,2037.294,2035.639,2036.446,1629,Sell
2024-01-31 00:00:00,2036.5,2038.741,2035.867,2036.185,2841,Sell
2024-01-31 01:00:00,2036.183,2037.258,2034.506,2034.719,3266,Sell
2024-01-31 02:00:00,2034.669,2034.93,2032.911,2033.757,3097,Sell
2024-01-31 03:00:00,2033.759,2034.312,2033.098,2034.008,2266,Buy
2024-01-31 04:00:00,2034.005,2034.88,2033.297,2034.599,1991,Buy
2024-01-31 05:00:00,2034.645,2035.185,2033.305,2035.033,2621,Buy
2024-01-31 06:00:00,2035.06,2035.881,2033.709,2034.372,2689,Sell
2024-01-31 07:00:00,2034.331,2038.637,2033.957,2036.663,3855,No Trade
2024-01-31 08:00:00,2036.666,2040.537,2036.179,2039.2,4071,No Trade
2024-01-31 09:00:00,2039.16,2039.908,2037.976,2038.313,3605,Sell
2024-01-31 10:00:00,2038.317,2038.655,2036.647,2037.059,3304,Sell
2024-01-31 11:00:00,2037.068,2039.018,2036.945,2037.384,3243,Sell
2024-01-31 12:00:00,2037.387,2039.675,2037.188,2038.574,3523,No Trade
2024-01-31 13:00:00,2038.652,2043.283,2036.079,2041.947,7012,No Trade
2024-01-31 14:00:00,2041.977,2055.394,2040.744,2051.71,8330,No Trade
2024-01-31 15:00:00,2051.661,2056.069,2050.503,2052.215,8876,Sell
2024-01-31 16:00:00,2052.232,2053.68,2047.527,2050.062,6783,Sell
2024-01-31 17:00:00,2050.006,2051.072,2049.302,2049.712,4209,Sell
2024-01-31 18:00:00,2049.661,2049.921,2045.839,2046.505,4276,Sell
2024-01-31 19:00:00,2046.382,2050.913,2039.599,2044.88,21798,No Trade
2024-01-31 20:00:00,2044.848,2046.013,2030.925,2034.833,17852,Sell
2024-01-31 21:00:00,2034.886,2040.242,2033.424,2039.086,4656,No Trade
2024-01-31 23:00:00,2039.718,2041.391,2039.408,2039.999,2022,Sell
2024-02-01 00:00:00,2039.997,2042.775,2039.219,2040.724,3353,No Trade
2024-02-01 01:00:00,2040.777,2041.994,2040.103,2041.377,4030,No Trade
2024-02-01 02:00:00,2041.377,2049.616,2041.277,2047.036,4106,No Trade
2024-02-01 03:00:00,2047.051,2048.585,2045.652,2046.388,3437,Sell
2024-02-01 04:00:00,2046.435,2046.741,2045.068,2045.843,2766,Sell
2024-02-01 05:00:00,2045.846,2046.402,2044.354,2044.588,3279,Sell
2024-02-01 06:00:00,2044.576,2044.962,2042.464,2043.613,3526,Sell
2024-02-01 07:00:00,2043.572,2044.282,2041.191,2042.995,4150,No Trade
2024-02-01 08:00:00,2042.91,2042.91,2038.962,2041.999,5230,No Trade
2024-02-01 09:00:00,2042.019,2042.884,2040.427,2041.123,4353,Sell
2024-02-01 10:00:00,2041.13,2041.299,2031.01,2031.942,5022,Sell
2024-02-01 11:00:00,2031.907,2034.519,2030.013,2033.478,5306,No Trade
2024-02-01 12:00:00,2033.48,2034.557,2030.134,2034.285,5128,Buy
2024-02-01 13:00:00,2034.229,2042.21,2030.916,2040.075,8576,No Trade
2024-02-01 14:00:00,2040.119,2050.917,2040.01,2046.267,9360,No Trade
2024-02-01 15:00:00,2046.2,2053.109,2040.344,2052.011,11273,Buy
2024-02-01 16:00:00,2051.96,2065.558,2051.795,2059.462,9574,Sell
2024-02-01 17:00:00,2059.498,2062.461,2051.361,2054.521,8188,Sell
2024-02-01 18:00:00,2054.478,2058.766,2052.201,2055.844,7188,No Trade
2024-02-01 19:00:00,2055.804,2058.206,2054.224,2054.88,4582,Sell
2024-02-01 20:00:00,2054.83,2055.777,2053.514,2055.643,3753,Buy
2024-02-01 21:00:00,2055.601,2055.601,2053.896,2054.797,2598,Sell
2024-02-01 23:00:00,2055.086,2056.316,2054.325,2054.842,1592,Sell
2024-02-02 00:00:00,2054.853,2057.01,2054.632,2055.088,2858,Sell
2024-02-02 01:00:00,2055.118,2056.107,2052.959,2054.821,3752,No Trade
2024-02-02 02:00:00,2054.81,2055.491,2051.993,2053.864,3423,No Trade
2024-02-02 03:00:00,2053.847,2055.065,2053.68,2054.659,2854,No Trade
2024-02-02 04:00:00,2054.664,2056.003,2054.163,2055.15,2502,No Trade
2024-02-02 05:00:00,2055.153,2056.564,2054.532,2055.608,3282,No Trade
2024-02-02 06:00:00,2055.636,2057.031,2054.161,2055.524,3678,No Trade
2024-02-02 07:00:00,2055.578,2056.983,2054.814,2055.142,3758,Sell
2024-02-02 08:00:00,2055.124,2056.876,2053.693,2054.077,3901,Sell
2024-02-02 09:00:00,2054.029,2055.043,2052.769,2053.143,3770,Sell
2024-02-02 10:00:00,2053.137,2055.685,2052.984,2054.688,3528,No Trade
2024-02-02 11:00:00,2054.687,2056.237,2053.747,2056.138,3362,Buy
2024-02-02 12:00:00,2056.169,2056.408,2053.843,2055.284,3556,No Trade
2024-02-02 13:00:00,2055.337,2057.723,2029.571,2031.767,16302,Sell
2024-02-02 14:00:00,2031.725,2036.159,2027.841,2035.431,14576,No Trade
2024-02-02 15:00:00,2035.361,2035.703,2028.541,2035.093,9470,Buy
2024-02-02 16:00:00,2035.043,2037.572,2033.154,2036.321,6080,No Trade
2024-02-02 17:00:00,2036.301,2037.076,2034.008,2035.25,4438,Sell
2024-02-02 18:00:00,2035.217,2038.835,2034.488,2037.448,4584,No Trade
2024-02-02 19:00:00,2037.447,2038.61,2036.475,2038.152,3717,No Trade
2024-02-02 20:00:00,2038.207,2038.48,2036.067,2036.067,3514,Sell
2024-02-02 21:00:00,2036.103,2039.886,2036.103,2039.707,2195,Buy
2024-02-04 23:00:00,2041.881,2042.318,2039.17,2039.816,3245,Sell
2024-02-05 00:00:00,2039.398,2039.922,2033.63,2035.695,5540,Sell
2024-02-05 01:00:00,2035.649,2038.311,2034.599,2038.054,4150,Buy
2024-02-05 02:00:00,2038.02,2038.82,2033.073,2033.623,3886,Sell
2024-02-05 03:00:00,2033.594,2034.528,2030.325,2032.364,4054,No Trade
2024-02-05 04:00:00,2032.308,2033.404,2031.613,2032.042,2784,Sell
2024-02-05 05:00:00,2032.044,2032.087,2028.974,2029.823,3943,Sell
2024-02-05 06:00:00,2029.822,2031.308,2026.859,2030.977,3766,Buy
2024-02-05 07:00:00,2030.981,2031.609,2026.877,2027.602,4435,Sell
2024-02-05 08:00:00,2027.656,2027.791,2021.566,2023.56,4864,Sell
2024-02-05 09:00:00,2023.511,2024.288,2020.688,2022.785,4036,No Trade
2024-02-05 10:00:00,2022.759,2025.34,2022.349,2024.508,3786,No Trade
2024-02-05 11:00:00,2024.548,2028.451,2024.143,2027.677,3607,No Trade
2024-02-05 12:00:00,2027.68,2028.118,2022.719,2022.729,3923,Sell
2024-02-05 13:00:00,2022.681,2022.801,2014.997,2015.961,6558,Sell
2024-02-05 14:00:00,2016.007,2023.834,2014.921,2023.693,6801,No Trade
2024-02-05 15:00:00,2023.655,2023.655,2015.516,2017.892,9085,Sell
2024-02-05 16:00:00,2017.843,2022.53,2017.836,2022.228,4876,Buy
2024-02-05 17:00:00,2022.231,2026.494,2021.406,2025.655,4291,No Trade
2024-02-05 18:00:00,2025.704,2027.13,2025.433,2025.975,3865,Sell
2024-02-05 19:00:00,2026.024,2027.584,2025.138,2026.028,3457,No Trade
2024-02-05 20:00:00,2025.997,2026.482,2024.013,2025.052,3321,Sell
2024-02-05 21:00:00,2025.1,2025.213,2024.161,2024.767,1655,No Trade
2024-02-05 23:00:00,2024.859,2025.37,2023.653,2025.074,1639,Buy
2024-02-06 00:00:00,2025.024,2027.671,2025.024,2026.917,2514,No Trade
2024-02-06 01:00:00,2026.918,2028.638,2026.537,2027.243,3488,Sell
2024-02-06 02:00:00,2027.249,2027.444,2024.984,2026.047,3141,Sell
2024-02-06 03:00:00,2026.039,2026.445,2023.514,2023.994,3288,Sell
2024-02-06 04:00:00,2023.996,2026.528,2023.628,2026.343,2872,Buy
2024-02-06 05:00:00,2026.389,2029.902,2025.884,2029.515,3646,No Trade
2024-02-06 06:00:00,2029.505,2029.703,2026.192,2026.819,3352,Sell
2024-02-06 07:00:00,2026.819,2029.043,2026.253,2026.342,3615,Sell
2024-02-06 08:00:00,2026.364,2026.775,2023.454,2023.941,3777,Sell
2024-02-06 09:00:00,2023.894,2025.424,2022.932,2023.675,3687,No Trade
2024-02-06 10:00:00,2023.633,2026.338,2023.421,2024.044,3543,Sell
2024-02-06 11:00:00,2024.089,2027.572,2022.988,2026.796,3634,No Trade
2024-02-06 12:00:00,2026.748,2028.013,2024.58,2027.836,3970,Buy
2024-02-06 13:00:00,2027.785,2030.941,2026.341,2029.234,5939,No Trade
2024-02-06 14:00:00,2029.183,2033.086,2026.938,2030.749,6484,No Trade
2024-02-06 15:00:00,2030.694,2038.208,2029.667,2036.387,7956,No Trade
2024-02-06 16:00:00,2036.331,2038.98,2035.27,2036.715,5163,No Trade
2024-02-06 17:00:00,2036.683,2038.437,2032.166,2037.12,5191,Buy
2024-02-06 18:00:00,2037.078,2038.293,2033.884,2036.573,4537,No Trade
2024-02-06 19:00:00,2036.597,2036.995,2035.028,2036.004,3615,Sell
2024-02-06 20:00:00,2036.064,2037.052,2035.239,2035.812,3202,No Trade
2024-02-06 21:00:00,2035.807,2036.213,2035.037,2035.92,1683,No Trade
2024-02-06 23:00:00,2035.548,2036.286,2034.503,2035.284,1655,No Trade
2024-02-07 00:00:00,2035.33,2036.195,2034.523,2035.079,2406,No Trade
2024-02-07 01:00:00,2035.048,2035.864,2034.31,2035.135,3159,Sell
2024-02-07 02:00:00,2035.175,2035.614,2034.129,2034.52,2853,Sell
2024-02-07 03:00:00,2034.49,2035.534,2034.149,2034.542,2522,No Trade
2024-02-07 04:00:00,2034.53,2035.535,2034.21,2035.301,1941,No Trade
2024-02-07 05:00:00,2035.304,2035.543,2033.367,2033.484,2726,Sell
2024-02-07 06:00:00,2033.437,2034.333,2032.509,2033.55,2898,No Trade
2024-02-07 07:00:00,2033.557,2036.272,2033.328,2035.224,3354,Sell
2024-02-07 08:00:00,2035.283,2035.382,2031.315,2032.976,3770,Sell
2024-02-07 09:00:00,2033.021,2035.021,2032.403,2034.424,3478,No Trade
2024-02-07 10:00:00,2034.451,2034.482,2032.733,2033.246,3291,Sell
2024-02-07 11:00:00,2033.208,2035.851,2032.843,2034.222,3311,Sell
2024-02-07 12:00:00,2034.214,2034.309,2030.622,2033.47,3769,Buy
2024-02-07 13:00:00,2033.509,2036.743,2032.428,2036.181,4908,No Trade
2024-02-07 14:00:00,2036.178,2044.627,2032.702,2042.493,8204,No Trade
2024-02-07 15:00:00,2042.53,2043.34,2035.441,2038.445,7978,Sell
2024-02-07 16:00:00,2038.403,2040.971,2037.647,2038.476,5159,Sell
2024-02-07 17:00:00,2038.472,2038.556,2034.087,2035.679,4326,Sell
2024-02-07 18:00:00,2035.695,2037.27,2034.051,2034.86,4385,Sell
2024-02-07 19:00:00,2034.909,2035.857,2034.23,2035.611,3087,Buy
2024-02-07 20:00:00,2035.565,2035.904,2034.494,2034.88,2925,Sell
2024-02-07 21:00:00,2034.835,2035.044,2033.779,2035.043,1758,Buy
2024-02-07 23:00:00,2035.039,2036.582,2034.877,2036.442,1673,Buy
2024-02-08 00:00:00,2036.436,2037.825,2036.389,2037.342,2258,No Trade
2024-02-08 01:00:00,2037.339,2038.18,2036.693,2037.266,3041,No Trade
2024-02-08 02:00:00,2037.279,2038.826,2035.915,2036.223,2939,Sell
2024-02-08 03:00:00,2036.225,2036.627,2031.857,2032.853,2754,Sell
2024-02-08 04:00:00,2032.848,2034.043,2031.729,2032.305,2444,Sell
2024-02-08 05:00:00,2032.279,2033.783,2031.194,2033.487,2987,Buy
2024-02-08 06:00:00,2033.49,2034.292,2032.351,2033.377,2752,No Trade
2024-02-08 07:00:00,2033.362,2035.051,2031.702,2032.894,3535,No Trade
2024-02-08 08:00:00,2032.895,2033.442,2028.939,2030.85,4014,Sell
2024-02-08 09:00:00,2030.846,2036.071,2029.849,2035.378,3895,No Trade
2024-02-08 10:00:00,2035.373,2038.609,2034.778,2036.19,4222,Sell
2024-02-08 11:00:00,2036.238,2036.389,2027.894,2029.072,4502,Sell
2024-02-08 12:00:00,2029.086,2029.185,2023.721,2025.061,4858,Sell
2024-02-08 13:00:00,2025.091,2026.496,2020.934,2021.161,7133,Sell
2024-02-08 14:00:00,2021.198,2034.111,2020.217,2028.412,9072,No Trade
2024-02-08 15:00:00,2028.469,2033.273,2027.695,2032.033,6831,No Trade
2024-02-08 16:00:00,2032.07,2032.392,2027.794,2031.969,4816,Buy
2024-02-08 17:00:00,2031.981,2033.175,2030.358,2031.727,4001,No Trade
2024-02-08 18:00:00,2031.69,2035.453,2031.196,2032.159,4670,Sell
2024-02-08 19:00:00,2032.211,2033.548,2031.472,2032.595,3244,No Trade
2024-02-08 20:00:00,2032.591,2033.857,2032.591,2033.067,2871,Sell
2024-02-08 21:00:00,2033.107,2034.276,2033.107,2034.013,1418,No Trade
2024-02-08 23:00:00,2034.553,2034.888,2033.741,2034.338,1327,No Trade
2024-02-09 00:00:00,2034.154,2034.487,2032.035,2032.122,2383,Sell
2024-02-09 01:00:00,2032.123,2035.143,2032.105,2034.285,2774,No Trade
2024-02-09 02:00:00,2034.268,2035.208,2034.066,2034.427,2367,Sell
2024-02-09 03:00:00,2034.428,2034.856,2033.03,2033.648,2306,Sell
2024-02-09 04:00:00,2033.675,2033.838,2032.423,2032.816,2150,Sell
2024-02-09 05:00:00,2032.817,2034.097,2032.216,2032.925,1908,No Trade
2024-02-09 06:00:00,2032.92,2034.4,2032.369,2033.897,2124,No Trade
2024-02-09 07:00:00,2033.9,2035.051,2032.949,2033.622,3231,No Trade
2024-02-09 08:00:00,2033.621,2034.169,2030.59,2032.432,3990,No Trade
2024-02-09 09:00:00,2032.409,2033.604,2031.182,2031.665,3654,Sell
2024-02-09 10:00:00,2031.665,2033.209,2031.056,2032.798,3486,No Trade
2024-02-09 11:00:00,2032.844,2033.576,2031.563,2031.614,3361,Sell
2024-02-09 12:00:00,2031.617,2032.239,2028.591,2028.863,3803,Sell
2024-02-09 13:00:00,2028.868,2037.274,2025.652,2027.08,9681,Sell
2024-02-09 14:00:00,2027.032,2030.68,2023.089,2025.359,8426,Sell
2024-02-09 15:00:00,2025.309,2027.257,2021.884,2022.552,6390,Sell
2024-02-09 16:00:00,2022.561,2023.926,2020.292,2021.638,4947,Sell
2024-02-09 17:00:00,2021.582,2024.82,2021.249,2024.686,3815,No Trade
2024-02-09 18:00:00,2024.637,2026.405,2022.881,2023.855,3684,Sell
2024-02-09 19:00:00,2023.807,2026.191,2023.405,2024.849,3037,No Trade
2024-02-09 20:00:00,2024.839,2026.29,2023.905,2025.185,2986,No Trade
2024-02-09 21:00:00,2025.184,2025.627,2023.986,2024.292,1771,Sell
2024-02-11 23:00:00,2026.446,2026.806,2024.5,2025.364,2176,Sell
2024-02-12 00:00:00,2025.515,2025.998,2024.994,2025.226,2091,Sell
2024-02-12 01:00:00,2025.224,2026.657,2023.54,2023.635,2486,Sell
2024-02-12 02:00:00,2023.591,2023.972,2022.272,2022.506,2406,Sell
2024-02-12 03:00:00,2022.482,2023.134,2021.916,2022.954,2219,Buy
2024-02-12 04:00:00,2022.981,2024.23,2022.602,2023.228,1830,No Trade
2024-02-12 05:00:00,2023.235,2024.105,2022.946,2023.865,1947,No Trade
2024-02-12 06:00:00,2023.866,2024.786,2023.609,2024.291,1988,No Trade
2024-02-12 07:00:00,2024.309,2026.503,2023.135,2025.599,3248,No Trade
2024-02-12 08:00:00,2025.551,2027.352,2023.643,2023.784,3932,Sell
2024-02-12 09:00:00,2023.737,2023.965,2020.444,2020.851,3650,Sell
2024-02-12 10:00:00,2020.854,2021.292,2020.018,2021.009,3214,Buy
2024-02-12 11:00:00,2021.045,2022.598,2020.265,2021.803,3339,No Trade
2024-02-12 12:00:00,2021.791,2022.398,2020.624,2021.432,3384,No Trade
2024-02-12 13:00:00,2021.446,2027.64,2018.619,2019.141,6264,Sell
2024-02-12 14:00:00,2019.173,2020.439,2013.273,2015.035,7236,Sell
2024-02-12 15:00:00,2015.005,2017.074,2012.131,2013.237,5625,Sell
2024-02-12 16:00:00,2013.301,2016.484,2011.954,2015.934,4827,No Trade
2024-02-12 17:00:00,2015.984,2020.253,2015.65,2019.399,4261,No Trade
2024-02-12 18:00:00,2019.45,2021.639,2017.877,2021.568,4004,Buy
2024-02-12 19:00:00,2021.542,2021.656,2018.647,2019.258,3502,Sell
2024-02-12 20:00:00,2019.199,2020.62,2018.933,2020.174,3105,No Trade
2024-02-12 21:00:00,2020.215,2020.577,2019.714,2019.973,1553,Sell
2024-02-12 23:00:00,2019.534,2019.838,2018.536,2018.865,1377,Sell
2024-02-13 00:00:00,2018.814,2019.639,2018.346,2019.52,2358,Buy
2024-02-13 01:00:00,2019.547,2021.291,2019.517,2020.352,2406,Sell
2024-02-13 02:00:00,2020.395,2020.429,2019.005,2019.037,2438,Sell
2024-02-13 03:00:00,2019.038,2019.232,2016.939,2018.624,2441,No Trade
2024-02-13 04:00:00,2018.579,2019.658,2018.424,2019.084,2053,Sell
2024-02-13 05:00:00,2019.131,2021.751,2019.103,2020.756,2342,No Trade
2024-02-13 06:00:00,2020.806,2024.137,2020.735,2023.74,2501,Buy
2024-02-13 07:00:00,2023.739,2025.881,2023.478,2025.254,3509,No Trade
2024-02-13 08:00:00,2025.303,2026.356,2024.515,2026.128,3593,Buy
2024-02-13 09:00:00,2026.084,2026.996,2025.184,2026.713,3336,Buy
2024-02-13 10:00:00,2026.702,2028.099,2026.07,2026.619,3184,No Trade
2024-02-13 11:00:00,2026.638,2029.382,2026.158,2027.766,3491,Sell
2024-02-13 12:00:00,2027.814,2029.07,2027.431,2028.371,3530,Sell
2024-02-13 13:00:00,2028.317,2032.752,2002.987,2004.434,13850,Sell
2024-02-13 14:00:00,2004.41,2005.99,1992.52,1995.802,13400,Sell
2024-02-13 15:00:00,1995.827,1995.993,1990.065,1992.348,9307,Sell
2024-02-13 16:00:00,1992.376,1997.875,1991.982,1994.922,6133,Sell
2024-02-13 17:00:00,1994.898,1996.068,1992.839,1993.661,4308,Sell
2024-02-13 18:00:00,1993.717,1995.819,1993.177,1993.542,4109,Sell
2024-02-13 19:00:00,1993.547,1993.867,1991.286,1991.855,3522,Sell
2024-02-13 20:00:00,1991.819,1993.711,1991.294,1992.751,3352,Sell
2024-02-13 21:00:00,1992.78,1993.66,1992.234,1993.057,2138,Sell
2024-02-13 23:00:00,1993.014,1993.171,1990.568,1991.408,1733,Sell
2024-02-14 00:00:00,1991.547,1993.338,1990.859,1992.721,2662,No Trade
2024-02-14 01:00:00,1992.729,1992.967,1988.9,1992.874,3540,Buy
2024-02-14 02:00:00,1992.923,1993.677,1991.198,1992.258,2971,No Trade
2024-02-14 03:00:00,1992.268,1993.117,1991.311,1992.564,2505,No Trade
2024-02-14 04:00:00,1992.559,1992.961,1992.047,1992.466,2370,No Trade
2024-02-14 05:00:00,1992.464,1993.411,1992.176,1993.008,2301,No Trade
2024-02-14 06:00:00,1993.007,1993.038,1990.993,1992.374,2471,No Trade
2024-02-14 07:00:00,1992.379,1993.129,1989.376,1989.537,4086,Sell
2024-02-14 08:00:00,1989.601,1990.676,1986.031,1988.589,5047,No Trade
2024-02-14 09:00:00,1988.627,1991.651,1988.419,1991.253,4111,No Trade
2024-02-14 10:00:00,1991.252,1993.46,1990.123,1992.943,3736,No Trade
2024-02-14 11:00:00,1992.963,1993.374,1990.711,1992.3,3871,No Trade
2024-02-14 12:00:00,1992.332,1993.292,1989.608,1990.371,3810,Sell
2024-02-14 13:00:00,1990.373,1993.278,1988.753,1989.26,6493,Sell
2024-02-14 14:00:00,1989.242,1992.331,1986.246,1987.549,7952,Sell
2024-02-14 15:00:00,1987.58,1989.059,1984.221,1987.945,7457,Buy
2024-02-14 16:00:00,1987.995,1993.669,1987.48,1993.188,6321,No Trade
2024-02-14 17:00:00,1993.14,1995.35,1990.803,1994.416,5098,Buy
2024-02-14 18:00:00,1994.465,1996.139,1991.158,1991.739,4633,No Trade
2024-02-14 19:00:00,1991.748,1992.114,1989.786,1991.757,3353,Buy
2024-02-14 20:00:00,1991.767,1991.892,1989.649,1991.129,3108,No Trade
2024-02-14 21:00:00,1991.08,1993.049,1990.461,1992.258,1966,No Trade
2024-02-14 23:00:00,1992.831,1995.162,1992.3,1993.667,1610,No Trade
2024-02-15 00:00:00,1993.656,1994.384,1992.647,1993.734,2815,No Trade
2024-02-15 01:00:00,1993.688,1994.389,1992.365,1992.67,2926,Sell
2024-02-15 02:00:00,1992.619,1993.562,1992.182,1993.229,2408,No Trade
2024-02-15 03:00:00,1993.19,1993.392,1990.263,1990.851,2335,Sell
2024-02-15 04:00:00,1990.856,1992.183,1990.508,1992.073,2041,No Trade
2024-02-15 05:00:00,1992.083,1992.975,1991.782,1991.966,2070,Sell
2024-02-15 06:00:00,1991.983,1993.427,1991.636,1993.311,2578,No Trade
2024-02-15 07:00:00,1993.254,1994.695,1992.256,1993.826,3549,No Trade
2024-02-15 08:00:00,1993.78,1996.112,1993.53,1995.301,3853,No Trade
2024-02-15 09:00:00,1995.33,1996.94,1993.868,1996.454,3291,No Trade
2024-02-15 10:00:00,1996.407,1998.033,1995.789,1996.071,3396,Sell
2024-02-15 11:00:00,1996.078,1998.193,1995.84,1997.577,3408,No Trade
2024-02-15 12:00:00,1997.548,1999.118,1996.488,1997.997,3791,No Trade
2024-02-15 13:00:00,1998.053,2004.404,1995.756,2003.956,9412,No Trade
2024-02-15 14:00:00,2003.917,2008.322,2001.589,2003.856,8897,No Trade
2024-02-15 15:00:00,2003.849,2008.173,1999.888,2000.903,7806,Sell
2024-02-15 16:00:00,2000.845,2001.563,1998.467,2000.211,5467,No Trade
2024-02-15 17:00:00,2000.211,2004.641,2000.114,2003.709,4197,No Trade
2024-02-15 18:00:00,2003.674,2004.985,2002.806,2004.574,4017,No Trade
2024-02-15 19:00:00,2004.595,2006.504,2003.737,2005.109,3461,No Trade
2024-02-15 20:00:00,2005.09,2005.16,2003.597,2004.408,3197,Sell
2024-02-15 21:00:00,2004.454,2004.728,2003.988,2004.348,1575,No Trade
2024-02-15 23:00:00,2004.573,2004.793,2003.365,2003.372,1328,Sell
2024-02-16 00:00:00,2003.314,2003.763,2002.432,2002.683,2327,Sell
2024-02-16 01:00:00,2002.727,2005.698,2002.468,2005.577,2825,Buy
2024-02-16 02:00:00,2005.574,2005.714,2004.128,2004.555,2580,Sell
2024-02-16 03:00:00,2004.548,2004.905,2003.473,2004.366,2429,No Trade
2024-02-16 04:00:00,2004.364,2004.432,2003.328,2003.73,2532,Sell
2024-02-16 05:00:00,2003.73,2004.803,2003.422,2004.53,2273,No Trade
2024-02-16 06:00:00,2004.532,2004.762,2002.824,2003.782,2628,Sell
2024-02-16 07:00:00,2003.783,2006.529,2003.416,2005.249,3245,Sell
2024-02-16 08:00:00,2005.29,2005.789,2003.944,2004.957,3653,No Trade
2024-02-16 09:00:00,2004.955,2006.507,2004.304,2005.132,3238,No Trade
2024-02-16 10:00:00,2005.145,2007.589,2004.768,2007.246,3204,No Trade
2024-02-16 11:00:00,2007.187,2007.875,2006.327,2007.341,3181,No Trade
2024-02-16 12:00:00,2007.35,2008.171,2006.485,2006.886,3434,Sell
2024-02-16 13:00:00,2006.896,2007.052,1995.171,2001.558,9810,Sell
2024-02-16 14:00:00,2001.601,2003.446,1995.383,1998.151,9074,Sell
2024-02-16 15:00:00,1997.878,2011.131,1997.416,2007.99,9677,No Trade
2024-02-16 16:00:00,2008.017,2011.03,2007.246,2009.27,5478,No Trade
2024-02-16 17:00:00,2009.221,2014.524,2008.798,2013.353,4564,No Trade
2024-02-16 18:00:00,2013.383,2015.189,2011.186,2013.896,4458,No Trade
2024-02-16 19:00:00,2013.939,2015.227,2011.799,2012.672,3501,Sell
2024-02-16 20:00:00,2012.698,2013.138,2011.307,2011.951,3370,Sell
2024-02-16 21:00:00,2012.004,2014.086,2012.004,2013.369,1935,No Trade
2024-02-18 23:00:00,2012.846,2019.251,1998.203,2010.791,4241,No Trade
2024-02-19 00:00:00,2012.981,2020.154,2009.375,2018.815,3279,No Trade
2024-02-19 01:00:00,2018.88,2020.868,2016.469,2019.806,5327,No Trade
2024-02-19 02:00:00,2019.795,2022.961,2018.625,2022.361,3268,No Trade
2024-02-19 03:00:00,2022.364,2022.44,2019.364,2019.946,2730,Sell
2024-02-19 04:00:00,2019.989,2020.032,2018.305,2019.13,2533,Sell
2024-02-19 05:00:00,2019.12,2021.507,2018.584,2020.801,3043,No Trade
2024-02-19 06:00:00,2020.798,2022.614,2020.46,2021.481,2905,Sell
2024-02-19 07:00:00,2021.431,2023.057,2019.823,2020.983,3278,Sell
2024-02-19 08:00:00,2021.006,2021.324,2019.095,2020.242,3899,Sell
2024-02-19 09:00:00,2020.288,2020.799,2019.31,2020.167,3532,Sell
2024-02-19 10:00:00,2020.122,2020.708,2018.304,2018.962,3229,Sell
2024-02-19 11:00:00,2018.964,2019.668,2018.341,2018.465,3309,Sell
2024-02-19 12:00:00,2018.513,2019.141,2016.005,2016.8,3506,Sell
2024-02-19 13:00:00,2016.794,2019.405,2016.571,2016.938,4073,Buy
2024-02-19 14:00:00,2016.954,2017.774,2015.968,2017.375,3505,Buy
2024-02-19 15:00:00,2017.362,2017.69,2014.787,2014.988,3481,Sell
2024-02-19 16:00:00,2014.974,2016.709,2013.299,2016.313,3033,Buy
2024-02-19 17:00:00,2016.333,2018.619,2016.04,2017.361,2216,Sell
2024-02-19 18:00:00,2017.375,2018.53,2016.89,2017.654,1310,Sell
2024-02-19 19:00:00,2017.706,2018.12,2017.706,2017.978,254,Sell
2024-02-19 23:00:00,2017.534,2017.64,2015.695,2016.421,1689,Sell
2024-02-20 00:00:00,2016.195,2016.866,2015.055,2016.234,2588,No Trade
2024-02-20 01:00:00,2016.232,2019.237,2015.302,2017.034,3467,Sell
2024-02-20 02:00:00,2017.036,2018.358,2016.845,2017.703,2793,Sell
2024-02-20 03:00:00,2017.725,2018.813,2017.07,2018.371,2563,No Trade
2024-02-20 04:00:00,2018.385,2019.779,2018.24,2019.528,1990,No Trade
2024-02-20 05:00:00,2019.544,2019.599,2017.822,2018.623,2494,Sell
2024-02-20 06:00:00,2018.624,2020.88,2017.827,2019.521,2749,No Trade
2024-02-20 07:00:00,2019.511,2022.956,2019.023,2021.541,3446,No Trade
2024-02-20 08:00:00,2021.494,2023.043,2020.827,2022.842,4071,No Trade
2024-02-20 09:00:00,2022.794,2025.252,2022.591,2024.059,3985,Sell
2024-02-20 10:00:00,2024.098,2027.659,2023.541,2026.229,3964,No Trade
2024-02-20 11:00:00,2026.252,2027.43,2025.342,2026.966,4157,No Trade
2024-02-20 12:00:00,2026.968,2028.085,2026.314,2026.665,3819,Sell
2024-02-20 13:00:00,2026.661,2030.859,2026.122,2030.096,5477,No Trade
2024-02-20 14:00:00,2030.129,2030.975,2025.534,2028.218,6506,Sell
2024-02-20 15:00:00,2028.17,2030.063,2025.86,2027.478,5633,Sell
2024-02-20 16:00:00,2027.457,2028.308,2026.076,2026.977,4279,Sell
2024-02-20 17:00:00,2027.0,2028.823,2025.677,2028.723,3719,Buy
2024-02-20 18:00:00,2028.724,2029.004,2026.852,2027.303,3332,Sell
2024-02-20 19:00:00,2027.307,2027.754,2024.854,2025.206,3014,Sell
2024-02-20 20:00:00,2025.251,2025.292,2023.635,2024.41,3199,Sell
2024-02-20 21:00:00,2024.457,2024.808,2023.673,2024.174,1570,Sell
2024-02-20 23:00:00,2024.049,2024.911,2023.811,2024.342,1525,Sell
2024-02-21 00:00:00,2024.263,2024.319,2022.967,2023.647,2174,Sell
2024-02-21 01:00:00,2023.657,2026.154,2023.397,2025.455,2990,No Trade
2024-02-21 02:00:00,2025.443,2029.21,2025.386,2027.934,3257,No Trade
2024-02-21 03:00:00,2027.941,2030.935,2027.808,2030.525,2715,No Trade
2024-02-21 04:00:00,2030.533,2031.388,2030.201,2030.894,2385,No Trade
2024-02-21 05:00:00,2030.941,2032.35,2029.489,2031.033,2926,No Trade
2024-02-21 06:00:00,2031.074,2031.348,2029.28,2030.005,2971,Sell
2024-02-21 07:00:00,2029.954,2030.668,2028.449,2028.891,3203,Sell
2024-02-21 08:00:00,2028.88,2029.337,2026.298,2026.69,3776,Sell
2024-02-21 09:00:00,2026.621,2028.779,2026.049,2028.188,3624,No Trade
2024-02-21 10:00:00,2028.151,2030.179,2027.942,2029.956,3238,No Trade
2024-02-21 11:00:00,2029.966,2030.093,2027.454,2028.343,3193,Sell
2024-02-21 12:00:00,2028.345,2030.166,2028.016,2029.481,3525,No Trade
2024-02-21 13:00:00,2029.434,2031.635,2027.685,2028.806,4903,Sell
2024-02-21 14:00:00,2028.807,2030.388,2027.043,2027.64,5620,Sell
2024-02-21 15:00:00,2027.569,2030.368,2024.11,2024.249,5483,Sell
2024-02-21 16:00:00,2024.29,2025.89,2023.301,2024.019,4768,No Trade
2024-02-21 17:00:00,2024.023,2024.579,2021.535,2024.215,3987,Buy
2024-02-21 18:00:00,2024.231,2024.823,2021.526,2022.005,4701,Sell
2024-02-21 19:00:00,2022.037,2026.564,2020.099,2026.028,5276,No Trade
2024-02-21 20:00:00,2026.038,2027.059,2024.163,2024.497,3482,Sell
2024-02-21 21:00:00,2024.544,2026.045,2024.009,2026.045,2687,No Trade
2024-02-21 23:00:00,2025.782,2026.683,2025.033,2025.783,1714,No Trade
2024-02-22 00:00:00,2025.698,2026.832,2025.119,2026.499,2506,No Trade
2024-02-22 01:00:00,2026.498,2028.628,2026.295,2027.143,3583,Sell
2024-02-22 02:00:00,2027.127,2028.41,2026.59,2027.858,2982,No Trade
2024-02-22 03:00:00,2027.888,2028.335,2026.173,2026.392,2209,Sell
2024-02-22 04:00:00,2026.399,2029.025,2025.574,2028.883,2488,No Trade
2024-02-22 05:00:00,2028.929,2030.048,2028.291,2028.48,2680,Sell
2024-02-22 06:00:00,2028.484,2030.626,2028.366,2029.341,2738,Sell
2024-02-22 07:00:00,2029.371,2032.076,2028.956,2031.496,3510,No Trade
2024-02-22 08:00:00,2031.495,2034.933,2031.419,2033.253,5005,Sell
2024-02-22 09:00:00,2033.25,2033.25,2028.613,2030.348,4218,Sell
2024-02-22 10:00:00,2030.346,2031.295,2029.214,2029.503,3575,Sell
2024-02-22 11:00:00,2029.548,2029.899,2027.356,2029.037,3634,No Trade
2024-02-22 12:00:00,2029.03,2029.944,2027.73,2028.315,3905,Sell
2024-02-22 13:00:00,2028.267,2028.661,2023.069,2025.664,7414,Sell
2024-02-22 14:00:00,2025.638,2026.811,2021.952,2024.979,8435,No Trade
2024-02-22 15:00:00,2024.989,2025.507,2020.307,2023.406,7198,No Trade
2024-02-22 16:00:00,2023.423,2024.358,2019.809,2021.017,4600,No Trade
2024-02-22 17:00:00,2021.032,2024.744,2020.326,2022.998,4130,No Trade
2024-02-22 18:00:00,2023.047,2023.319,2019.647,2022.705,4062,Buy
2024-02-22 19:00:00,2022.752,2023.662,2022.207,2023.082,3280,No Trade
2024-02-22 20:00:00,2023.109,2024.814,2022.603,2024.715,3225,No Trade
2024-02-22 21:00:00,2024.663,2025.087,2024.062,2024.805,1746,Buy
2024-02-22 23:00:00,2024.367,2026.002,2024.086,2024.892,1797,No Trade
2024-02-23 00:00:00,2024.739,2026.142,2022.822,2024.618,2715,No Trade
2024-02-23 01:00:00,2024.628,2027.315,2024.434,2026.885,3187,No Trade
2024-02-23 02:00:00,2026.89,2027.441,2024.35,2024.428,2706,Sell
2024-02-23 03:00:00,2024.418,2026.392,2024.1,2025.788,2650,No Trade
2024-02-23 04:00:00,2025.786,2026.536,2025.751,2026.086,1659,Sell
2024-02-23 05:00:00,2026.085,2026.234,2022.216,2022.518,2619,Sell
2024-02-23 06:00:00,2022.474,2022.758,2018.248,2020.925,3316,No Trade
2024-02-23 07:00:00,2020.977,2022.527,2019.61,2021.901,3466,Buy
2024-02-23 08:00:00,2021.902,2022.679,2018.468,2019.555,4372,Sell
2024-02-23 09:00:00,2019.543,2019.989,2016.081,2016.814,3865,Sell
2024-02-23 10:00:00,2016.829,2023.374,2016.616,2022.916,3914,Buy
2024-02-23 11:00:00,2022.885,2024.034,2022.107,2023.89,3814,Buy
2024-02-23 12:00:00,2023.908,2028.954,2023.111,2028.124,4723,No Trade
2024-02-23 13:00:00,2028.154,2029.309,2024.583,2025.459,5568,Sell
2024-02-23 14:00:00,2025.447,2028.719,2024.214,2027.677,6150,No Trade
2024-02-23 15:00:00,2027.633,2031.228,2025.8,2030.138,6183,No Trade
2024-02-23 16:00:00,2030.188,2038.632,2030.188,2038.392,6368,Buy
2024-02-23 17:00:00,2038.438,2039.878,2036.513,2037.881,4668,No Trade
2024-02-23 18:00:00,2037.886,2041.444,2037.505,2040.498,4201,No Trade
2024-02-23 19:00:00,2040.493,2040.522,2036.95,2037.402,3473,Sell
2024-02-23 20:00:00,2037.4,2037.574,2035.769,2036.648,3284,Sell
2024-02-23 21:00:00,2036.614,2036.633,2035.193,2035.624,1939,Sell
2024-02-25 23:00:00,2033.34,2035.04,2033.279,2034.324,2095,Sell
2024-02-26 00:00:00,2034.096,2034.205,2030.012,2030.422,3241,Sell
2024-02-26 01:00:00,2030.468,2034.088,2029.976,2031.315,3566,Sell
2024-02-26 02:00:00,2031.333,2031.987,2030.655,2030.963,2739,Sell
2024-02-26 03:00:00,2030.97,2032.56,2030.721,2032.542,2330,No Trade
2024-02-26 04:00:00,2032.539,2032.96,2032.116,2032.282,2161,Sell
2024-02-26 05:00:00,2032.278,2034.361,2032.205,2033.157,2684,Sell
2024-02-26 06:00:00,2033.115,2033.978,2031.911,2032.801,2619,No Trade
2024-02-26 07:00:00,2032.821,2035.403,2032.435,2035.11,3550,No Trade
2024-02-26 08:00:00,2035.061,2037.12,2033.755,2034.105,4328,Sell
2024-02-26 09:00:00,2034.051,2034.489,2032.3,2033.123,3846,Sell
2024-02-26 10:00:00,2033.122,2035.499,2031.77,2032.303,3919,Sell
2024-02-26 11:00:00,2032.328,2033.077,2030.897,2030.991,3847,Sell
2024-02-26 12:00:00,2031.04,2034.195,2030.753,2032.887,3851,No Trade
2024-02-26 13:00:00,2032.841,2034.528,2031.719,2032.722,4745,No Trade
2024-02-26 14:00:00,2032.751,2032.982,2025.726,2027.645,5947,Sell
2024-02-26 15:00:00,2027.651,2030.149,2025.115,2029.204,5080,Buy
2024-02-26 16:00:00,2029.144,2029.488,2026.638,2027.857,4592,Sell
2024-02-26 17:00:00,2027.856,2028.918,2026.582,2028.768,3644,Buy
2024-02-26 18:00:00,2028.773,2030.165,2028.24,2029.38,3861,No Trade
2024-02-26 19:00:00,2029.399,2030.239,2028.645,2029.776,3200,No Trade
2024-02-26 20:00:00,2029.742,2033.762,2029.742,2032.42,3266,No Trade
2024-02-26 21:00:00,2032.384,2032.384,2030.932,2031.307,1578,Sell
2024-02-26 23:00:00,2031.267,2031.635,2030.58,2031.288,1419,No Trade
2024-02-27 00:00:00,2031.201,2032.57,2031.132,2031.544,2368,Sell
2024-02-27 01:00:00,2031.57,2033.833,2031.303,2033.649,2849,No Trade
2024-02-27 02:00:00,2033.684,2034.681,2032.63,2032.808,2520,Sell
2024-02-27 03:00:00,2032.809,2033.535,2032.412,2033.472,2084,No Trade
2024-02-27 04:00:00,2033.465,2034.637,2033.462,2033.814,1955,Sell
2024-02-27 05:00:00,2033.806,2034.057,2032.873,2033.681,2522,No Trade
2024-02-27 06:00:00,2033.678,2035.047,2033.305,2033.565,2576,Sell
2024-02-27 07:00:00,2033.561,2036.28,2033.307,2035.486,3158,No Trade
2024-02-27 08:00:00,2035.48,2039.571,2034.673,2038.163,4005,No Trade
2024-02-27 09:00:00,2038.125,2038.22,2035.406,2036.668,3626,Sell
2024-02-27 10:00:00,2036.672,2036.802,2034.702,2036.492,3663,Buy
2024-02-27 11:00:00,2036.549,2038.836,2035.588,2038.272,3518,No Trade
2024-02-27 12:00:00,2038.282,2039.198,2037.158,2038.322,3959,No Trade
2024-02-27 13:00:00,2038.378,2038.731,2035.27,2035.561,5057,Sell
2024-02-27 14:00:00,2035.518,2036.603,2033.682,2035.017,5578,Sell
2024-02-27 15:00:00,2035.077,2037.207,2033.06,2033.846,5659,Sell
2024-02-27 16:00:00,2033.894,2034.355,2031.86,2033.189,4322,No Trade
2024-02-27 17:00:00,2033.193,2033.193,2029.752,2032.309,3770,No Trade
2024-02-27 18:00:00,2032.306,2036.125,2031.997,2032.485,4278,Sell
2024-02-27 19:00:00,2032.45,2032.55,2029.45,2030.314,3330,Sell
2024-02-27 20:00:00,2030.315,2030.435,2028.778,2030.261,2968,Buy
2024-02-27 21:00:00,2030.302,2030.671,2029.897,2030.487,1530,Buy
2024-02-27 23:00:00,2030.288,2030.945,2029.643,2030.305,1262,No Trade
2024-02-28 00:00:00,2030.183,2031.326,2029.2,2030.871,2460,Buy
2024-02-28 01:00:00,2030.855,2033.794,2029.808,2033.462,3147,No Trade
2024-02-28 02:00:00,2033.472,2033.681,2030.568,2031.126,2756,Sell
2024-02-28 03:00:00,2031.141,2031.875,2029.897,2031.035,2664,No Trade
2024-02-28 04:00:00,2031.037,2031.25,2029.885,2030.359,2264,Sell
2024-02-28 05:00:00,2030.357,2031.204,2030.092,2031.009,2196,No Trade
2024-02-28 06:00:00,2031.034,2032.12,2028.728,2029.431,2685,Sell
2024-02-28 07:00:00,2029.429,2029.438,2027.916,2028.221,3304,Sell
2024-02-28 08:00:00,2028.266,2029.333,2026.7,2026.914,3688,Sell
2024-02-28 09:00:00,2026.907,2027.469,2024.929,2024.955,3811,Sell
2024-02-28 10:00:00,2024.953,2027.623,2024.567,2027.385,3858,Buy
2024-02-28 11:00:00,2027.381,2027.958,2026.751,2027.355,3527,No Trade
2024-02-28 12:00:00,2027.304,2030.473,2026.932,2029.62,3654,No Trade
2024-02-28 13:00:00,2029.626,2036.154,2029.181,2035.881,6442,Buy
2024-02-28 14:00:00,2035.881,2038.025,2031.133,2031.88,5678,Sell
2024-02-28 15:00:00,2031.844,2034.118,2030.487,2031.89,4690,No Trade
2024-02-28 16:00:00,2031.858,2034.148,2031.815,2033.648,4092,No Trade
2024-02-28 17:00:00,2033.648,2035.622,2032.389,2033.861,3748,No Trade
2024-02-28 18:00:00,2033.855,2034.904,2031.499,2031.67,3486,Sell
2024-02-28 19:00:00,2031.655,2032.429,2030.934,2032.189,3232,Buy
2024-02-28 20:00:00,2032.24,2034.262,2032.153,2033.84,3055,No Trade
2024-02-28 21:00:00,2033.861,2035.358,2033.101,2033.945,1637,No Trade
2024-02-28 23:00:00,2034.734,2035.63,2034.515,2034.518,1365,Sell
2024-02-29 00:00:00,2034.593,2035.612,2034.035,2034.299,2113,Sell
2024-02-29 01:00:00,2034.274,2036.645,2034.252,2036.478,3022,Buy
2024-02-29 02:00:00,2036.495,2037.136,2035.548,2036.603,3076,No Trade
2024-02-29 03:00:00,2036.616,2036.808,2035.281,2036.641,2346,Buy
2024-02-29 04:00:00,2036.641,2036.661,2035.125,2035.273,2007,No Trade
2024-02-29 05:00:00,2035.317,2036.005,2034.436,2035.682,2506,Buy
2024-02-29 06:00:00,2035.685,2037.085,2035.5,2036.882,2550,No Trade
2024-02-29 07:00:00,2036.908,2037.939,2035.95,2037.33,3301,No Trade
2024-02-29 08:00:00,2037.271,2037.556,2035.597,2037.226,3784,Buy
2024-02-29 09:00:00,2037.293,2037.519,2034.07,2034.631,3875,Sell
2024-02-29 10:00:00,2034.637,2034.903,2030.574,2030.915,3779,Sell
2024-02-29 11:00:00,2030.901,2031.866,2028.902,2030.336,3826,No Trade
2024-02-29 12:00:00,2030.337,2030.689,2028.157,2030.275,3729,Buy
2024-02-29 13:00:00,2030.273,2048.751,2030.245,2047.632,10920,Buy
2024-02-29 14:00:00,2047.665,2050.42,2045.966,2047.837,7691,No Trade
2024-02-29 15:00:00,2047.884,2050.783,2046.591,2048.168,6622,No Trade
2024-02-29 16:00:00,2048.198,2048.451,2043.802,2045.031,5275,Sell
2024-02-29 17:00:00,2044.987,2046.037,2043.373,2045.723,4157,Buy
2024-02-29 18:00:00,2045.669,2046.859,2045.09,2046.301,4081,No Trade
2024-02-29 19:00:00,2046.299,2046.956,2044.089,2044.577,3487,Sell
2024-02-29 20:00:00,2044.52,2045.519,2043.826,2044.119,3165,Sell
2024-02-29 21:00:00,2044.173,2044.323,2042.93,2043.839,1783,No Trade
2024-02-29 23:00:00,2044.169,2044.363,2042.978,2044.196,1535,Buy
2024-03-01 00:00:00,2044.266,2044.325,2042.869,2043.809,2363,No Trade
2024-03-01 01:00:00,2043.857,2044.794,2043.11,2044.389,2606,No Trade
2024-03-01 02:00:00,2044.402,2045.959,2044.15,2045.478,2498,No Trade
2024-03-01 03:00:00,2045.48,2046.892,2045.328,2046.618,2380,No Trade
2024-03-01 04:00:00,2046.618,2046.618,2045.296,2045.558,1665,Sell
2024-03-01 05:00:00,2045.569,2045.738,2043.509,2045.096,2541,No Trade
2024-03-01 06:00:00,2045.139,2048.207,2044.904,2046.836,2793,Sell
2024-03-01 07:00:00,2046.827,2048.858,2045.324,2045.496,3547,Sell
2024-03-01 08:00:00,2045.56,2045.756,2039.139,2039.96,4448,Sell
2024-03-01 09:00:00,2039.912,2047.629,2039.492,2046.383,4676,No Trade
2024-03-01 10:00:00,2046.355,2055.175,2045.954,2054.897,5083,Buy
2024-03-01 11:00:00,2054.891,2057.582,2053.919,2055.425,4281,Sell
2024-03-01 12:00:00,2055.424,2057.075,2052.317,2052.493,4218,Sell
2024-03-01 13:00:00,2052.537,2054.636,2050.171,2051.653,6226,Sell
2024-03-01 14:00:00,2051.705,2056.741,2045.672,2046.645,7486,Sell
2024-03-01 15:00:00,2046.727,2071.028,2046.727,2069.282,12390,Buy
2024-03-01 16:00:00,2069.311,2082.088,2069.311,2081.154,7680,Buy
2024-03-01 17:00:00,2081.105,2085.771,2080.022,2084.85,6637,No Trade
2024-03-01 18:00:00,2084.868,2088.41,2082.298,2085.758,5460,No Trade
2024-03-01 19:00:00,2085.736,2086.789,2084.809,2085.352,4230,Sell
2024-03-01 20:00:00,2085.323,2085.444,2083.088,2083.63,3508,Sell
2024-03-01 21:00:00,2083.599,2084.112,2082.949,2083.415,2023,Sell
2024-03-03 23:00:00,2082.622,2086.246,2082.622,2083.54,2888,Sell
2024-03-04 00:00:00,2083.691,2084.446,2082.27,2082.671,3186,Sell
2024-03-04 01:00:00,2082.715,2083.035,2079.513,2080.359,3600,Sell
2024-03-04 02:00:00,2080.325,2083.569,2079.92,2081.603,3171,Sell
2024-03-04 03:00:00,2081.602,2082.055,2080.417,2081.466,2534,No Trade
2024-03-04 04:00:00,2081.467,2081.634,2080.344,2080.844,1959,Sell
2024-03-04 05:00:00,2080.796,2082.356,2080.524,2081.617,2281,No Trade
2024-03-04 06:00:00,2081.618,2083.982,2081.151,2083.556,3127,No Trade
2024-03-04 07:00:00,2083.553,2088.349,2083.553,2087.434,3684,No Trade
2024-03-04 08:00:00,2087.474,2087.539,2083.561,2084.009,4414,Sell
2024-03-04 09:00:00,2084.005,2086.283,2083.25,2085.246,3972,No Trade
2024-03-04 10:00:00,2085.237,2085.889,2082.683,2083.973,3679,Sell
2024-03-04 11:00:00,2084.003,2084.656,2081.897,2082.212,3615,Sell
2024-03-04 12:00:00,2082.201,2083.478,2081.921,2082.614,3564,No Trade
2024-03-04 13:00:00,2082.618,2093.255,2081.207,2091.677,7063,No Trade
2024-03-04 14:00:00,2091.729,2101.498,2090.492,2100.812,9163,Buy
2024-03-04 15:00:00,2100.757,2109.457,2097.59,2109.112,7382,Buy
2024-03-04 16:00:00,2109.07,2119.985,2107.691,2119.36,10143,Buy
2024-03-04 17:00:00,2119.393,2119.842,2113.983,2116.564,7012,Sell
2024-03-04 18:00:00,2116.531,2118.102,2113.621,2115.42,5096,Sell
2024-03-04 19:00:00,2115.418,2117.398,2113.394,2116.34,3933,No Trade
2024-03-04 20:00:00,2116.349,2118.622,2115.46,2116.711,3673,No Trade
2024-03-04 21:00:00,2116.777,2117.358,2114.414,2114.512,1814,Sell
2024-03-04 23:00:00,2114.391,2115.873,2113.608,2114.695,1609,No Trade
2024-03-05 00:00:00,2114.555,2115.958,2114.247,2115.566,2730,No Trade
2024-03-05 01:00:00,2115.56,2116.944,2110.502,2112.763,4496,Sell
2024-03-05 02:00:00,2112.747,2113.412,2111.481,2112.321,3142,Sell
2024-03-05 03:00:00,2112.317,2114.069,2111.334,2113.061,2771,No Trade
2024-03-05 04:00:00,2113.084,2116.086,2112.7,2115.998,2601,Buy
2024-03-05 05:00:00,2115.947,2119.732,2115.399,2119.315,3470,No Trade
2024-03-05 06:00:00,2119.314,2119.647,2115.378,2117.314,3728,Sell
2024-03-05 07:00:00,2117.284,2117.815,2114.021,2114.549,3836,Sell
2024-03-05 08:00:00,2114.595,2123.463,2114.538,2120.696,5382,No Trade
2024-03-05 09:00:00,2120.75,2125.489,2119.046,2124.594,4843,No Trade
2024-03-05 10:00:00,2124.578,2127.425,2123.384,2123.828,4382,Sell
2024-03-05 11:00:00,2123.831,2127.257,2122.613,2124.531,4646,No Trade
2024-03-05 12:00:00,2124.534,2125.39,2121.187,2124.477,4641,No Trade
2024-03-05 13:00:00,2124.515,2141.981,2122.467,2127.856,15189,Sell
2024-03-05 14:00:00,2127.871,2133.347,2124.281,2128.288,12369,No Trade
2024-03-05 15:00:00,2128.324,2139.637,2123.815,2126.718,16361,Sell
2024-03-05 16:00:00,2126.674,2128.864,2123.734,2128.396,7894,Buy
2024-03-05 17:00:00,2128.383,2131.071,2127.595,2130.938,4823,No Trade
2024-03-05 18:00:00,2130.932,2133.638,2129.634,2130.858,4883,No Trade
2024-03-05 19:00:00,2130.891,2134.81,2129.592,2129.624,4581,Sell
2024-03-05 20:00:00,2129.585,2131.063,2128.507,2129.744,4070,No Trade
2024-03-05 21:00:00,2129.689,2130.163,2127.107,2127.96,2167,Sell
2024-03-05 23:00:00,2127.676,2128.505,2126.871,2128.377,1510,Buy
2024-03-06 00:00:00,2127.992,2128.205,2126.141,2126.883,2927,Sell
2024-03-06 01:00:00,2126.915,2128.1,2125.15,2125.598,3595,Sell
2024-03-06 02:00:00,2125.583,2126.855,2123.959,2126.426,2886,Buy
2024-03-06 03:00:00,2126.426,2126.693,2123.704,2124.797,2680,Sell
2024-03-06 04:00:00,2124.816,2126.466,2124.816,2126.278,2225,No Trade
2024-03-06 05:00:00,2126.232,2128.066,2125.278,2125.344,2801,Sell
2024-03-06 06:00:00,2125.335,2127.632,2124.942,2127.37,2961,No Trade
2024-03-06 07:00:00,2127.411,2131.566,2127.084,2128.578,3860,Sell
2024-03-06 08:00:00,2128.53,2129.319,2124.399,2125.177,4862,Sell
2024-03-06 09:00:00,2125.142,2129.95,2124.841,2128.658,4095,No Trade
2024-03-06 10:00:00,2128.678,2128.804,2124.721,2125.706,3977,Sell
2024-03-06 11:00:00,2125.703,2132.703,2125.63,2132.574,3885,Buy
2024-03-06 12:00:00,2132.619,2135.214,2131.051,2134.266,4269,No Trade
2024-03-06 13:00:00,2134.206,2139.748,2131.512,2139.486,10477,Buy
2024-03-06 14:00:00,2139.516,2149.289,2135.709,2144.95,10274,No Trade
2024-03-06 15:00:00,2144.919,2145.713,2132.037,2141.024,15324,No Trade
2024-03-06 16:00:00,2140.991,2149.987,2140.473,2148.32,8705,No Trade
2024-03-06 17:00:00,2148.348,2150.061,2141.935,2144.828,7305,Sell
2024-03-06 18:00:00,2144.827,2152.334,2144.048,2147.233,6946,Sell
2024-03-06 19:00:00,2147.237,2147.561,2139.485,2144.409,6569,Sell
2024-03-06 20:00:00,2144.359,2147.334,2143.214,2146.72,3777,No Trade
2024-03-06 21:00:00,2146.667,2149.401,2144.568,2148.171,2728,No Trade
2024-03-06 23:00:00,2148.114,2151.267,2146.116,2147.457,2325,Sell
2024-03-07 00:00:00,2147.115,2149.692,2147.115,2148.886,3855,No Trade
2024-03-07 01:00:00,2148.933,2149.069,2144.285,2146.261,5204,Sell
2024-03-07 02:00:00,2146.312,2152.108,2145.708,2150.806,4609,No Trade
2024-03-07 03:00:00,2150.75,2152.594,2149.687,2151.809,3291,Sell
2024-03-07 04:00:00,2151.818,2161.728,2151.759,2158.341,7069,No Trade
2024-03-07 05:00:00,2158.302,2158.841,2154.444,2154.598,4823,Sell
2024-03-07 06:00:00,2154.541,2156.613,2151.577,2155.453,5429,Buy
2024-03-07 07:00:00,2155.503,2158.326,2152.268,2156.051,5397,No Trade
2024-03-07 08:00:00,2156.103,2159.93,2154.503,2155.37,5323,Sell
2024-03-07 09:00:00,2155.383,2157.842,2154.371,2157.675,4705,No Trade
2024-03-07 10:00:00,2157.726,2159.043,2156.158,2157.698,4371,No Trade
2024-03-07 11:00:00,2157.703,2157.835,2153.354,2156.041,4751,No Trade
2024-03-07 12:00:00,2156.05,2158.875,2153.963,2158.426,4594,Buy
2024-03-07 13:00:00,2158.394,2164.893,2157.418,2159.526,11429,Sell
2024-03-07 14:00:00,2159.552,2159.856,2147.966,2154.058,11563,Sell
2024-03-07 15:00:00,2154.009,2157.76,2151.712,2153.801,8994,No Trade
2024-03-07 16:00:00,2153.794,2158.625,2149.323,2156.188,7840,No Trade
2024-03-07 17:00:00,2156.224,2158.897,2155.324,2158.28,4926,No Trade
2024-03-07 18:00:00,2158.247,2159.365,2156.171,2157.146,4287,Sell
2024-03-07 19:00:00,2157.191,2161.007,2156.22,2160.084,3685,No Trade
2024-03-07 20:00:00,2160.09,2160.52,2158.048,2158.645,3626,Sell
2024-03-07 21:00:00,2158.675,2159.787,2158.338,2159.669,1877,No Trade
2024-03-07 23:00:00,2158.933,2161.68,2158.755,2161.68,1843,Buy
2024-03-08 00:00:00,2161.856,2163.668,2159.779,2160.882,3337,Sell
2024-03-08 01:00:00,2160.899,2161.842,2157.745,2157.933,3535,Sell
2024-03-08 02:00:00,2157.942,2158.486,2154.974,2155.402,3536,Sell
2024-03-08 03:00:00,2155.405,2158.781,2154.054,2157.678,2986,No Trade
2024-03-08 04:00:00,2157.681,2159.354,2156.415,2157.777,2581,No Trade
2024-03-08 05:00:00,2157.824,2158.444,2156.469,2157.781,3021,No Trade
2024-03-08 06:00:00,2157.779,2162.132,2156.499,2161.268,3579,No Trade
2024-03-08 07:00:00,2161.223,2161.986,2159.121,2161.445,4399,Buy
2024-03-08 08:00:00,2161.394,2168.806,2161.156,2165.218,5414,Sell
2024-03-08 09:00:00,2165.27,2171.214,2164.64,2169.119,5355,No Trade
2024-03-08 10:00:00,2169.173,2170.608,2166.694,2168.521,4528,Sell
2024-03-08 11:00:00,2168.549,2169.766,2166.342,2168.321,4113,No Trade
2024-03-08 12:00:00,2168.325,2169.388,2166.005,2166.156,4050,Sell
2024-03-08 13:00:00,2166.077,2185.515,2156.572,2171.19,18849,No Trade
2024-03-08 14:00:00,2171.16,2174.806,2163.783,2170.923,16726,No Trade
2024-03-08 15:00:00,2170.979,2177.438,2167.875,2177.265,9452,No Trade
2024-03-08 16:00:00,2177.31,2180.991,2172.294,2180.725,7395,Buy
2024-03-08 17:00:00,2180.79,2195.253,2180.79,2184.989,12822,Sell
2024-03-08 18:00:00,2184.947,2185.085,2173.934,2174.403,8422,Sell
2024-03-08 19:00:00,2174.451,2177.902,2168.378,2176.535,6618,Buy
2024-03-08 20:00:00,2176.565,2178.287,2175.748,2177.376,3950,No Trade
2024-03-08 21:00:00,2177.329,2179.147,2176.95,2178.602,2105,No Trade
2024-03-10 22:00:00,2179.699,2181.161,2177.222,2177.222,1983,Sell
2024-03-10 23:00:00,2177.214,2183.925,2177.214,2181.667,3758,No Trade
2024-03-11 00:00:00,2181.692,2189.112,2179.538,2186.776,4559,No Trade
2024-03-11 01:00:00,2186.823,2186.886,2178.997,2180.356,5718,Sell
2024-03-11 02:00:00,2180.348,2180.484,2176.961,2177.543,3700,Sell
2024-03-11 03:00:00,2177.491,2180.369,2177.043,2179.562,3326,Sell
2024-03-11 04:00:00,2179.569,2181.578,2179.569,2180.743,2591,Sell
2024-03-11 05:00:00,2180.735,2181.705,2176.914,2178.176,3699,Sell
2024-03-11 06:00:00,2178.217,2180.033,2177.319,2179.544,3635,No Trade
2024-03-11 07:00:00,2179.555,2182.842,2178.006,2182.3,4300,No Trade
2024-03-11 08:00:00,2182.342,2183.183,2176.673,2177.541,4905,Buy
2024-03-11 09:00:00,2177.507,2181.596,2175.932,2180.558,5030,No Trade
2024-03-11 10:00:00,2180.527,2180.857,2176.917,2177.761,4039,Sell
2024-03-11 11:00:00,2177.773,2179.554,2176.518,2178.988,3852,Buy
2024-03-11 12:00:00,2179.024,2180.738,2176.45,2177.259,6331,Sell
2024-03-11 13:00:00,2177.187,2185.194,2174.773,2181.79,8546,No Trade
2024-03-11 14:00:00,2181.761,2183.317,2175.527,2182.03,8156,Buy
2024-03-11 15:00:00,2182.045,2185.751,2180.113,2184.37,6185,No Trade
2024-03-11 16:00:00,2184.39,2184.748,2178.644,2180.932,5066,Sell
2024-03-11 17:00:00,2180.964,2184.211,2178.307,2179.739,4963,Sell
2024-03-11 18:00:00,2179.797,2181.02,2177.204,2180.937,3937,Buy
2024-03-11 19:00:00,2180.893,2184.26,2180.698,2181.391,3814,Sell
2024-03-11 20:00:00,2181.429,2182.997,2181.096,2182.787,1861,No Trade
2024-03-11 22:00:00,2181.767,2184.866,2180.778,2181.416,1756,Sell
2024-03-11 23:00:00,2181.346,2183.793,2181.267,2183.652,2771,Buy
2024-03-12 00:00:00,2183.651,2184.584,2180.338,2180.507,2999,Sell
2024-03-12 01:00:00,2180.55,2183.141,2180.058,2182.843,3481,No Trade
2024-03-12 02:00:00,2182.842,2182.978,2178.683,2179.174,3511,Sell
2024-03-12 03:00:00,2179.121,2179.179,2176.863,2177.569,3142,Sell
2024-03-12 04:00:00,2177.572,2179.243,2177.258,2178.294,2438,Sell
2024-03-12 05:00:00,2178.291,2179.256,2174.231,2176.253,3449,Sell
2024-03-12 06:00:00,2176.202,2177.228,2173.633,2175.368,4204,No Trade
2024-03-12 07:00:00,2175.391,2177.434,2174.783,2177.024,4175,No Trade
2024-03-12 08:00:00,2176.98,2178.58,2176.094,2177.88,4066,No Trade
2024-03-12 09:00:00,2177.897,2179.146,2176.414,2177.064,4164,Sell
2024-03-12 10:00:00,2177.043,2177.72,2175.495,2176.539,3729,No Trade
2024-03-12 11:00:00,2176.511,2176.692,2170.667,2172.056,4831,Sell
2024-03-12 12:00:00,2172.034,2182.107,2161.226,2169.844,18470,No Trade
2024-03-12 13:00:00,2169.801,2170.003,2156.214,2160.512,21131,Sell
2024-03-12 14:00:00,2160.563,2166.524,2152.65,2162.11,11427,No Trade
2024-03-12 15:00:00,2162.069,2165.058,2157.629,2163.115,7613,Buy
2024-03-12 16:00:00,2163.107,2166.596,2161.551,2165.848,4827,Buy
2024-03-12 17:00:00,2165.843,2165.843,2154.86,2155.145,6028,Sell
2024-03-12 18:00:00,2155.1,2156.62,2152.968,2153.613,5015,Sell
2024-03-12 19:00:00,2153.609,2157.479,2150.567,2157.414,4075,Buy
2024-03-12 20:00:00,2157.399,2159.078,2156.219,2158.559,2074,Buy
2024-03-12 22:00:00,2158.366,2161.408,2156.231,2158.857,2891,No Trade
2024-03-12 23:00:00,2158.85,2159.213,2155.852,2157.015,2876,Sell
2024-03-13 00:00:00,2157.007,2160.527,2156.627,2159.293,3401,No Trade
2024-03-13 01:00:00,2159.322,2159.644,2157.392,2158.63,3758,No Trade
2024-03-13 02:00:00,2158.681,2161.603,2157.46,2160.468,3357,No Trade
2024-03-13 03:00:00,2160.474,2160.842,2157.535,2159.157,2964,No Trade
2024-03-13 04:00:00,2159.156,2159.772,2157.324,2159.344,2659,Buy
2024-03-13 05:00:00,2159.349,2160.672,2158.743,2160.112,3201,No Trade
2024-03-13 06:00:00,2160.068,2161.599,2158.46,2159.533,3436,Sell
2024-03-13 07:00:00,2159.511,2160.831,2158.601,2159.748,4070,No Trade
2024-03-13 08:00:00,2159.789,2161.18,2157.951,2158.281,4277,Sell
2024-03-13 09:00:00,2158.236,2160.328,2157.608,2158.57,4292,No Trade
2024-03-13 10:00:00,2158.543,2163.697,2158.163,2163.406,3931,Buy
2024-03-13 11:00:00,2163.39,2164.269,2161.61,2164.025,4002,Buy
2024-03-13 12:00:00,2164.024,2166.348,2162.227,2163.599,6521,Sell
2024-03-13 13:00:00,2163.643,2171.627,2161.474,2166.143,11333,No Trade
2024-03-13 14:00:00,2166.168,2169.816,2163.566,2168.89,7277,Buy
2024-03-13 15:00:00,2168.847,2174.623,2168.237,2171.859,6987,No Trade
2024-03-13 16:00:00,2171.806,2174.816,2169.636,2173.683,5896,No Trade
2024-03-13 17:00:00,2173.661,2179.9,2173.249,2174.601,7086,Sell
2024-03-13 18:00:00,2174.614,2176.612,2174.352,2174.863,3937,Sell
2024-03-13 19:00:00,2174.881,2175.63,2171.776,2172.646,3673,Sell
2024-03-13 20:00:00,2172.597,2175.323,2172.374,2174.668,2448,No Trade
2024-03-13 22:00:00,2174.419,2175.469,2173.811,2174.643,1348,No Trade
2024-03-13 23:00:00,2174.663,2176.309,2174.663,2175.461,2085,Sell
2024-03-14 00:00:00,2175.548,2176.67,2174.083,2176.321,2771,Buy
2024-03-14 01:00:00,2176.382,2177.078,2173.291,2174.837,4097,Sell
2024-03-14 02:00:00,2174.805,2175.526,2172.651,2172.841,3236,Sell
2024-03-14 03:00:00,2172.795,2174.115,2171.199,2172.364,2913,No Trade
2024-03-14 04:00:00,2172.354,2172.613,2171.079,2171.867,2216,No Trade
2024-03-14 05:00:00,2171.868,2172.091,2168.74,2168.922,3203,Sell
2024-03-14 06:00:00,2168.968,2170.189,2167.519,2168.801,3848,No Trade
2024-03-14 07:00:00,2168.803,2169.138,2167.572,2168.734,4002,Buy
2024-03-14 08:00:00,2168.68,2170.118,2168.216,2169.642,4080,No Trade
2024-03-14 09:00:00,2169.649,2172.06,2167.992,2170.09,3975,No Trade
2024-03-14 10:00:00,2170.15,2170.938,2168.1,2170.631,3797,Buy
2024-03-14 11:00:00,2170.659,2170.884,2167.2,2168.555,3724,Sell
2024-03-14 12:00:00,2168.596,2170.492,2160.456,2162.876,12117,Sell
2024-03-14 13:00:00,2162.812,2167.343,2158.645,2162.547,12553,No Trade
2024-03-14 14:00:00,2162.487,2163.917,2157.788,2162.089,8022,No Trade
2024-03-14 15:00:00,2162.042,2162.314,2152.749,2157.29,8580,No Trade
2024-03-14 16:00:00,2157.289,2160.341,2156.764,2158.835,5390,No Trade
2024-03-14 17:00:00,2158.826,2165.095,2158.119,2160.319,5088,No Trade
2024-03-14 18:00:00,2160.362,2162.433,2160.286,2161.473,3740,No Trade
2024-03-14 19:00:00,2161.518,2163.57,2160.731,2163.549,3396,Buy
2024-03-14 20:00:00,2163.614,2163.96,2161.799,2161.943,1918,Sell
2024-03-14 22:00:00,2161.963,2162.464,2161.383,2161.429,1144,Sell
2024-03-14 23:00:00,2161.386,2162.216,2160.925,2161.72,1845,No Trade
2024-03-15 00:00:00,2161.798,2163.221,2160.688,2162.817,2865,Buy
2024-03-15 01:00:00,2162.808,2166.009,2162.415,2162.666,3799,No Trade
2024-03-15 02:00:00,2162.707,2163.061,2161.671,2162.441,2909,No Trade
2024-03-15 03:00:00,2162.432,2164.941,2161.826,2164.63,2820,No Trade
2024-03-15 04:00:00,2164.632,2165.55,2163.913,2164.543,2288,No Trade
2024-03-15 05:00:00,2164.6,2169.275,2163.575,2169.147,3729,Buy
2024-03-15 06:00:00,2169.138,2170.265,2167.237,2168.895,4318,No Trade
2024-03-15 07:00:00,2168.931,2170.046,2166.705,2167.117,4345,Sell
2024-03-15 08:00:00,2167.155,2169.463,2165.359,2169.066,4780,Buy
2024-03-15 09:00:00,2169.068,2172.812,2167.581,2171.911,4199,Buy
2024-03-15 10:00:00,2171.908,2172.735,2168.682,2169.336,4180,Sell
2024-03-15 11:00:00,2169.39,2169.421,2166.219,2167.009,4105,Sell
2024-03-15 12:00:00,2166.996,2167.393,2157.609,2161.805,8074,Sell
2024-03-15 13:00:00,2161.852,2163.388,2156.537,2160.227,8379,No Trade
2024-03-15 14:00:00,2160.163,2166.781,2159.242,2164.329,9064,No Trade
2024-03-15 15:00:00,2164.336,2164.366,2158.175,2160.09,6173,Sell
2024-03-15 16:00:00,2160.041,2163.551,2157.924,2158.905,5495,Sell
2024-03-15 17:00:00,2158.896,2160.656,2155.192,2156.866,5138,Sell
2024-03-15 18:00:00,2156.91,2160.36,2156.56,2159.38,3585,No Trade
2024-03-15 19:00:00,2159.376,2159.55,2156.477,2157.017,3066,Sell
2024-03-15 20:00:00,2157.049,2158.357,2155.5,2155.798,1941,Sell
2024-03-17 22:00:00,2153.379,2156.142,2153.18,2155.027,2455,No Trade
2024-03-17 23:00:00,2154.992,2156.633,2153.928,2156.617,2551,Buy
2024-03-18 00:00:00,2156.573,2157.583,2155.037,2156.689,3136,No Trade
2024-03-18 01:00:00,2156.65,2156.65,2150.166,2152.369,4945,Sell
2024-03-18 02:00:00,2152.394,2153.524,2146.64,2147.922,4258,Sell
2024-03-18 03:00:00,2147.889,2148.191,2146.162,2146.868,3330,Sell
2024-03-18 04:00:00,2146.868,2148.362,2146.17,2147.43,2641,Sell
2024-03-18 05:00:00,2147.434,2148.383,2146.194,2147.098,3285,No Trade
2024-03-18 06:00:00,2147.088,2149.188,2146.771,2148.164,3153,Sell
2024-03-18 07:00:00,2148.12,2152.262,2147.358,2152.262,4028,No Trade
2024-03-18 08:00:00,2152.199,2154.471,2150.219,2153.536,4951,No Trade
2024-03-18 09:00:00,2153.559,2155.961,2153.372,2154.865,4266,Sell
2024-03-18 10:00:00,2154.865,2158.588,2154.635,2158.302,4087,No Trade
2024-03-18 11:00:00,2158.25,2161.337,2158.244,2161.115,4614,Buy
2024-03-18 12:00:00,2161.074,2163.713,2158.327,2159.186,6559,Sell
2024-03-18 13:00:00,2159.134,2161.153,2155.589,2156.815,7338,Sell
2024-03-18 14:00:00,2156.848,2160.819,2156.734,2158.481,6166,Sell
2024-03-18 15:00:00,2158.45,2161.409,2157.018,2158.41,5297,No Trade
2024-03-18 16:00:00,2158.443,2160.803,2154.68,2159.94,5114,Buy
2024-03-18 17:00:00,2159.951,2161.228,2158.113,2160.01,4518,No Trade
2024-03-18 18:00:00,2160.009,2160.747,2159.199,2159.487,3490,Sell
2024-03-18 19:00:00,2159.541,2161.077,2159.438,2160.267,3046,Sell
2024-03-18 20:00:00,2160.253,2160.476,2159.486,2160.156,1634,No Trade
2024-03-18 22:00:00,2160.398,2162.505,2159.871,2161.024,1590,No Trade
2024-03-18 23:00:00,2161.025,2161.993,2160.481,2161.75,1740,Buy
2024-03-19 00:00:00,2162.153,2162.938,2160.576,2160.667,2996,Sell
2024-03-19 01:00:00,2160.66,2162.23,2158.688,2160.561,3641,No Trade
2024-03-19 02:00:00,2160.559,2162.865,2160.038,2160.95,3380,Sell
2024-03-19 03:00:00,2160.949,2162.414,2159.884,2161.528,3817,No Trade
2024-03-19 04:00:00,2161.514,2162.16,2159.612,2160.201,3033,Sell
2024-03-19 05:00:00,2160.216,2160.489,2157.168,2157.742,3671,Sell
2024-03-19 06:00:00,2157.783,2157.89,2154.04,2156.867,4806,No Trade
2024-03-19 07:00:00,2156.846,2157.32,2154.228,2155.84,4508,No Trade
2024-03-19 08:00:00,2155.878,2156.018,2147.254,2153.125,6843,No Trade
2024-03-19 09:00:00,2153.107,2154.604,2151.665,2153.279,4704,No Trade
2024-03-19 10:00:00,2153.282,2156.438,2152.533,2154.142,4775,Sell
2024-03-19 11:00:00,2154.155,2156.782,2153.781,2155.636,4388,No Trade
2024-03-19 12:00:00,2155.585,2158.698,2150.844,2157.092,6942,Buy
2024-03-19 13:00:00,2157.043,2158.79,2150.469,2151.26,7400,No Trade
2024-03-19 14:00:00,2151.313,2155.484,2148.463,2154.95,6587,Buy
2024-03-19 15:00:00,2154.939,2155.703,2150.727,2154.319,5130,No Trade
2024-03-19 16:00:00,2154.356,2156.077,2153.194,2154.565,4572,No Trade
2024-03-19 17:00:00,2154.557,2157.421,2154.326,2156.966,4454,No Trade
2024-03-19 18:00:00,2156.949,2157.797,2155.556,2156.771,3334,No Trade
2024-03-19 19:00:00,2156.824,2158.02,2156.298,2157.781,3123,Buy
2024-03-19 20:00:00,2157.828,2158.558,2157.358,2157.657,1761,Sell
2024-03-19 22:00:00,2157.947,2159.734,2157.439,2158.635,1099,No Trade
2024-03-19 23:00:00,2158.635,2158.816,2157.082,2157.109,1921,Sell
2024-03-20 00:00:00,2157.154,2157.533,2155.276,2157.186,2484,Buy
2024-03-20 01:00:00,2157.228,2160.104,2156.648,2158.726,3387,No Trade
2024-03-20 02:00:00,2158.714,2159.747,2157.245,2158.962,2854,No Trade
2024-03-20 03:00:00,2158.929,2159.916,2158.465,2159.915,2287,Buy
2024-03-20 04:00:00,2159.948,2160.297,2156.93,2156.964,2764,Sell
2024-03-20 05:00:00,2156.965,2158.294,2156.593,2157.507,2766,Sell
2024-03-20 06:00:00,2157.463,2158.321,2156.426,2157.087,3131,Sell
2024-03-20 07:00:00,2157.144,2159.583,2156.906,2158.366,3767,Sell
2024-03-20 08:00:00,2158.324,2158.451,2154.524,2156.222,3985,Sell
2024-03-20 09:00:00,2156.232,2156.232,2153.139,2154.807,3773,No Trade
2024-03-20 10:00:00,2154.816,2154.956,2152.395,2154.388,3953,Buy
2024-03-20 11:00:00,2154.387,2155.132,2152.364,2154.078,3893,No Trade
2024-03-20 12:00:00,2154.124,2155.331,2149.644,2153.205,5317,No Trade
2024-03-20 13:00:00,2153.25,2158.725,2150.564,2157.95,6797,Buy
2024-03-20 14:00:00,2158.019,2164.957,2155.723,2157.204,8559,Sell
2024-03-20 15:00:00,2157.154,2158.728,2154.734,2155.953,4847,Sell
2024-03-20 16:00:00,2155.963,2158.718,2155.556,2157.806,4380,No Trade
2024-03-20 17:00:00,2157.815,2159.675,2156.685,2157.467,4228,Sell
2024-03-20 18:00:00,2157.385,2183.779,2157.385,2181.907,30990,Buy
2024-03-20 19:00:00,2181.95,2188.906,2178.531,2182.98,13447,No Trade
2024-03-20 20:00:00,2182.932,2187.291,2182.881,2186.034,3612,No Trade
2024-03-20 22:00:00,2186.691,2211.43,2186.575,2200.542,3277,Sell
2024-03-20 23:00:00,2200.533,2206.418,2196.506,2203.641,5650,No Trade
2024-03-21 00:00:00,2204.071,2204.071,2192.508,2199.03,7417,Sell
2024-03-21 01:00:00,2198.985,2212.703,2197.985,2204.899,9127,Sell
2024-03-21 02:00:00,2204.851,2206.424,2202.738,2203.447,4733,Sell
2024-03-21 03:00:00,2203.415,2205.066,2201.793,2202.826,3399,Sell
2024-03-21 04:00:00,2202.854,2204.205,2201.875,2203.393,3044,No Trade
2024-03-21 05:00:00,2203.386,2205.247,2201.91,2204.946,3707,Buy
2024-03-21 06:00:00,2204.921,2209.6,2204.374,2207.191,5024,Sell
2024-03-21 07:00:00,2207.218,2210.255,2206.495,2206.67,5808,Sell
2024-03-21 08:00:00,2206.607,2206.796,2196.915,2201.503,7851,No Trade
2024-03-21 09:00:00,2201.565,2206.092,2199.859,2205.415,6125,Buy
2024-03-21 10:00:00,2205.415,2211.852,2205.232,2207.71,5950,Sell
2024-03-21 11:00:00,2207.681,2208.907,2205.48,2207.586,5069,No Trade
2024-03-21 12:00:00,2207.529,2208.911,2203.304,2207.772,7522,Buy
2024-03-21 13:00:00,2207.805,2208.183,2191.747,2191.959,11426,Sell
2024-03-21 14:00:00,2191.876,2192.096,2175.64,2176.724,17517,Sell
2024-03-21 15:00:00,2176.77,2177.001,2166.396,2174.778,12387,Buy
2024-03-21 16:00:00,2174.806,2180.409,2173.051,2179.965,6560,No Trade
2024-03-21 17:00:00,2179.955,2183.844,2178.62,2180.931,6072,No Trade
2024-03-21 18:00:00,2181.001,2184.047,2180.512,2182.861,4176,No Trade
2024-03-21 19:00:00,2182.915,2183.724,2180.385,2181.526,3537,Sell
2024-03-21 20:00:00,2181.577,2182.52,2180.589,2180.951,2009,Sell
2024-03-21 22:00:00,2181.13,2182.572,2180.671,2181.111,1432,No Trade
2024-03-21 23:00:00,2181.107,2181.97,2180.913,2181.591,1912,No Trade
2024-03-22 00:00:00,2181.776,2186.142,2181.101,2184.982,3437,No Trade
2024-03-22 01:00:00,2184.995,2186.038,2172.742,2173.584,6141,Sell
2024-03-22 02:00:00,2173.617,2177.167,2171.909,2172.679,6029,Sell
2024-03-22 03:00:00,2172.682,2176.293,2172.299,2173.838,4071,Sell
2024-03-22 04:00:00,2173.834,2175.466,2173.263,2173.701,3109,Sell
2024-03-22 05:00:00,2173.713,2175.866,2173.096,2174.348,3813,Sell
2024-03-22 06:00:00,2174.343,2176.398,2169.952,2170.217,4736,Sell
2024-03-22 07:00:00,2170.169,2170.561,2162.684,2168.498,6735,Buy
2024-03-22 08:00:00,2168.498,2169.327,2164.971,2167.992,5815,Sell
2024-03-22 09:00:00,2167.959,2170.133,2165.723,2166.706,4975,Sell
2024-03-22 10:00:00,2166.752,2168.732,2165.911,2167.264,4527,No Trade
2024-03-22 11:00:00,2167.296,2168.238,2165.276,2166.116,4348,Sell
2024-03-22 12:00:00,2166.159,2176.342,2165.875,2174.608,7449,No Trade
2024-03-22 13:00:00,2174.582,2180.16,2172.613,2178.125,8355,No Trade
2024-03-22 14:00:00,2178.181,2179.989,2171.24,2173.94,8732,Sell
2024-03-22 15:00:00,2173.964,2173.964,2165.502,2166.195,6988,Sell
2024-03-22 16:00:00,2166.159,2167.57,2161.647,2162.678,5440,Sell
2024-03-22 17:00:00,2162.728,2164.995,2157.082,2159.253,6303,Sell
2024-03-22 18:00:00,2159.201,2164.829,2158.833,2163.169,4479,No Trade
2024-03-22 19:00:00,2163.188,2165.246,2161.904,2164.086,3486,No Trade
2024-03-22 20:00:00,2164.121,2167.286,2163.667,2165.438,2841,No Trade
2024-03-24 22:00:00,2166.413,2167.922,2165.2,2166.516,2280,No Trade
2024-03-24 23:00:00,2166.503,2168.993,2166.059,2168.437,3354,No Trade
2024-03-25 00:00:00,2168.418,2169.515,2164.108,2165.548,4368,Sell
2024-03-25 01:00:00,2165.59,2177.012,2163.997,2175.226,9050,No Trade
2024-03-25 02:00:00,2175.202,2178.445,2173.821,2175.192,4557,No Trade
2024-03-25 03:00:00,2175.118,2175.202,2170.154,2170.702,4267,Sell
2024-03-25 04:00:00,2170.712,2171.745,2169.207,2169.497,2948,Sell
2024-03-25 05:00:00,2169.538,2171.095,2167.814,2169.918,3739,No Trade
2024-03-25 06:00:00,2169.928,2170.614,2164.357,2165.536,4492,Sell
2024-03-25 07:00:00,2165.512,2168.842,2163.512,2165.913,4927,No Trade
2024-03-25 08:00:00,2165.867,2169.104,2163.909,2165.739,5139,No Trade
2024-03-25 09:00:00,2165.78,2168.849,2164.451,2168.482,4553,Buy
2024-03-25 10:00:00,2168.474,2171.168,2167.682,2168.435,4335,No Trade
2024-03-25 11:00:00,2168.405,2171.933,2167.953,2170.498,4335,No Trade
2024-03-25 12:00:00,2170.536,2177.116,2170.361,2174.526,6291,Sell
2024-03-25 13:00:00,2174.517,2181.367,2173.047,2177.191,7321,No Trade
2024-03-25 14:00:00,2177.239,2180.568,2175.397,2177.892,6593,No Trade
2024-03-25 15:00:00,2177.946,2178.009,2175.004,2175.512,4981,Sell
2024-03-25 16:00:00,2175.506,2177.896,2175.054,2175.861,4327,No Trade
2024-03-25 17:00:00,2175.86,2176.736,2174.273,2174.81,4228,Sell
2024-03-25 18:00:00,2174.811,2174.811,2173.032,2173.315,2933,Sell
2024-03-25 19:00:00,2173.318,2173.788,2170.761,2171.045,3329,Sell
2024-03-25 20:00:00,2171.092,2172.366,2170.839,2171.415,1864,No Trade
2024-03-25 22:00:00,2171.963,2173.513,2171.221,2172.07,1708,No Trade
2024-03-25 23:00:00,2172.068,2173.408,2171.326,2172.978,2574,Buy
2024-03-26 00:00:00,2172.984,2174.503,2172.408,2173.94,3045,No Trade
2024-03-26 01:00:00,2173.923,2174.369,2167.676,2169.527,5640,Sell
2024-03-26 02:00:00,2169.571,2171.676,2169.319,2170.837,3215,No Trade
2024-03-26 03:00:00,2170.805,2172.54,2169.7,2170.446,3180,Sell
2024-03-26 04:00:00,2170.454,2172.834,2170.189,2172.362,2248,No Trade
2024-03-26 05:00:00,2172.318,2173.446,2171.427,2173.021,3085,Buy
2024-03-26 06:00:00,2172.975,2174.173,2170.625,2171.576,4032,No Trade
2024-03-26 07:00:00,2171.534,2174.271,2169.683,2173.108,3895,No Trade
2024-03-26 08:00:00,2173.09,2179.34,2171.665,2178.296,4812,No Trade
2024-03-26 09:00:00,2178.304,2195.335,2178.304,2190.926,7367,No Trade
2024-03-26 10:00:00,2190.944,2200.15,2190.771,2197.753,6713,No Trade
2024-03-26 11:00:00,2197.762,2199.218,2195.084,2196.524,5749,Sell
2024-03-26 12:00:00,2196.553,2197.426,2186.724,2188.047,6975,Sell
2024-03-26 13:00:00,2188.08,2192.997,2178.452,2183.158,10603,Sell
2024-03-26 14:00:00,2183.091,2186.448,2179.163,2179.373,8370,Sell
2024-03-26 15:00:00,2179.345,2181.611,2171.78,2174.344,8026,Sell
2024-03-26 16:00:00,2174.391,2178.528,2174.343,2176.857,5150,No Trade
2024-03-26 17:00:00,2176.922,2179.313,2176.031,2176.827,4696,No Trade
2024-03-26 18:00:00,2176.777,2178.615,2175.968,2177.76,3522,No Trade
2024-03-26 19:00:00,2177.746,2178.247,2176.646,2177.976,3097,Buy
2024-03-26 20:00:00,2178.02,2178.394,2174.708,2177.928,2073,Buy
2024-03-26 22:00:00,2177.594,2179.6,2176.964,2178.375,1626,No Trade
2024-03-26 23:00:00,2178.398,2180.046,2178.159,2179.566,2151,No Trade
2024-03-27 00:00:00,2179.563,2180.246,2176.676,2177.536,2727,Sell
2024-03-27 01:00:00,2177.533,2180.418,2173.245,2175.246,5403,Sell
2024-03-27 02:00:00,2175.227,2177.693,2174.781,2176.053,3724,Sell
2024-03-27 03:00:00,2176.062,2181.851,2175.741,2177.825,4212,Sell
2024-03-27 04:00:00,2177.81,2180.171,2177.363,2178.453,2554,No Trade
2024-03-27 05:00:00,2178.444,2178.56,2175.742,2177.072,3246,Sell
2024-03-27 06:00:00,2177.08,2180.116,2176.595,2177.81,3552,Sell
2024-03-27 07:00:00,2177.764,2180.884,2177.049,2180.588,4290,No Trade
2024-03-27 08:00:00,2180.626,2182.777,2176.534,2177.46,4345,Sell
2024-03-27 09:00:00,2177.414,2194.046,2176.637,2189.325,7070,No Trade
2024-03-27 10:00:00,2189.287,2194.606,2188.776,2193.845,6241,No Trade
2024-03-27 11:00:00,2193.8,2197.686,2187.377,2188.503,6659,Sell
2024-03-27 12:00:00,2188.538,2189.45,2184.449,2186.13,7711,Sell
2024-03-27 13:00:00,2186.174,2193.528,2183.512,2193.402,9034,Buy
2024-03-27 14:00:00,2193.363,2195.323,2189.899,2193.485,7880,No Trade
2024-03-27 15:00:00,2193.459,2194.191,2188.476,2190.596,5568,Sell
2024-03-27 16:00:00,2190.574,2192.852,2189.923,2192.498,4626,No Trade
2024-03-27 17:00:00,2192.444,2194.187,2189.129,2190.448,4742,Sell
2024-03-27 18:00:00,2190.459,2192.489,2189.095,2192.489,3569,Buy
2024-03-27 19:00:00,2192.52,2194.313,2190.866,2193.383,3296,No Trade
2024-03-27 20:00:00,2193.435,2195.31,2193.005,2194.754,2849,No Trade
2024-03-27 22:00:00,2192.542,2194.462,2189.912,2192.31,2330,No Trade
2024-03-27 23:00:00,2192.375,2192.491,2190.733,2191.069,2083,Sell
2024-03-28 00:00:00,2190.823,2190.982,2187.406,2189.142,3964,Sell
2024-03-28 01:00:00,2189.159,2190.606,2187.627,2189.461,4193,No Trade
2024-03-28 02:00:00,2189.512,2196.15,2189.21,2194.89,4466,No Trade
2024-03-28 03:00:00,2194.861,2196.538,2194.135,2194.873,3411,No Trade
2024-03-28 04:00:00,2194.852,2197.014,2194.392,2195.663,2490,Sell
2024-03-28 05:00:00,2195.65,2200.774,2194.499,2197.306,3830,Sell
2024-03-28 06:00:00,2197.289,2199.029,2195.211,2198.766,4340,Buy
2024-03-28 07:00:00,2198.797,2198.893,2192.733,2193.819,4631,Sell
2024-03-28 08:00:00,2193.837,2197.417,2190.928,2194.829,5206,No Trade
2024-03-28 09:00:00,2194.828,2197.942,2192.506,2197.863,4626,Buy
2024-03-28 10:00:00,2197.862,2213.917,2197.17,2212.24,8540,No Trade
2024-03-28 11:00:00,2212.217,2213.482,2207.297,2210.405,6937,Sell
2024-03-28 12:00:00,2210.401,2217.064,2205.787,2215.708,11279,Buy
2024-03-28 13:00:00,2215.721,2217.27,2202.295,2206.699,12525,Sell
2024-03-28 14:00:00,2206.696,2215.038,2204.387,2214.394,10095,No Trade
2024-03-28 15:00:00,2214.346,2217.102,2212.292,2215.977,7418,No Trade
2024-03-28 16:00:00,2215.99,2225.716,2213.558,2220.371,7565,No Trade
2024-03-28 17:00:00,2220.418,2223.368,2216.789,2222.003,5871,Buy
2024-03-28 18:00:00,2221.955,2222.508,2218.408,2220.525,4031,Sell
2024-03-28 19:00:00,2220.478,2222.386,2217.998,2221.778,3975,Buy
2024-03-28 20:00:00,2221.771,2236.433,2219.701,2232.72,4199,No Trade
2024-03-31 22:00:00,2239.784,2243.258,2235.953,2236.952,5668,Sell
2024-03-31 23:00:00,2237.021,2247.48,2235.71,2245.068,4844,No Trade
2024-04-01 00:00:00,2246.099,2256.445,2243.963,2250.148,5901,Sell
2024-04-01 01:00:00,2250.227,2259.712,2250.148,2255.896,7827,No Trade
2024-04-01 02:00:00,2255.897,2258.263,2255.02,2257.388,4065,No Trade
2024-04-01 03:00:00,2257.319,2265.281,2256.556,2264.449,4686,Buy
2024-04-01 04:00:00,2264.5,2265.818,2258.166,2260.4,3714,Sell
2024-04-01 05:00:00,2260.327,2263.507,2257.988,2261.686,3753,No Trade
2024-04-01 06:00:00,2261.623,2262.802,2259.057,2260.406,3883,Sell
2024-04-01 07:00:00,2260.375,2263.138,2256.966,2257.635,3876,Sell
2024-04-01 08:00:00,2257.662,2260.286,2255.853,2257.277,4019,Sell
2024-04-01 09:00:00,2257.285,2258.452,2249.4,2251.854,5082,Sell
2024-04-01 10:00:00,2251.813,2253.524,2245.682,2247.906,5032,Sell
2024-04-01 11:00:00,2247.939,2251.113,2246.51,2246.951,4773,Sell
2024-04-01 12:00:00,2246.919,2252.714,2243.659,2252.624,8046,Buy
2024-04-01 13:00:00,2252.578,2258.002,2239.383,2246.5,13940,Sell
2024-04-01 14:00:00,2246.46,2246.46,2228.572,2236.005,16190,Sell
2024-04-01 15:00:00,2235.996,2240.656,2233.751,2239.741,7207,No Trade
2024-04-01 16:00:00,2239.756,2243.55,2237.18,2238.176,5768,No Trade
2024-04-01 17:00:00,2238.157,2239.413,2234.765,2239.227,4533,Buy
2024-04-01 18:00:00,2239.27,2241.308,2238.126,2239.403,3454,No Trade
2024-04-01 19:00:00,2239.403,2244.822,2239.096,2244.769,3578,Buy
2024-04-01 20:00:00,2244.712,2250.699,2243.086,2250.661,3893,No Trade
2024-04-01 22:00:00,2250.865,2255.921,2248.792,2253.6,2420,No Trade
2024-04-01 23:00:00,2253.683,2253.736,2248.744,2249.036,3317,Sell
2024-04-02 00:00:00,2249.063,2253.716,2247.916,2250.472,5374,No Trade
2024-04-02 01:00:00,2250.422,2250.422,2246.734,2249.097,5465,No Trade
2024-04-02 02:00:00,2249.04,2255.131,2247.826,2254.31,4558,No Trade
2024-04-02 03:00:00,2254.304,2255.362,2251.304,2251.631,4312,Sell
2024-04-02 04:00:00,2251.634,2259.951,2250.518,2256.746,4295,Sell
2024-04-02 05:00:00,2256.755,2257.195,2252.33,2253.683,4411,Sell
2024-04-02 06:00:00,2253.634,2256.22,2252.373,2255.763,4863,Buy
2024-04-02 07:00:00,2255.712,2257.68,2253.255,2256.474,5155,No Trade
2024-04-02 08:00:00,2256.426,2262.904,2256.158,2261.065,6067,No Trade
2024-04-02 09:00:00,2261.063,2266.908,2259.681,2260.777,5944,Sell
2024-04-02 10:00:00,2260.733,2264.777,2255.155,2262.202,6030,Buy
2024-04-02 11:00:00,2262.195,2262.241,2256.103,2260.625,6609,Buy
2024-04-02 12:00:00,2260.668,2261.607,2253.398,2257.638,9158,No Trade
2024-04-02 13:00:00,2257.597,2266.912,2254.618,2265.465,12927,No Trade
2024-04-02 14:00:00,2265.393,2277.075,2257.266,2260.776,19397,Sell
2024-04-02 15:00:00,2260.739,2261.229,2250.894,2258.704,11631,Buy
2024-04-02 16:00:00,2258.758,2261.447,2254.176,2260.376,6192,Buy
2024-04-02 17:00:00,2260.399,2266.752,2259.557,2266.025,5362,No Trade
2024-04-02 18:00:00,2266.031,2272.951,2265.473,2271.461,6703,No Trade
2024-04-02 19:00:00,2271.513,2279.404,2271.015,2277.454,5586,No Trade
2024-04-02 20:00:00,2277.495,2281.258,2275.747,2280.344,3483,Buy
2024-04-02 22:00:00,2280.663,2288.469,2279.54,2281.713,3787,Sell
2024-04-02 23:00:00,2281.713,2283.848,2277.928,2280.306,3918,Sell
2024-04-03 00:00:00,2279.985,2285.991,2279.621,2283.34,6112,Sell
2024-04-03 01:00:00,2283.372,2283.537,2276.836,2282.602,7322,Buy
2024-04-03 02:00:00,2282.593,2284.701,2281.593,2283.407,4273,No Trade
2024-04-03 03:00:00,2283.452,2288.042,2283.241,2285.106,4646,Sell
2024-04-03 04:00:00,2285.123,2287.148,2283.769,2283.809,3366,Sell
2024-04-03 05:00:00,2283.786,2286.063,2280.944,2286.063,4497,Buy
2024-04-03 06:00:00,2286.068,2286.068,2281.049,2282.094,5015,Sell
2024-04-03 07:00:00,2282.077,2282.12,2270.425,2271.288,7404,Sell
2024-04-03 08:00:00,2271.273,2276.181,2267.727,2273.251,6947,No Trade
2024-04-03 09:00:00,2273.198,2274.848,2269.655,2272.132,5457,No Trade
2024-04-03 10:00:00,2272.083,2273.502,2269.928,2272.773,5247,Buy
2024-04-03 11:00:00,2272.76,2274.615,2268.869,2273.885,5400,Buy
2024-04-03 12:00:00,2273.833,2275.284,2265.447,2275.022,11189,Buy
2024-04-03 13:00:00,2274.959,2278.956,2271.673,2275.194,12548,No Trade
2024-04-03 14:00:00,2275.239,2285.384,2274.2,2282.768,17131,No Trade
2024-04-03 15:00:00,2282.818,2288.452,2280.67,2286.398,10395,No Trade
2024-04-03 16:00:00,2286.39,2295.275,2280.793,2293.925,11534,Buy
2024-04-03 17:00:00,2293.878,2295.674,2288.969,2295.085,6363,Buy
2024-04-03 18:00:00,2295.073,2297.99,2293.923,2296.489,4478,No Trade
2024-04-03 19:00:00,2296.466,2298.966,2294.564,2297.473,4615,No Trade
2024-04-03 20:00:00,2297.504,2301.286,2297.288,2299.885,3065,No Trade
2024-04-03 22:00:00,2299.568,2302.66,2299.051,2301.602,2810,No Trade
2024-04-03 23:00:00,2301.613,2301.695,2296.346,2297.548,3720,Sell
2024-04-04 00:00:00,2297.6,2302.576,2297.327,2302.285,5164,Buy
2024-04-04 01:00:00,2302.33,2304.969,2297.579,2301.107,5699,No Trade
2024-04-04 02:00:00,2301.114,2302.173,2297.861,2299.648,3573,Sell
2024-04-04 03:00:00,2299.598,2300.764,2297.683,2299.275,3745,No Trade
2024-04-04 04:00:00,2299.224,2300.278,2298.365,2298.996,2973,No Trade
2024-04-04 05:00:00,2298.983,2300.766,2295.011,2295.343,3703,Sell
2024-04-04 06:00:00,2295.38,2297.403,2294.856,2295.893,4073,Sell
2024-04-04 07:00:00,2295.868,2298.267,2291.936,2293.053,6014,Sell
2024-04-04 08:00:00,2293.04,2294.597,2291.05,2291.664,5108,Sell
2024-04-04 09:00:00,2291.668,2294.161,2290.876,2293.31,4792,No Trade
2024-04-04 10:00:00,2293.359,2295.13,2292.566,2294.553,4106,No Trade
2024-04-04 11:00:00,2294.53,2295.28,2288.875,2289.361,5036,No Trade
2024-04-04 12:00:00,2289.41,2290.095,2282.781,2288.226,11012,No Trade
2024-04-04 13:00:00,2288.272,2291.152,2284.849,2287.602,10085,No Trade
2024-04-04 14:00:00,2287.53,2299.475,2287.161,2295.214,11640,No Trade
2024-04-04 15:00:00,2295.261,2295.623,2290.358,2292.181,7058,No Trade
2024-04-04 16:00:00,2292.126,2293.253,2286.565,2286.927,5805,No Trade
2024-04-04 17:00:00,2286.959,2294.117,2286.422,2294.069,5379,Buy
2024-04-04 18:00:00,2294.018,2305.643,2292.98,2304.145,10985,No Trade
2024-04-04 19:00:00,2304.156,2304.771,2279.917,2285.019,18088,No Trade
2024-04-04 20:00:00,2284.988,2291.758,2284.856,2290.726,4244,No Trade
2024-04-04 22:00:00,2291.194,2293.447,2288.297,2289.803,2330,No Trade
2024-04-04 23:00:00,2289.789,2291.321,2288.87,2288.991,2774,Sell
2024-04-05 00:00:00,2288.791,2290.377,2282.942,2283.216,6113,Sell
2024-04-05 01:00:00,2283.198,2284.209,2267.851,2271.866,12364,Sell
2024-04-05 02:00:00,2271.881,2274.814,2270.915,2273.913,4961,No Trade
2024-04-05 03:00:00,2273.892,2279.488,2273.623,2276.832,4870,No Trade
2024-04-05 04:00:00,2276.789,2279.94,2276.643,2278.087,3916,No Trade
2024-04-05 05:00:00,2278.094,2282.385,2277.455,2279.836,4627,Sell
2024-04-05 06:00:00,2279.837,2283.185,2276.679,2279.171,5569,No Trade
2024-04-05 07:00:00,2279.158,2290.668,2279.11,2289.145,7398,No Trade
2024-04-05 08:00:00,2289.114,2291.856,2284.959,2288.067,5769,No Trade
2024-04-05 09:00:00,2288.041,2293.685,2286.66,2291.106,5205,No Trade
2024-04-05 10:00:00,2291.08,2296.242,2290.773,2293.999,5004,No Trade
2024-04-05 11:00:00,2293.952,2294.672,2289.886,2291.232,4750,No Trade
2024-04-05 12:00:00,2291.2,2296.245,2280.352,2290.977,17241,Sell
2024-04-05 13:00:00,2291.005,2303.709,2287.073,2299.853,19047,No Trade
2024-04-05 14:00:00,2299.8,2324.869,2295.933,2317.647,23964,No Trade
2024-04-05 15:00:00,2317.691,2328.548,2315.296,2326.275,15006,No Trade
2024-04-05 16:00:00,2326.291,2329.626,2322.247,2327.21,7684,No Trade
2024-04-05 17:00:00,2327.253,2330.626,2324.576,2326.3,6210,No Trade
2024-04-05 18:00:00,2326.326,2328.413,2323.635,2325.385,4953,Sell
2024-04-05 19:00:00,2325.412,2325.437,2320.739,2323.22,5201,Sell
2024-04-05 20:00:00,2323.259,2330.096,2322.912,2329.455,3493,Buy
2024-04-07 22:00:00,2327.415,2328.664,2304.131,2307.681,11286,Sell
2024-04-07 23:00:00,2307.648,2314.471,2306.216,2311.747,8261,No Trade
2024-04-08 00:00:00,2311.397,2311.96,2306.169,2306.273,7717,Sell
2024-04-08 01:00:00,2306.241,2325.204,2302.962,2324.346,17752,No Trade
2024-04-08 02:00:00,2324.299,2354.24,2321.765,2348.237,25680,No Trade
2024-04-08 03:00:00,2348.185,2350.02,2341.068,2345.588,11822,No Trade
2024-04-08 04:00:00,2345.635,2345.674,2340.03,2342.25,6596,No Trade
2024-04-08 05:00:00,2342.261,2343.785,2331.981,2334.644,10756,Sell
2024-04-08 06:00:00,2334.702,2341.464,2331.854,2336.346,9192,Sell
2024-04-08 07:00:00,2336.388,2339.009,2333.832,2337.861,8784,Buy
2024-04-08 08:00:00,2337.809,2341.632,2333.359,2336.304,8996,No Trade
2024-04-08 09:00:00,2336.349,2337.985,2334.23,2337.563,6199,No Trade
2024-04-08 10:00:00,2337.511,2343.628,2335.15,2340.242,6886,No Trade
2024-04-08 11:00:00,2340.278,2342.5,2336.515,2337.441,8408,No Trade
2024-04-08 12:00:00,2337.386,2338.104,2322.645,2329.128,19711,Sell
2024-04-08 13:00:00,2329.134,2335.826,2325.592,2327.513,22569,Sell
2024-04-08 14:00:00,2327.463,2329.377,2318.74,2328.87,18784,Buy
2024-04-08 15:00:00,2328.84,2331.795,2325.743,2327.935,8989,No Trade
2024-04-08 16:00:00,2327.982,2330.308,2326.129,2328.55,6293,No Trade
2024-04-08 17:00:00,2328.603,2339.313,2327.659,2337.984,8257,No Trade
2024-04-08 18:00:00,2337.975,2342.097,2337.025,2339.043,5893,No Trade
2024-04-08 19:00:00,2339.085,2340.667,2337.162,2338.444,4629,No Trade
2024-04-08 20:00:00,2338.497,2339.224,2337.973,2339.119,2406,Buy
2024-04-08 22:00:00,2337.574,2339.012,2336.816,2338.721,1752,No Trade
2024-04-08 23:00:00,2338.719,2340.55,2337.776,2338.888,3150,No Trade
2024-04-09 00:00:00,2338.884,2341.772,2338.627,2340.962,4092,No Trade
2024-04-09 01:00:00,2340.971,2348.6,2337.869,2340.072,11357,No Trade
2024-04-09 02:00:00,2340.034,2345.855,2338.523,2345.237,6416,No Trade
2024-04-09 03:00:00,2345.196,2346.668,2343.159,2344.043,4670,Sell
2024-04-09 04:00:00,2344.081,2346.268,2343.146,2344.235,3853,No Trade
2024-04-09 05:00:00,2344.212,2348.037,2343.966,2345.134,4291,Sell
2024-04-09 06:00:00,2345.125,2346.874,2343.195,2344.575,5954,No Trade
2024-04-09 07:00:00,2344.538,2357.11,2344.409,2354.063,8902,No Trade
2024-04-09 08:00:00,2354.06,2359.339,2351.428,2357.697,6914,No Trade
2024-04-09 09:00:00,2357.728,2365.44,2357.284,2363.281,7905,No Trade
2024-04-09 10:00:00,2363.253,2364.321,2355.934,2356.58,6934,Sell
2024-04-09 11:00:00,2356.524,2356.806,2349.628,2354.545,7320,No Trade
2024-04-09 12:00:00,2354.514,2357.435,2345.788,2349.474,12558,Sell
2024-04-09 13:00:00,2349.439,2361.056,2348.168,2355.472,19772,No Trade
2024-04-09 14:00:00,2355.423,2364.381,2345.186,2352.89,21658,No Trade
2024-04-09 15:00:00,2352.952,2353.765,2338.336,2340.391,16984,Sell
2024-04-09 16:00:00,2340.428,2347.156,2340.114,2345.078,8648,No Trade
2024-04-09 17:00:00,2345.117,2349.818,2341.971,2347.424,7782,No Trade
2024-04-09 18:00:00,2347.374,2350.097,2345.63,2349.659,5418,Buy
2024-04-09 19:00:00,2349.615,2351.62,2345.287,2351.218,4880,Buy
2024-04-09 20:00:00,2351.172,2354.669,2350.687,2352.902,2695,No Trade
2024-04-09 22:00:00,2352.766,2354.11,2350.491,2352.425,2112,No Trade
2024-04-09 23:00:00,2352.323,2355.375,2351.628,2354.876,3072,No Trade
2024-04-10 00:00:00,2354.999,2355.675,2351.072,2351.73,3830,Sell
2024-04-10 01:00:00,2351.76,2352.039,2344.798,2349.419,8034,No Trade
2024-04-10 02:00:00,2349.474,2354.378,2348.951,2352.209,5527,No Trade
2024-04-10 03:00:00,2352.252,2353.604,2350.751,2351.348,3965,Sell
2024-04-10 04:00:00,2351.302,2356.961,2350.931,2356.266,3518,No Trade
2024-04-10 05:00:00,2356.251,2360.179,2355.826,2357.466,5639,Sell
2024-04-10 06:00:00,2357.53,2360.002,2353.944,2356.194,6392,Sell
2024-04-10 07:00:00,2356.143,2357.839,2352.615,2353.172,5762,Sell
2024-04-10 08:00:00,2353.221,2355.954,2352.415,2354.594,5151,No Trade
2024-04-10 09:00:00,2354.599,2354.902,2344.962,2347.737,6477,Sell
2024-04-10 10:00:00,2347.687,2350.238,2345.309,2347.553,5591,No Trade
2024-04-10 11:00:00,2347.521,2349.435,2344.806,2347.129,5522,No Trade
2024-04-10 12:00:00,2347.074,2350.808,2327.919,2338.484,28202,Sell
2024-04-10 13:00:00,2338.534,2339.705,2319.315,2334.022,36284,No Trade
2024-04-10 14:00:00,2334.041,2352.44,2332.275,2346.365,27146,No Trade
2024-04-10 15:00:00,2346.402,2347.727,2330.147,2337.165,17690,Sell
2024-04-10 16:00:00,2337.154,2340.884,2335.928,2337.366,8551,No Trade
2024-04-10 17:00:00,2337.392,2345.342,2325.842,2337.721,19691,No Trade
2024-04-10 18:00:00,2337.781,2341.103,2326.221,2327.616,9147,Sell
2024-04-10 19:00:00,2327.646,2331.049,2327.261,2329.735,7387,No Trade
2024-04-10 20:00:00,2329.792,2333.689,2329.611,2332.832,3468,No Trade
2024-04-10 22:00:00,2333.812,2336.873,2333.459,2335.961,2093,No Trade
2024-04-10 23:00:00,2335.987,2337.304,2334.209,2335.529,3110,No Trade
2024-04-11 00:00:00,2335.589,2336.103,2333.421,2335.231,5052,No Trade
2024-04-11 01:00:00,2335.223,2342.352,2334.132,2340.753,7868,No Trade
2024-04-11 02:00:00,2340.7,2345.866,2339.578,2343.929,4865,No Trade
2024-04-11 03:00:00,2343.923,2347.015,2343.019,2344.066,4597,No Trade
2024-04-11 04:00:00,2344.011,2346.182,2341.544,2343.075,4388,Sell
2024-04-11 05:00:00,2343.057,2344.659,2338.967,2341.981,5169,No Trade
2024-04-11 06:00:00,2341.935,2342.26,2333.981,2336.09,7960,Sell
2024-04-11 07:00:00,2336.139,2340.769,2335.276,2336.496,7776,Sell
2024-04-11 08:00:00,2336.539,2338.053,2325.727,2328.067,8510,Sell
2024-04-11 09:00:00,2328.041,2335.406,2327.997,2330.877,6661,Sell
2024-04-11 10:00:00,2330.824,2339.364,2330.742,2338.614,6298,Buy
2024-04-11 11:00:00,2338.614,2339.778,2335.719,2337.351,5869,Sell
2024-04-11 12:00:00,2337.369,2344.482,2331.704,2341.505,16835,No Trade
2024-04-11 13:00:00,2341.464,2347.531,2336.979,2343.441,16282,No Trade
2024-04-11 14:00:00,2343.409,2346.924,2332.369,2339.024,18023,Sell
2024-04-11 15:00:00,2339.065,2345.627,2337.69,2344.718,8321,No Trade
2024-04-11 16:00:00,2344.767,2350.897,2342.723,2349.88,7812,No Trade
2024-04-11 17:00:00,2349.888,2357.351,2348.123,2356.35,9156,No Trade
2024-04-11 18:00:00,2356.371,2365.122,2355.735,2361.538,7778,No Trade
2024-04-11 19:00:00,2361.576,2374.709,2361.477,2372.846,7132,No Trade
2024-04-11 20:00:00,2372.923,2377.821,2372.331,2373.345,5036,Sell
2024-04-11 22:00:00,2371.758,2379.572,2371.489,2373.808,3183,Sell
2024-04-11 23:00:00,2373.873,2377.206,2373.873,2377.1,4067,Buy
2024-04-12 00:00:00,2376.887,2379.234,2374.686,2378.733,4758,Buy
2024-04-12 01:00:00,2378.781,2391.52,2378.762,2390.757,19243,Buy
2024-04-12 02:00:00,2390.798,2395.558,2387.997,2390.6,11327,No Trade
2024-04-12 03:00:00,2390.651,2391.299,2382.996,2384.342,6827,Sell
2024-04-12 04:00:00,2384.347,2387.123,2382.8,2384.302,4599,No Trade
2024-04-12 05:00:00,2384.241,2390.176,2383.432,2387.613,5943,Sell
2024-04-12 06:00:00,2387.561,2395.293,2384.83,2395.13,8336,No Trade
2024-04-12 07:00:00,2395.142,2400.482,2392.843,2400.013,9463,No Trade
2024-04-12 08:00:00,2400.054,2400.734,2394.242,2396.764,7556,Sell
2024-04-12 09:00:00,2396.814,2400.29,2393.391,2398.174,6283,No Trade
2024-04-12 10:00:00,2398.209,2400.524,2396.021,2398.222,6376,No Trade
2024-04-12 11:00:00,2398.227,2398.245,2390.458,2395.462,8481,No Trade
2024-04-12 12:00:00,2395.465,2397.779,2391.63,2395.906,13748,No Trade
2024-04-12 13:00:00,2395.953,2406.657,2393.497,2404.358,25223,No Trade
2024-04-12 14:00:00,2404.411,2429.179,2400.413,2426.689,27512,No Trade
2024-04-12 15:00:00,2426.656,2431.627,2382.228,2395.654,45984,Sell
2024-04-12 16:00:00,2395.615,2395.615,2360.797,2369.279,35809,Sell
2024-04-12 17:00:00,2369.337,2373.204,2346.407,2355.333,26974,Sell
2024-04-12 18:00:00,2355.295,2356.746,2335.464,2338.895,15090,Sell
2024-04-12 19:00:00,2338.842,2345.522,2333.893,2343.363,11586,Buy
2024-04-12 20:00:00,2343.417,2345.269,2341.791,2344.482,4272,Buy
2024-04-14 22:00:00,2369.205,2372.02,2346.971,2357.019,7235,No Trade
2024-04-14 23:00:00,2356.986,2365.507,2355.041,2364.701,4493,No Trade
2024-04-15 00:00:00,2364.661,2366.057,2350.552,2353.346,11425,Sell
2024-04-15 01:00:00,2353.387,2359.888,2348.498,2355.733,18028,No Trade
2024-04-15 02:00:00,2355.716,2364.756,2353.649,2359.611,10016,No Trade
2024-04-15 03:00:00,2359.664,2360.528,2354.825,2358.608,7230,No Trade
2024-04-15 04:00:00,2358.542,2358.782,2355.643,2356.76,4491,Sell
2024-04-15 05:00:00,2356.767,2362.567,2352.137,2361.193,7381,Buy
2024-04-15 06:00:00,2361.177,2361.612,2353.147,2354.958,10672,Sell
2024-04-15 07:00:00,2354.916,2356.46,2350.052,2353.147,9197,No Trade
2024-04-15 08:00:00,2353.138,2356.121,2344.81,2351.657,10719,No Trade
2024-04-15 09:00:00,2351.685,2353.598,2346.403,2349.707,6920,No Trade
2024-04-15 10:00:00,2349.721,2357.081,2349.288,2356.844,5861,Buy
2024-04-15 11:00:00,2356.817,2361.279,2355.602,2358.047,7273,No Trade
2024-04-15 12:00:00,2358.095,2359.367,2351.2,2357.417,12448,No Trade
2024-04-15 13:00:00,2357.445,2361.237,2343.218,2348.733,19588,Sell
2024-04-15 14:00:00,2348.697,2352.595,2324.201,2349.563,34936,Buy
2024-04-15 15:00:00,2349.514,2352.68,2342.67,2351.716,15011,Buy
2024-04-15 16:00:00,2351.76,2360.088,2346.214,2357.226,11089,No Trade
2024-04-15 17:00:00,2357.196,2370.739,2354.153,2365.507,14336,No Trade
2024-04-15 18:00:00,2365.476,2378.287,2363.775,2376.01,9363,No Trade
2024-04-15 19:00:00,2375.969,2387.737,2374.041,2386.384,12398,No Trade
2024-04-15 20:00:00,2386.47,2386.822,2380.138,2382.878,4644,Sell
2024-04-15 22:00:00,2381.015,2392.251,2380.901,2384.337,3373,Sell
2024-04-15 23:00:00,2384.334,2387.429,2381.176,2381.935,4007,Sell
2024-04-16 00:00:00,2381.995,2387.773,2380.246,2383.596,7033,Sell
2024-04-16 01:00:00,2383.551,2387.047,2379.259,2383.777,10737,No Trade
2024-04-16 02:00:00,2383.789,2388.108,2379.624,2386.244,7055,No Trade
2024-04-16 03:00:00,2386.192,2389.43,2384.532,2387.97,5826,No Trade
2024-04-16 04:00:00,2388.003,2388.343,2384.101,2386.148,5749,Sell
2024-04-16 05:00:00,2386.206,2389.12,2385.003,2386.586,5340,No Trade
2024-04-16 06:00:00,2386.32,2388.211,2368.715,2373.132,12447,Sell
2024-04-16 07:00:00,2373.1,2375.318,2363.055,2365.754,9620,Sell
2024-04-16 08:00:00,2365.6,2372.032,2365.207,2369.51,6818,No Trade
2024-04-16 09:00:00,2369.554,2373.307,2367.556,2372.444,6296,No Trade
2024-04-16 10:00:00,2372.489,2375.47,2368.692,2370.226,7424,Sell
2024-04-16 11:00:00,2370.272,2375.368,2369.786,2374.052,6915,No Trade
2024-04-16 12:00:00,2374.056,2378.316,2368.519,2376.286,10600,No Trade
2024-04-16 13:00:00,2376.318,2379.371,2365.29,2366.387,22952,Sell
2024-04-16 14:00:00,2366.417,2383.505,2363.558,2383.047,24853,No Trade
2024-04-16 15:00:00,2383.095,2393.118,2377.943,2386.04,19959,No Trade
2024-04-16 16:00:00,2386.082,2398.38,2385.565,2397.598,12184,Buy
2024-04-16 17:00:00,2397.632,2397.754,2379.813,2384.802,21518,No Trade
2024-04-16 18:00:00,2384.756,2396.548,2383.592,2392.399,15252,No Trade
2024-04-16 19:00:00,2392.376,2395.317,2389.149,2389.783,7450,Sell
2024-04-16 20:00:00,2389.741,2390.381,2378.468,2382.309,4324,Sell
2024-04-16 22:00:00,2382.961,2386.987,2382.607,2384.963,2647,Sell
2024-04-16 23:00:00,2384.959,2386.975,2382.739,2382.943,4454,Sell
2024-04-17 00:00:00,2382.803,2384.796,2380.776,2384.46,5692,Buy
2024-04-17 01:00:00,2384.511,2385.644,2381.371,2384.696,8100,Buy
2024-04-17 02:00:00,2384.698,2386.352,2382.361,2382.438,5138,Sell
2024-04-17 03:00:00,2382.384,2383.768,2380.748,2381.754,4699,Sell
2024-04-17 04:00:00,2381.752,2383.115,2380.337,2382.019,3216,No Trade
2024-04-17 05:00:00,2382.015,2382.151,2374.246,2377.604,6130,Sell
2024-04-17 06:00:00,2377.706,2381.631,2372.709,2381.081,8304,Buy
2024-04-17 07:00:00,2381.038,2383.316,2377.997,2382.596,6412,Buy
2024-04-17 08:00:00,2382.56,2393.718,2382.56,2392.976,7309,Buy
2024-04-17 09:00:00,2393.033,2394.387,2389.893,2392.223,6822,No Trade
2024-04-17 10:00:00,2392.255,2393.95,2385.066,2386.703,6735,Sell
2024-04-17 11:00:00,2386.66,2390.437,2385.87,2387.399,5789,No Trade
2024-04-17 12:00:00,2387.465,2388.089,2378.395,2383.339,10928,Sell
2024-04-17 13:00:00,2383.305,2395.313,2383.012,2393.428,15623,No Trade
2024-04-17 14:00:00,2393.454,2395.68,2386.164,2390.558,14691,Sell
2024-04-17 15:00:00,2390.595,2393.696,2382.022,2382.273,14799,Sell
2024-04-17 16:00:00,2382.319,2384.556,2361.082,2372.448,22260,Sell
2024-04-17 17:00:00,2372.515,2376.075,2368.14,2372.281,13983,No Trade
2024-04-17 18:00:00,2372.313,2379.17,2371.934,2374.487,8969,Sell
2024-04-17 19:00:00,2374.408,2375.196,2367.909,2372.757,7447,No Trade
2024-04-17 20:00:00,2372.704,2373.403,2354.648,2360.991,5874,Sell
2024-04-17 22:00:00,2363.693,2367.731,2363.693,2365.305,2431,Sell
2024-04-17 23:00:00,2365.329,2368.244,2363.697,2367.938,3651,Buy
2024-04-18 00:00:00,2367.937,2370.17,2366.935,2369.84,4552,Buy
2024-04-18 01:00:00,2369.887,2372.097,2364.116,2367.345,7872,Sell
2024-04-18 02:00:00,2367.398,2375.004,2366.753,2373.237,5961,No Trade
2024-04-18 03:00:00,2373.2,2375.437,2372.375,2374.855,4820,No Trade
2024-04-18 04:00:00,2374.848,2376.665,2373.232,2375.178,3557,No Trade
2024-04-18 05:00:00,2375.174,2377.237,2373.851,2376.85,5199,Buy
2024-04-18 06:00:00,2376.827,2380.988,2376.359,2380.684,6390,No Trade
2024-04-18 07:00:00,2380.65,2381.117,2374.997,2377.908,6033,Sell
2024-04-18 08:00:00,2377.941,2380.873,2377.472,2380.046,5694,No Trade
2024-04-18 09:00:00,2380.036,2380.916,2377.818,2379.672,4812,No Trade
2024-04-18 10:00:00,2379.628,2384.124,2377.274,2383.052,5220,No Trade
2024-04-18 11:00:00,2383.022,2385.466,2379.012,2381.018,6114,Sell
2024-04-18 12:00:00,2381.068,2387.624,2380.728,2385.461,12064,No Trade
2024-04-18 13:00:00,2385.481,2392.905,2375.463,2379.739,24822,Sell
2024-04-18 14:00:00,2379.781,2385.097,2369.579,2379.978,19452,No Trade
2024-04-18 15:00:00,2379.931,2385.589,2378.61,2384.206,10819,No Trade
2024-04-18 16:00:00,2384.211,2388.85,2381.567,2387.982,8383,No Trade
2024-04-18 17:00:00,2388.035,2389.415,2382.308,2384.799,7891,Sell
2024-04-18 18:00:00,2384.849,2384.885,2379.604,2381.715,5978,Sell
2024-04-18 19:00:00,2381.742,2385.232,2378.148,2380.331,5373,Sell
2024-04-18 20:00:00,2380.365,2380.566,2376.949,2377.55,2784,Sell
2024-04-18 22:00:00,2378.674,2380.604,2378.236,2379.252,1605,No Trade
2024-04-18 23:00:00,2379.255,2381.569,2379.151,2380.103,2590,Sell
2024-04-19 00:00:00,2379.967,2379.967,2373.812,2379.463,5461,Sell
2024-04-19 01:00:00,2379.516,2417.993,2378.825,2409.472,33999,No Trade
2024-04-19 02:00:00,2409.507,2414.947,2395.49,2400.484,25606,Sell
2024-04-19 03:00:00,2400.496,2402.604,2382.931,2391.447,25684,Sell
2024-04-19 04:00:00,2391.443,2391.524,2379.384,2383.625,11624,Sell
2024-04-19 05:00:00,2383.677,2384.505,2380.367,2381.46,9116,Sell
2024-04-19 06:00:00,2381.51,2391.978,2378.7,2390.069,11583,No Trade
2024-04-19 07:00:00,2390.125,2393.991,2384.661,2385.524,9281,Sell
2024-04-19 08:00:00,2385.469,2386.397,2378.036,2384.356,10343,Buy
2024-04-19 09:00:00,2384.383,2386.221,2379.974,2381.136,7309,Sell
2024-04-19 10:00:00,2381.122,2383.22,2379.305,2381.154,6542,No Trade
2024-04-19 11:00:00,2381.175,2381.394,2372.861,2376.912,10569,Sell
2024-04-19 12:00:00,2376.951,2384.606,2374.585,2381.57,10578,No Trade
2024-04-19 13:00:00,2381.513,2386.934,2373.158,2378.676,16504,No Trade
2024-04-19 14:00:00,2378.726,2392.154,2378.691,2391.165,16454,Buy
2024-04-19 15:00:00,2391.118,2396.111,2389.336,2394.852,11627,No Trade
2024-04-19 16:00:00,2394.853,2399.801,2389.893,2399.718,8602,Buy
2024-04-19 17:00:00,2399.689,2402.073,2392.406,2393.749,8557,No Trade
2024-04-19 18:00:00,2393.801,2398.262,2392.78,2398.262,5649,No Trade
2024-04-19 19:00:00,2398.256,2398.347,2386.689,2387.706,6716,Sell
2024-04-19 20:00:00,2387.753,2391.353,2386.734,2390.777,3709,No Trade
2024-04-21 22:00:00,2384.111,2388.689,2381.969,2383.93,4848,No Trade
2024-04-21 23:00:00,2383.913,2387.929,2383.067,2386.583,4930,No Trade
2024-04-22 00:00:00,2386.606,2386.606,2381.193,2382.238,5900,Sell
2024-04-22 01:00:00,2382.213,2384.328,2376.154,2378.128,9372,Sell
2024-04-22 02:00:00,2378.173,2378.207,2372.658,2372.824,5564,Sell
2024-04-22 03:00:00,2372.783,2372.783,2361.772,2369.425,10079,No Trade
2024-04-22 04:00:00,2369.485,2373.001,2368.819,2369.777,5273,Sell
2024-04-22 05:00:00,2369.776,2370.627,2360.911,2365.592,9678,Sell
2024-04-22 06:00:00,2365.542,2367.11,2351.399,2355.979,11378,No Trade
2024-04-22 07:00:00,2355.929,2361.218,2355.017,2361.083,8518,No Trade
2024-04-22 08:00:00,2361.059,2363.132,2357.948,2359.612,6254,Sell
2024-04-22 09:00:00,2359.572,2363.741,2359.156,2361.285,5903,Sell
2024-04-22 10:00:00,2361.24,2361.533,2356.162,2357.739,5364,Sell
2024-04-22 11:00:00,2357.786,2357.786,2339.481,2342.16,11948,Sell
2024-04-22 12:00:00,2342.142,2350.482,2333.027,2336.91,14893,Sell
2024-04-22 13:00:00,2336.961,2343.838,2331.125,2338.57,22727,No Trade
2024-04-22 14:00:00,2338.509,2343.959,2333.028,2341.31,13310,Buy
2024-04-22 15:00:00,2341.365,2341.951,2332.798,2334.897,9723,Sell
2024-04-22 16:00:00,2334.889,2336.556,2329.008,2329.946,7524,Sell
2024-04-22 17:00:00,2329.943,2334.96,2329.676,2330.106,6515,Sell
2024-04-22 18:00:00,2330.157,2331.088,2324.597,2327.692,5500,Sell
2024-04-22 19:00:00,2327.722,2331.773,2327.438,2329.432,4321,Sell
2024-04-22 20:00:00,2329.391,2330.282,2325.419,2326.598,2494,Sell
2024-04-22 22:00:00,2329.285,2331.535,2326.856,2330.468,2643,Buy
2024-04-22 23:00:00,2330.468,2334.03,2328.18,2333.838,4095,Buy
2024-04-23 00:00:00,2333.816,2333.935,2330.191,2332.689,4585,No Trade
2024-04-23 01:00:00,2332.658,2334.476,2295.6,2299.046,23624,Sell
2024-04-23 02:00:00,2299.076,2314.365,2298.398,2301.971,16893,Sell
2024-04-23 03:00:00,2301.973,2307.34,2300.98,2302.703,8495,Sell
2024-04-23 04:00:00,2302.678,2308.308,2301.809,2305.589,5489,No Trade
2024-04-23 05:00:00,2305.593,2314.893,2304.379,2308.329,8286,Sell
2024-04-23 06:00:00,2308.304,2310.084,2298.954,2302.084,10345,Sell
2024-04-23 07:00:00,2302.041,2311.355,2301.244,2309.151,8921,No Trade
2024-04-23 08:00:00,2309.19,2309.882,2301.956,2303.394,7608,Sell
2024-04-23 09:00:00,2303.331,2303.543,2291.421,2295.768,10884,Sell
2024-04-23 10:00:00,2295.755,2306.319,2295.525,2303.331,6918,No Trade
2024-04-23 11:00:00,2303.311,2303.351,2299.848,2302.234,6549,No Trade
2024-04-23 12:00:00,2302.246,2313.693,2301.374,2311.813,10853,No Trade
2024-04-23 13:00:00,2311.876,2330.788,2309.599,2329.754,22782,Buy
2024-04-23 14:00:00,2329.584,2332.276,2314.516,2320.406,23388,No Trade
2024-04-23 15:00:00,2320.452,2324.612,2315.304,2323.293,11156,Buy
2024-04-23 16:00:00,2323.319,2331.247,2321.802,2330.329,8200,No Trade
2024-04-23 17:00:00,2330.332,2331.453,2325.118,2326.413,7106,Sell
2024-04-23 18:00:00,2326.404,2329.853,2323.682,2324.353,5197,Sell
2024-04-23 19:00:00,2324.347,2325.212,2321.295,2322.301,4110,Sell
2024-04-23 20:00:00,2322.354,2323.375,2321.476,2322.029,2378,Sell
2024-04-23 22:00:00,2322.295,2323.133,2321.312,2321.898,1849,Sell
2024-04-23 23:00:00,2321.88,2324.444,2321.88,2323.31,2720,No Trade
2024-04-24 00:00:00,2323.326,2323.698,2320.793,2320.952,3908,Sell
2024-04-24 01:00:00,2321.006,2323.275,2316.102,2318.315,7721,No Trade
2024-04-24 02:00:00,2318.312,2322.242,2315.843,2321.74,6041,Buy
2024-04-24 03:00:00,2321.752,2328.234,2320.914,2327.941,5507,No Trade
2024-04-24 04:00:00,2327.966,2330.174,2325.278,2326.737,4323,Sell
2024-04-24 05:00:00,2326.747,2329.988,2324.525,2328.918,5003,No Trade
2024-04-24 06:00:00,2328.921,2331.416,2324.283,2326.956,6962,Sell
2024-04-24 07:00:00,2326.905,2326.905,2320.725,2320.808,6410,Sell
2024-04-24 08:00:00,2320.798,2322.01,2316.13,2319.283,5951,No Trade
2024-04-24 09:00:00,2319.324,2319.431,2311.804,2315.101,6995,Sell
2024-04-24 10:00:00,2315.139,2318.612,2314.318,2316.87,4596,No Trade
2024-04-24 11:00:00,2316.895,2317.073,2313.252,2316.274,4831,Buy
2024-04-24 12:00:00,2316.318,2323.593,2312.168,2323.254,11200,No Trade
2024-04-24 13:00:00,2323.228,2326.166,2315.943,2321.343,17964,No Trade
2024-04-24 14:00:00,2321.381,2330.51,2316.986,2329.721,12355,Buy
2024-04-24 15:00:00,2329.762,2337.454,2322.63,2322.693,12076,Sell
2024-04-24 16:00:00,2322.66,2326.507,2321.903,2325.259,7410,No Trade
2024-04-24 17:00:00,2325.217,2330.583,2321.847,2324.491,7280,Sell
2024-04-24 18:00:00,2324.505,2324.754,2318.686,2320.593,5243,Sell
2024-04-24 19:00:00,2320.623,2322.557,2317.885,2319.174,4414,Sell
2024-04-24 20:00:00,2319.204,2319.745,2313.729,2315.886,3495,Sell
2024-04-24 22:00:00,2316.211,2318.609,2315.279,2318.009,1898,No Trade
2024-04-24 23:00:00,2317.998,2318.376,2315.48,2316.319,3415,Sell
2024-04-25 00:00:00,2316.323,2319.52,2315.49,2319.211,3728,No Trade
2024-04-25 01:00:00,2319.218,2320.809,2316.073,2319.252,5162,No Trade
2024-04-25 02:00:00,2319.258,2322.141,2318.951,2319.955,4064,Sell
2024-04-25 03:00:00,2319.954,2320.771,2304.961,2313.277,8795,Sell
2024-04-25 04:00:00,2313.327,2315.99,2312.461,2315.416,3400,No Trade
2024-04-25 05:00:00,2315.453,2320.896,2314.558,2319.582,5104,No Trade
2024-04-25 06:00:00,2319.641,2323.692,2317.842,2322.74,6225,No Trade
2024-04-25 07:00:00,2322.707,2326.224,2320.335,2325.721,5127,Buy
2024-04-25 08:00:00,2325.749,2328.946,2324.944,2326.969,5335,No Trade
2024-04-25 09:00:00,2326.949,2327.672,2324.192,2324.993,4329,Sell
2024-04-25 10:00:00,2324.978,2328.799,2324.345,2328.18,4166,No Trade
2024-04-25 11:00:00,2328.144,2330.721,2326.774,2328.605,4700,No Trade
2024-04-25 12:00:00,2328.602,2334.868,2323.342,2330.817,16636,No Trade
2024-04-25 13:00:00,2330.866,2331.31,2312.816,2319.071,28673,Sell
2024-04-25 14:00:00,2319.099,2344.972,2317.025,2333.989,24358,Sell
2024-04-25 15:00:00,2333.957,2336.781,2327.179,2330.575,13318,Sell
2024-04-25 16:00:00,2330.607,2332.57,2323.068,2328.839,7742,No Trade
2024-04-25 17:00:00,2328.884,2332.312,2326.296,2332.3,6296,Buy
2024-04-25 18:00:00,2332.342,2335.152,2330.692,2333.157,5274,No Trade
2024-04-25 19:00:00,2333.103,2336.514,2331.686,2332.987,4334,No Trade
2024-04-25 20:00:00,2333.032,2333.837,2330.928,2332.026,2703,Sell
2024-04-25 22:00:00,2332.248,2333.371,2331.603,2332.676,1840,No Trade
2024-04-25 23:00:00,2332.631,2332.716,2330.122,2330.721,2682,Sell
2024-04-26 00:00:00,2330.717,2331.504,2328.802,2329.917,2898,Sell
2024-04-26 01:00:00,2329.922,2333.33,2326.319,2332.182,5790,Buy
2024-04-26 02:00:00,2332.172,2336.362,2331.197,2333.937,4952,No Trade
2024-04-26 03:00:00,2333.929,2335.039,2332.281,2334.734,4416,Buy
2024-04-26 04:00:00,2334.734,2338.455,2333.525,2335.974,3995,No Trade
2024-04-26 05:00:00,2335.965,2338.65,2334.046,2337.896,4411,Buy
2024-04-26 06:00:00,2337.852,2343.201,2337.421,2341.129,6258,No Trade
2024-04-26 07:00:00,2341.064,2347.419,2338.219,2345.603,6849,No Trade
2024-04-26 08:00:00,2345.607,2350.475,2344.201,2347.132,9924,No Trade
2024-04-26 09:00:00,2347.139,2352.655,2346.834,2349.417,5274,Sell
2024-04-26 10:00:00,2349.435,2350.44,2345.797,2348.232,4578,No Trade
2024-04-26 11:00:00,2348.178,2348.726,2343.452,2345.001,4802,Sell
2024-04-26 12:00:00,2344.98,2351.694,2340.591,2344.769,12334,No Trade
2024-04-26 13:00:00,2344.82,2350.481,2336.932,2341.474,16413,Sell
2024-04-26 14:00:00,2341.406,2345.355,2328.769,2333.648,15256,Sell
2024-04-26 15:00:00,2333.688,2337.766,2331.299,2336.732,10352,Buy
2024-04-26 16:00:00,2336.787,2339.051,2333.136,2333.703,6368,Sell
2024-04-26 17:00:00,2333.673,2340.428,2332.688,2338.55,5370,No Trade
2024-04-26 18:00:00,2338.583,2341.511,2337.826,2340.951,4057,No Trade
2024-04-26 19:00:00,2340.914,2340.992,2336.204,2339.995,4077,Buy
2024-04-26 20:00:00,2340.046,2340.212,2336.421,2337.892,3452,No Trade
2024-04-28 22:00:00,2333.984,2336.197,2332.573,2334.833,3492,No Trade
2024-04-28 23:00:00,2334.778,2336.929,2334.396,2336.085,2901,No Trade
2024-04-29 00:00:00,2336.037,2336.431,2330.684,2332.159,3891,Sell
2024-04-29 01:00:00,2332.122,2332.122,2319.902,2331.085,12902,Buy
2024-04-29 02:00:00,2331.077,2331.618,2324.146,2324.382,5636,Sell
2024-04-29 03:00:00,2324.438,2329.561,2323.676,2328.532,4656,No Trade
2024-04-29 04:00:00,2328.543,2333.321,2327.458,2332.663,10455,No Trade
2024-04-29 05:00:00,2332.693,2336.602,2329.423,2330.657,6419,Sell
2024-04-29 06:00:00,2330.651,2333.614,2327.564,2329.295,6012,Sell
2024-04-29 07:00:00,2329.24,2338.005,2329.136,2337.417,9750,Buy
2024-04-29 08:00:00,2337.339,2341.355,2336.252,2338.187,5855,No Trade
2024-04-29 09:00:00,2338.077,2344.456,2336.768,2343.264,5386,No Trade
2024-04-29 10:00:00,2343.26,2344.23,2339.961,2341.274,4576,Sell
2024-04-29 11:00:00,2341.27,2342.998,2335.478,2337.158,4827,Sell
2024-04-29 12:00:00,2337.128,2337.667,2328.373,2331.969,7070,Sell
2024-04-29 13:00:00,2331.925,2336.609,2325.686,2334.069,12085,Buy
2024-04-29 14:00:00,2334.02,2339.61,2333.98,2337.868,10050,No Trade
2024-04-29 15:00:00,2337.899,2339.051,2332.854,2337.883,7158,Buy
2024-04-29 16:00:00,2337.9,2346.806,2337.403,2342.948,9967,No Trade
2024-04-29 17:00:00,2342.986,2346.739,2339.875,2342.235,6810,No Trade
2024-04-29 18:00:00,2342.23,2343.931,2337.596,2341.357,5509,No Trade
2024-04-29 19:00:00,2341.299,2341.299,2333.074,2335.728,7187,Sell
2024-04-29 20:00:00,2335.777,2337.208,2335.281,2335.3,2437,Sell
2024-04-29 22:00:00,2334.791,2336.357,2334.006,2334.97,1742,No Trade
2024-04-29 23:00:00,2334.965,2335.062,2332.735,2333.273,2987,Sell
2024-04-30 00:00:00,2333.278,2334.89,2331.779,2334.016,4156,No Trade
2024-04-30 01:00:00,2333.985,2336.213,2332.515,2334.075,5959,No Trade
2024-04-30 02:00:00,2334.121,2334.535,2326.925,2331.404,5648,No Trade
2024-04-30 03:00:00,2331.362,2331.748,2328.638,2329.29,4277,Sell
2024-04-30 04:00:00,2329.327,2329.568,2325.026,2326.542,3580,Sell
2024-04-30 05:00:00,2326.535,2327.131,2321.869,2323.061,5362,Sell
2024-04-30 06:00:00,2323.056,2323.668,2318.887,2322.469,6585,Buy
2024-04-30 07:00:00,2322.533,2322.749,2315.384,2317.632,5848,Sell
2024-04-30 08:00:00,2317.617,2318.555,2310.763,2312.979,5702,Sell
2024-04-30 09:00:00,2312.971,2317.523,2312.373,2314.878,5286,Sell
2024-04-30 10:00:00,2314.885,2318.067,2314.283,2315.581,4500,Sell
2024-04-30 11:00:00,2315.513,2315.657,2309.549,2312.807,5501,No Trade
2024-04-30 12:00:00,2312.757,2313.466,2304.69,2306.155,12178,Sell
2024-04-30 13:00:00,2306.133,2313.382,2302.896,2307.584,14847,No Trade
2024-04-30 14:00:00,2307.498,2310.739,2293.193,2293.193,18840,Sell
2024-04-30 15:00:00,2293.239,2300.569,2293.239,2295.934,11857,Sell
2024-04-30 16:00:00,2295.898,2299.405,2294.536,2294.81,7399,Sell
2024-04-30 17:00:00,2294.808,2297.301,2291.656,2296.067,7138,Buy
2024-04-30 18:00:00,2296.011,2297.595,2289.924,2290.181,5199,Sell
2024-04-30 19:00:00,2290.228,2294.955,2289.403,2290.937,5962,Sell
2024-04-30 20:00:00,2290.89,2293.567,2285.067,2285.428,5035,Sell
2024-04-30 22:00:00,2287.569,2291.878,2287.236,2291.309,2416,Buy
2024-04-30 23:00:00,2291.311,2293.386,2289.998,2291.344,3203,No Trade
2024-05-01 00:00:00,2291.356,2292.969,2285.774,2287.006,4722,Sell
2024-05-01 01:00:00,2286.999,2289.619,2286.112,2288.05,4519,No Trade
2024-05-01 02:00:00,2288.075,2288.757,2286.847,2288.087,3181,No Trade
2024-05-01 03:00:00,2288.079,2288.47,2283.049,2284.153,3470,Sell
2024-05-01 04:00:00,2284.114,2285.571,2281.644,2283.338,3567,No Trade
2024-05-01 05:00:00,2283.289,2288.542,2282.643,2287.572,3719,No Trade
2024-05-01 06:00:00,2287.53,2289.844,2286.519,2286.967,4176,Sell
2024-05-01 07:00:00,2286.98,2288.057,2283.584,2285.885,4455,No Trade
2024-05-01 08:00:00,2285.835,2286.888,2283.899,2286.289,4389,Buy
2024-05-01 09:00:00,2286.344,2293.187,2285.772,2291.991,4993,No Trade
2024-05-01 10:00:00,2291.973,2294.439,2289.2,2293.217,4804,Buy
2024-05-01 11:00:00,2293.227,2297.193,2291.466,2294.638,4724,No Trade
2024-05-01 12:00:00,2294.589,2300.128,2294.192,2298.291,9108,No Trade
2024-05-01 13:00:00,2298.351,2303.57,2295.23,2303.119,10038,Buy
2024-05-01 14:00:00,2303.14,2310.531,2297.462,2304.482,16924,No Trade
2024-05-01 15:00:00,2304.531,2310.569,2302.584,2307.356,9028,No Trade
2024-05-01 16:00:00,2307.391,2307.453,2301.918,2303.832,6467,Sell
2024-05-01 17:00:00,2303.873,2305.054,2297.692,2299.927,6443,Sell
2024-05-01 18:00:00,2299.875,2328.388,2295.925,2325.395,34987,No Trade
2024-05-01 19:00:00,2325.339,2327.966,2309.824,2309.824,17157,Sell
2024-05-01 20:00:00,2309.857,2320.678,2307.095,2317.802,10495,No Trade
2024-05-01 22:00:00,2319.799,2323.279,2317.842,2320.855,2787,No Trade
2024-05-01 23:00:00,2320.951,2324.933,2320.849,2323.909,3962,No Trade
2024-05-02 00:00:00,2323.948,2326.095,2323.018,2324.555,4347,No Trade
2024-05-02 01:00:00,2324.511,2326.57,2321.846,2324.216,4599,No Trade
2024-05-02 02:00:00,2324.189,2325.669,2318.842,2320.297,4597,Sell
2024-05-02 03:00:00,2320.286,2320.851,2317.377,2319.597,4388,No Trade
2024-05-02 04:00:00,2319.597,2321.086,2318.143,2318.286,3203,Sell
2024-05-02 05:00:00,2318.289,2318.571,2313.105,2315.014,4867,Sell
2024-05-02 06:00:00,2315.083,2319.157,2312.57,2313.765,6408,Sell
2024-05-02 07:00:00,2313.713,2315.154,2308.24,2309.362,6659,Sell
2024-05-02 08:00:00,2309.392,2311.164,2303.099,2304.147,6028,Sell
2024-05-02 09:00:00,2304.174,2305.48,2298.896,2301.899,5483,No Trade
2024-05-02 10:00:00,2301.848,2301.948,2295.24,2299.327,6587,No Trade
2024-05-02 11:00:00,2299.382,2303.069,2297.613,2299.108,5827,No Trade
2024-05-02 12:00:00,2299.056,2304.562,2293.574,2294.565,10313,Sell
2024-05-02 13:00:00,2294.623,2295.869,2285.492,2291.687,16008,No Trade
2024-05-02 14:00:00,2291.683,2304.98,2287.75,2304.036,16633,No Trade
2024-05-02 15:00:00,2304.088,2307.012,2297.394,2300.029,11245,Sell
2024-05-02 16:00:00,2300.04,2303.935,2298.01,2299.76,6886,No Trade
2024-05-02 17:00:00,2299.767,2308.621,2299.399,2308.123,6123,Buy
2024-05-02 18:00:00,2308.112,2309.572,2305.126,2308.09,4887,No Trade
2024-05-02 19:00:00,2308.129,2308.129,2301.677,2303.017,4988,Sell
2024-05-02 20:00:00,2302.977,2304.23,2300.673,2304.006,3097,Buy
2024-05-02 22:00:00,2303.929,2305.719,2303.744,2303.821,1832,Sell
2024-05-02 23:00:00,2303.832,2304.647,2302.457,2304.347,2737,Buy
2024-05-03 00:00:00,2304.343,2304.918,2300.288,2304.006,3970,Buy
2024-05-03 01:00:00,2303.999,2306.488,2301.932,2302.677,4704,Sell
2024-05-03 02:00:00,2302.607,2303.144,2299.973,2301.203,4523,Sell
2024-05-03 03:00:00,2301.163,2302.528,2300.597,2302.508,3026,Buy
2024-05-03 04:00:00,2302.58,2308.115,2302.192,2307.471,3731,No Trade
2024-05-03 05:00:00,2307.522,2308.89,2305.877,2306.244,3529,Sell
2024-05-03 06:00:00,2306.247,2306.545,2298.351,2298.573,5481,Sell
2024-05-03 07:00:00,2298.614,2301.506,2297.819,2299.315,5911,No Trade
2024-05-03 08:00:00,2299.27,2302.719,2298.424,2301.403,5207,No Trade
2024-05-03 09:00:00,2301.352,2303.272,2299.498,2301.531,4536,No Trade
2024-05-03 10:00:00,2301.557,2301.833,2297.972,2299.146,4373,Sell
2024-05-03 11:00:00,2299.189,2299.941,2296.303,2298.38,4824,No Trade
2024-05-03 12:00:00,2298.376,2320.877,2294.698,2304.866,20524,Sell
2024-05-03 13:00:00,2304.781,2309.042,2277.169,2290.422,31854,Sell
2024-05-03 14:00:00,2290.508,2302.914,2283.261,2291.217,28933,No Trade
2024-05-03 15:00:00,2291.263,2299.069,2289.73,2293.829,11352,Sell
2024-05-03 16:00:00,2293.875,2300.338,2292.887,2299.283,7039,No Trade
2024-05-03 17:00:00,2299.242,2303.186,2296.436,2302.131,5551,No Trade
2024-05-03 18:00:00,2302.171,2302.999,2297.479,2299.377,4390,Sell
2024-05-03 19:00:00,2299.353,2301.594,2296.059,2301.465,4820,Buy
2024-05-03 20:00:00,2301.463,2303.518,2300.733,2301.727,3119,No Trade
2024-05-05 22:00:00,2302.421,2303.388,2300.883,2301.886,2382,No Trade
2024-05-05 23:00:00,2301.868,2303.034,2293.365,2294.068,4847,Sell
2024-05-06 00:00:00,2294.029,2298.13,2291.874,2296.071,5531,No Trade
2024-05-06 01:00:00,2296.126,2309.245,2295.839,2308.377,13089,Buy
2024-05-06 02:00:00,2308.428,2315.494,2307.597,2311.269,7492,No Trade
2024-05-06 03:00:00,2311.213,2312.052,2308.448,2309.422,4611,Sell
2024-05-06 04:00:00,2309.467,2311.895,2308.208,2309.291,3409,Sell
2024-05-06 05:00:00,2309.262,2314.05,2308.777,2313.536,6007,No Trade
2024-05-06 06:00:00,2313.488,2314.889,2311.829,2314.245,5728,Buy
2024-05-06 07:00:00,2314.219,2324.235,2312.435,2322.746,6912,No Trade
2024-05-06 08:00:00,2322.743,2323.182,2317.378,2318.402,5515,Sell
2024-05-06 09:00:00,2318.406,2322.135,2315.679,2321.262,5064,Buy
2024-05-06 10:00:00,2321.211,2322.166,2318.807,2319.376,4745,Sell
2024-05-06 11:00:00,2319.407,2322.523,2316.041,2318.289,4822,No Trade
2024-05-06 12:00:00,2318.232,2330.385,2314.606,2323.391,10302,No Trade
2024-05-06 13:00:00,2323.361,2332.191,2321.694,2327.958,14742,Sell
2024-05-06 14:00:00,2328.002,2330.658,2319.012,2321.165,12445,Sell
2024-05-06 15:00:00,2321.102,2325.58,2319.572,2324.874,6258,No Trade
2024-05-06 16:00:00,2324.831,2327.558,2317.759,2325.669,9234,Buy
2024-05-06 17:00:00,2325.687,2326.282,2321.064,2324.718,6113,No Trade
2024-05-06 18:00:00,2324.756,2326.633,2324.397,2326.345,3925,No Trade
2024-05-06 19:00:00,2326.4,2327.274,2323.621,2325.131,4008,Sell
2024-05-06 20:00:00,2325.093,2328.92,2323.675,2324.042,3572,Sell
2024-05-06 22:00:00,2325.093,2326.897,2324.403,2326.75,2005,Buy
2024-05-06 23:00:00,2326.697,2326.998,2322.286,2326.043,3159,No Trade
2024-05-07 00:00:00,2326.055,2329.582,2325.602,2329.296,4423,No Trade
2024-05-07 01:00:00,2329.34,2330.025,2322.54,2322.871,6715,Sell
2024-05-07 02:00:00,2322.889,2324.432,2319.704,2321.678,5410,Sell
2024-05-07 03:00:00,2321.651,2325.187,2321.263,2324.957,3936,No Trade
2024-05-07 04:00:00,2324.985,2325.175,2321.424,2322.737,4044,Sell
2024-05-07 05:00:00,2322.742,2323.363,2320.345,2321.6,4789,Sell
2024-05-07 06:00:00,2321.599,2321.599,2318.431,2320.489,5008,No Trade
2024-05-07 07:00:00,2320.538,2322.1,2317.779,2319.304,5209,Sell
2024-05-07 08:00:00,2319.354,2319.941,2311.741,2315.775,5615,Sell
2024-05-07 09:00:00,2315.728,2317.311,2312.768,2313.838,4760,Sell
2024-05-07 10:00:00,2313.846,2316.002,2312.271,2315.41,4500,Buy
2024-05-07 11:00:00,2315.451,2316.632,2312.18,2312.448,4562,Sell
2024-05-07 12:00:00,2312.443,2317.447,2310.0,2316.094,7564,No Trade
2024-05-07 13:00:00,2316.054,2323.819,2315.391,2318.637,11037,Sell
2024-05-07 14:00:00,2318.638,2322.494,2312.426,2314.277,8001,Sell
2024-05-07 15:00:00,2314.315,2319.198,2312.831,2314.803,7684,No Trade
2024-05-07 16:00:00,2314.854,2316.214,2312.497,2312.607,4891,Sell
2024-05-07 17:00:00,2312.657,2317.565,2311.133,2314.433,4948,No Trade
2024-05-07 18:00:00,2314.383,2315.413,2313.031,2314.515,3938,No Trade
2024-05-07 19:00:00,2314.556,2315.672,2311.892,2314.718,3948,No Trade
2024-05-07 20:00:00,2314.734,2315.601,2312.805,2314.115,2404,No Trade
2024-05-07 22:00:00,2314.325,2316.757,2314.081,2314.606,1651,Sell
2024-05-07 23:00:00,2314.607,2316.436,2314.277,2315.219,1950,Sell
2024-05-08 00:00:00,2315.267,2316.372,2313.846,2314.295,3977,Sell
2024-05-08 01:00:00,2314.293,2314.562,2306.885,2307.968,6123,No Trade
2024-05-08 02:00:00,2307.93,2317.565,2307.392,2317.182,6011,Buy
2024-05-08 03:00:00,2317.187,2318.284,2315.485,2317.101,4391,No Trade
2024-05-08 04:00:00,2317.1,2319.396,2316.894,2319.328,3384,Buy
2024-05-08 05:00:00,2319.322,2321.436,2317.749,2317.811,3969,Sell
2024-05-08 06:00:00,2317.809,2319.048,2313.659,2314.793,5312,Sell
2024-05-08 07:00:00,2314.744,2315.019,2305.394,2305.827,6027,Sell
2024-05-08 08:00:00,2305.791,2309.357,2303.684,2307.397,6754,No Trade
2024-05-08 09:00:00,2307.395,2311.493,2307.018,2310.863,4901,No Trade
2024-05-08 10:00:00,2310.907,2317.203,2310.758,2315.629,5053,No Trade
2024-05-08 11:00:00,2315.616,2318.197,2312.99,2314.773,5724,No Trade
2024-05-08 12:00:00,2314.746,2319.164,2313.438,2314.586,8452,No Trade
2024-05-08 13:00:00,2314.562,2316.319,2306.821,2310.106,14859,Sell
2024-05-08 14:00:00,2310.163,2317.829,2309.109,2315.568,8512,No Trade
2024-05-08 15:00:00,2315.565,2320.491,2312.744,2320.491,7352,Buy
2024-05-08 16:00:00,2320.522,2321.195,2315.917,2317.077,5181,Sell
2024-05-08 17:00:00,2317.092,2317.583,2313.765,2313.961,4490,Sell
2024-05-08 18:00:00,2313.931,2314.0,2311.504,2312.733,3480,Sell
2024-05-08 19:00:00,2312.781,2312.911,2307.96,2308.274,3910,Sell
2024-05-08 20:00:00,2308.331,2309.687,2307.912,2308.868,2633,No Trade
2024-05-08 22:00:00,2308.662,2310.921,2308.513,2309.736,1658,Sell
2024-05-08 23:00:00,2309.766,2310.087,2308.011,2308.84,2280,Sell
2024-05-09 00:00:00,2308.833,2310.635,2307.862,2309.411,3272,No Trade
2024-05-09 01:00:00,2309.481,2312.316,2308.873,2310.044,4524,No Trade
2024-05-09 02:00:00,2309.998,2311.706,2307.952,2310.45,4167,No Trade
2024-05-09 03:00:00,2310.426,2313.096,2309.423,2312.374,3621,No Trade
2024-05-09 04:00:00,2312.373,2315.389,2311.945,2314.608,3681,No Trade
2024-05-09 05:00:00,2314.612,2319.835,2314.541,2316.609,5336,Sell
2024-05-09 06:00:00,2316.569,2317.152,2313.796,2314.317,4783,Sell
2024-05-09 07:00:00,2314.373,2315.065,2307.506,2309.403,5367,Sell
2024-05-09 08:00:00,2309.368,2313.453,2309.095,2310.512,5067,Sell
2024-05-09 09:00:00,2310.452,2312.04,2306.555,2307.735,4183,Sell
2024-05-09 10:00:00,2307.701,2312.957,2307.384,2311.896,4628,No Trade
2024-05-09 11:00:00,2311.868,2316.766,2311.108,2316.018,4890,No Trade
2024-05-09 12:00:00,2316.015,2329.516,2314.685,2326.748,10006,No Trade
2024-05-09 13:00:00,2326.791,2326.791,2312.172,2324.467,16690,Buy
2024-05-09 14:00:00,2324.417,2339.03,2323.342,2333.36,15549,No Trade
2024-05-09 15:00:00,2333.412,2337.725,2328.21,2330.497,7862,Sell
2024-05-09 16:00:00,2330.532,2334.066,2329.603,2329.821,5085,Sell
2024-05-09 17:00:00,2329.846,2335.085,2329.193,2334.86,5236,No Trade
2024-05-09 18:00:00,2334.861,2337.752,2333.921,2337.591,3797,No Trade
2024-05-09 19:00:00,2337.637,2344.098,2335.66,2343.85,5556,No Trade
2024-05-09 20:00:00,2343.797,2347.286,2343.216,2345.537,4463,No Trade
2024-05-09 22:00:00,2346.251,2347.522,2345.13,2346.247,1869,No Trade
2024-05-09 23:00:00,2346.249,2348.425,2345.946,2346.617,2528,Sell
2024-05-10 00:00:00,2346.66,2349.166,2346.025,2347.664,3828,No Trade
2024-05-10 01:00:00,2347.712,2355.914,2347.453,2350.455,9640,Sell
2024-05-10 02:00:00,2350.398,2351.916,2347.216,2349.533,5524,No Trade
2024-05-10 03:00:00,2349.538,2354.118,2349.161,2353.425,4534,No Trade
2024-05-10 04:00:00,2353.483,2354.621,2351.27,2354.013,3296,Buy
2024-05-10 05:00:00,2354.008,2358.89,2353.779,2357.233,5515,No Trade
2024-05-10 06:00:00,2357.159,2369.144,2356.105,2368.497,8374,Buy
2024-05-10 07:00:00,2368.456,2370.502,2364.799,2366.8,7230,Sell
2024-05-10 08:00:00,2366.833,2372.299,2365.931,2369.626,5966,No Trade
2024-05-10 09:00:00,2369.671,2375.546,2369.671,2372.569,6394,Sell
2024-05-10 10:00:00,2372.582,2378.609,2371.697,2374.815,5768,No Trade
2024-05-10 11:00:00,2374.817,2375.794,2371.153,2372.226,5941,No Trade
2024-05-10 12:00:00,2372.23,2375.852,2361.754,2364.932,11473,Sell
2024-05-10 13:00:00,2364.946,2372.136,2360.211,2367.86,15189,No Trade
2024-05-10 14:00:00,2367.808,2373.099,2357.837,2360.704,15118,Sell
2024-05-10 15:00:00,2360.672,2366.485,2356.636,2364.904,9291,No Trade
2024-05-10 16:00:00,2364.879,2370.07,2361.763,2368.332,6411,No Trade
2024-05-10 17:00:00,2368.385,2370.155,2366.908,2369.605,5724,No Trade
2024-05-10 18:00:00,2369.655,2371.061,2366.684,2367.419,3971,Sell
2024-05-10 19:00:00,2367.376,2367.58,2362.28,2363.415,4476,Sell
2024-05-10 20:00:00,2363.466,2365.147,2359.795,2360.549,2981,Sell
2024-05-12 22:00:00,2361.501,2363.188,2360.137,2361.621,2605,No Trade
2024-05-12 23:00:00,2361.614,2362.679,2359.822,2360.511,2684,Sell
2024-05-13 00:00:00,2360.547,2364.588,2359.967,2364.106,3736,No Trade
2024-05-13 01:00:00,2364.082,2364.23,2354.874,2359.235,7365,Sell
2024-05-13 02:00:00,2359.244,2359.961,2357.699,2359.046,4559,No Trade
2024-05-13 03:00:00,2359.089,2359.437,2356.33,2357.17,4061,Sell
2024-05-13 04:00:00,2357.17,2357.17,2354.11,2354.404,3307,Sell
2024-05-13 05:00:00,2354.379,2355.164,2351.272,2352.638,4474,Sell
2024-05-13 06:00:00,2352.698,2354.512,2347.451,2349.679,5962,Sell
2024-05-13 07:00:00,2349.666,2351.398,2346.537,2348.67,5197,No Trade
2024-05-13 08:00:00,2348.623,2350.436,2341.679,2343.337,5744,Sell
2024-05-13 09:00:00,2343.405,2344.447,2339.129,2340.213,5373,Sell
2024-05-13 10:00:00,2340.171,2344.159,2339.346,2343.378,5182,No Trade
2024-05-13 11:00:00,2343.37,2346.729,2338.464,2344.64,6894,Buy
2024-05-13 12:00:00,2344.576,2349.877,2343.703,2347.162,9543,No Trade
2024-05-13 13:00:00,2347.106,2349.448,2340.401,2344.168,11226,No Trade
2024-05-13 14:00:00,2344.112,2346.058,2340.836,2343.729,11377,No Trade
2024-05-13 15:00:00,2343.792,2343.792,2332.129,2335.966,11090,Sell
2024-05-13 16:00:00,2335.984,2337.894,2334.74,2336.734,5972,No Trade
2024-05-13 17:00:00,2336.781,2338.263,2334.524,2336.077,4876,No Trade
2024-05-13 18:00:00,2336.097,2338.007,2335.845,2337.342,3865,No Trade
2024-05-13 19:00:00,2337.39,2338.59,2335.937,2337.434,3506,No Trade
2024-05-13 20:00:00,2337.475,2337.618,2335.32,2336.106,2032,Sell
2024-05-13 22:00:00,2336.659,2338.469,2336.535,2337.592,1369,No Trade
2024-05-13 23:00:00,2337.597,2339.398,2337.51,2338.508,2166,Sell
2024-05-14 00:00:00,2338.49,2339.711,2334.834,2336.501,3339,Sell
2024-05-14 01:00:00,2336.442,2342.172,2336.442,2342.04,5642,Buy
2024-05-14 02:00:00,2342.074,2344.531,2340.194,2340.538,4785,Sell
2024-05-14 03:00:00,2340.575,2343.679,2340.051,2343.159,3622,No Trade
2024-05-14 04:00:00,2343.177,2344.965,2342.642,2344.082,3076,No Trade
2024-05-14 05:00:00,2344.114,2346.026,2342.723,2344.836,4619,No Trade
2024-05-14 06:00:00,2344.779,2345.308,2336.932,2338.265,5939,Sell
2024-05-14 07:00:00,2338.215,2339.829,2336.181,2339.251,4902,Buy
2024-05-14 08:00:00,2339.211,2344.058,2337.812,2343.843,4975,Buy
2024-05-14 09:00:00,2343.842,2348.305,2343.75,2345.945,5304,Sell
2024-05-14 10:00:00,2345.94,2347.627,2342.719,2345.732,4796,No Trade
2024-05-14 11:00:00,2345.716,2346.365,2342.521,2343.685,4681,No Trade
2024-05-14 12:00:00,2343.714,2350.381,2336.619,2348.292,13077,No Trade
2024-05-14 13:00:00,2348.299,2355.301,2344.957,2353.963,13825,No Trade
2024-05-14 14:00:00,2353.91,2357.171,2348.146,2353.161,14049,No Trade
2024-05-14 15:00:00,2353.119,2353.988,2347.296,2348.025,8311,Sell
2024-05-14 16:00:00,2347.981,2355.65,2346.391,2354.294,7200,No Trade
2024-05-14 17:00:00,2354.243,2356.66,2352.031,2355.942,5011,Buy
2024-05-14 18:00:00,2355.896,2359.715,2355.756,2357.729,4174,Sell
2024-05-14 19:00:00,2357.729,2358.055,2355.065,2356.586,4140,No Trade
2024-05-14 20:00:00,2356.62,2358.483,2356.149,2358.347,2139,No Trade
2024-05-14 22:00:00,2357.265,2357.96,2356.249,2357.529,1492,No Trade
2024-05-14 23:00:00,2357.459,2357.629,2355.147,2355.872,2431,No Trade
2024-05-15 00:00:00,2355.871,2356.966,2354.94,2355.905,3297,No Trade
2024-05-15 01:00:00,2355.923,2359.116,2354.973,2357.552,5376,No Trade
2024-05-15 02:00:00,2357.607,2359.205,2356.666,2358.692,3980,No Trade
2024-05-15 03:00:00,2358.68,2361.111,2357.806,2360.373,3906,Sell
2024-05-15 04:00:00,2360.396,2360.956,2356.22,2357.055,3762,Sell
2024-05-15 05:00:00,2357.047,2359.136,2355.742,2358.625,4141,No Trade
2024-05-15 06:00:00,2358.629,2359.779,2356.93,2358.821,5212,No Trade
2024-05-15 07:00:00,2358.817,2365.3,2358.525,2362.501,5606,Sell
2024-05-15 08:00:00,2362.54,2374.413,2362.483,2373.173,6580,No Trade
2024-05-15 09:00:00,2373.231,2374.352,2368.295,2369.32,5209,Sell
2024-05-15 10:00:00,2369.368,2370.946,2365.314,2365.979,4555,Sell
2024-05-15 11:00:00,2365.936,2366.915,2362.08,2362.842,5190,Sell
2024-05-15 12:00:00,2362.843,2379.095,2358.434,2372.713,19873,No Trade
2024-05-15 13:00:00,2372.689,2375.55,2351.846,2358.205,20902,Sell
2024-05-15 14:00:00,2358.151,2373.878,2353.876,2373.878,14388,No Trade
2024-05-15 15:00:00,2373.87,2385.821,2373.077,2377.651,12681,Sell
2024-05-15 16:00:00,2377.691,2386.876,2377.147,2383.788,8567,No Trade
2024-05-15 17:00:00,2383.821,2390.395,2383.557,2389.308,6539,No Trade
2024-05-15 18:00:00,2389.305,2389.481,2383.663,2385.6,5094,Sell
2024-05-15 19:00:00,2385.548,2387.553,2383.907,2386.413,4677,No Trade
2024-05-15 20:00:00,2386.383,2388.81,2385.96,2386.55,3299,No Trade
2024-05-15 22:00:00,2385.6,2389.661,2385.496,2388.976,2251,No Trade
2024-05-15 23:00:00,2388.92,2392.01,2388.92,2391.869,3789,Buy
2024-05-16 00:00:00,2391.864,2395.175,2390.317,2395.009,5022,No Trade
2024-05-16 01:00:00,2395.01,2397.455,2389.621,2391.65,8767,Sell
2024-05-16 02:00:00,2391.618,2391.907,2386.646,2387.643,7276,Sell
2024-05-16 03:00:00,2387.59,2390.827,2386.68,2388.708,4762,No Trade
2024-05-16 04:00:00,2388.736,2392.27,2387.102,2391.357,4112,No Trade
2024-05-16 05:00:00,2391.377,2394.599,2390.212,2390.259,5080,Sell
2024-05-16 06:00:00,2390.315,2390.513,2386.489,2387.197,5838,Sell
2024-05-16 07:00:00,2387.233,2391.284,2384.706,2389.436,6257,No Trade
2024-05-16 08:00:00,2389.413,2391.462,2385.426,2386.177,5435,Sell
2024-05-16 09:00:00,2386.134,2387.872,2383.687,2385.462,5041,No Trade
2024-05-16 10:00:00,2385.467,2385.776,2380.896,2384.886,4680,No Trade
2024-05-16 11:00:00,2384.933,2386.713,2381.585,2384.722,5165,No Trade
2024-05-16 12:00:00,2384.771,2386.437,2377.912,2379.274,12195,Sell
2024-05-16 13:00:00,2379.221,2382.256,2371.722,2375.256,17561,Sell
2024-05-16 14:00:00,2375.198,2379.135,2370.985,2373.371,10211,Sell
2024-05-16 15:00:00,2373.419,2382.435,2373.199,2381.609,7040,Buy
2024-05-16 16:00:00,2381.664,2383.843,2379.233,2381.991,6082,No Trade
2024-05-16 17:00:00,2382.041,2382.554,2379.919,2381.507,4634,No Trade
2024-05-16 18:00:00,2381.478,2382.094,2378.447,2379.757,4103,No Trade
2024-05-16 19:00:00,2379.746,2381.865,2377.804,2378.206,3951,Sell
2024-05-16 20:00:00,2378.253,2378.5,2375.939,2376.707,2512,No Trade
2024-05-16 22:00:00,2377.765,2379.392,2377.496,2378.404,1705,No Trade
2024-05-16 23:00:00,2378.435,2379.764,2377.826,2377.826,2168,Sell
2024-05-17 00:00:00,2377.82,2379.784,2377.573,2378.087,3633,Sell
2024-05-17 01:00:00,2378.096,2378.922,2376.166,2378.255,4948,No Trade
2024-05-17 02:00:00,2378.303,2381.333,2374.031,2375.305,5044,Sell
2024-05-17 03:00:00,2375.338,2377.917,2374.762,2377.903,3655,No Trade
2024-05-17 04:00:00,2377.909,2379.201,2376.682,2378.899,2869,Buy
2024-05-17 05:00:00,2378.91,2382.497,2378.608,2381.424,4882,No Trade
2024-05-17 06:00:00,2381.381,2386.798,2380.963,2386.056,5454,No Trade
2024-05-17 07:00:00,2386.102,2387.864,2382.943,2383.915,5399,Sell
2024-05-17 08:00:00,2383.974,2385.777,2381.399,2384.281,5169,No Trade
2024-05-17 09:00:00,2384.273,2386.668,2381.701,2382.607,4424,Sell
2024-05-17 10:00:00,2382.566,2387.655,2381.882,2387.428,4436,No Trade
2024-05-17 11:00:00,2387.478,2390.231,2385.859,2389.782,4791,Buy
2024-05-17 12:00:00,2389.744,2394.088,2386.898,2393.311,7595,Buy
2024-05-17 13:00:00,2393.348,2405.239,2393.348,2401.748,16918,No Trade
2024-05-17 14:00:00,2401.703,2415.605,2398.851,2413.477,14393,No Trade
2024-05-17 15:00:00,2413.428,2419.274,2403.628,2407.808,13029,Sell
2024-05-17 16:00:00,2407.839,2414.242,2407.742,2407.913,7431,Sell
2024-05-17 17:00:00,2407.875,2414.496,2405.831,2414.327,6674,No Trade
2024-05-17 18:00:00,2414.356,2419.28,2413.385,2417.488,5421,No Trade
2024-05-17 19:00:00,2417.452,2417.899,2411.58,2416.502,6102,Buy
2024-05-17 20:00:00,2416.551,2422.836,2413.518,2414.033,5380,Sell
2024-05-19 22:00:00,2425.302,2425.302,2416.831,2417.834,5566,Sell
2024-05-19 23:00:00,2417.856,2420.661,2417.223,2420.294,4671,No Trade
2024-05-20 00:00:00,2420.306,2426.651,2416.552,2425.422,6457,Buy
2024-05-20 01:00:00,2425.421,2440.747,2425.421,2434.618,19374,No Trade
2024-05-20 02:00:00,2434.675,2437.189,2428.836,2434.111,8405,No Trade
2024-05-20 03:00:00,2434.064,2439.04,2431.001,2437.643,6826,Buy
2024-05-20 04:00:00,2437.643,2439.747,2435.237,2437.383,4916,No Trade
2024-05-20 05:00:00,2437.398,2450.125,2437.029,2449.625,9114,Buy
2024-05-20 06:00:00,2449.661,2449.795,2431.856,2438.776,13491,No Trade
2024-05-20 07:00:00,2438.774,2443.818,2435.591,2442.314,9152,No Trade
2024-05-20 08:00:00,2442.335,2443.769,2436.917,2440.19,6657,No Trade
2024-05-20 09:00:00,2440.145,2447.304,2438.774,2441.706,7255,No Trade
2024-05-20 10:00:00,2441.757,2443.098,2434.676,2436.347,6423,Sell
2024-05-20 11:00:00,2436.379,2437.255,2427.704,2430.704,9330,Sell
2024-05-20 12:00:00,2430.672,2430.997,2407.365,2413.989,20835,Sell
2024-05-20 13:00:00,2413.972,2422.808,2410.455,2420.134,21702,No Trade
2024-05-20 14:00:00,2420.198,2423.795,2414.852,2423.067,12280,Buy
2024-05-20 15:00:00,2423.135,2427.057,2419.475,2424.938,9921,No Trade
2024-05-20 16:00:00,2424.915,2428.169,2422.541,2426.614,6426,No Trade
2024-05-20 17:00:00,2426.635,2436.843,2425.741,2435.37,6712,No Trade
2024-05-20 18:00:00,2435.327,2437.481,2431.952,2435.267,6266,No Trade
2024-05-20 19:00:00,2435.318,2435.393,2426.136,2426.782,6463,Sell
2024-05-20 20:00:00,2426.834,2428.076,2423.379,2425.363,4637,Sell
2024-05-20 22:00:00,2427.587,2430.561,2426.384,2427.319,2286,No Trade
2024-05-20 23:00:00,2427.408,2428.683,2425.206,2426.233,2981,Sell
2024-05-21 00:00:00,2426.235,2430.017,2424.4,2429.01,4585,No Trade
2024-05-21 01:00:00,2429.016,2433.181,2419.667,2420.562,14289,Sell
2024-05-21 02:00:00,2420.508,2422.759,2411.542,2414.018,13556,Sell
2024-05-21 03:00:00,2413.993,2417.303,2406.137,2413.795,8113,No Trade
2024-05-21 04:00:00,2413.785,2416.033,2410.697,2412.447,4983,Sell
2024-05-21 05:00:00,2412.442,2418.154,2412.182,2416.616,5839,No Trade
2024-05-21 06:00:00,2416.664,2417.479,2409.716,2410.731,8059,Sell
2024-05-21 07:00:00,2410.698,2422.294,2408.598,2419.311,8419,No Trade
2024-05-21 08:00:00,2419.367,2420.058,2414.406,2418.795,6628,Buy
2024-05-21 09:00:00,2418.746,2420.29,2412.194,2416.426,6433,No Trade
2024-05-21 10:00:00,2416.401,2420.195,2414.871,2419.909,5290,No Trade
2024-05-21 11:00:00,2419.838,2423.837,2417.376,2423.486,5702,Buy
2024-05-21 12:00:00,2423.511,2430.09,2422.447,2426.305,8694,No Trade
2024-05-21 13:00:00,2426.356,2431.616,2420.525,2427.843,18328,No Trade
2024-05-21 14:00:00,2427.85,2431.806,2425.412,2429.549,11136,No Trade
2024-05-21 15:00:00,2429.602,2434.043,2420.067,2423.51,11923,Sell
2024-05-21 16:00:00,2423.445,2423.789,2418.058,2422.942,8682,Buy
2024-05-21 17:00:00,2422.991,2423.872,2418.601,2420.071,5916,Sell
2024-05-21 18:00:00,2420.02,2420.665,2417.392,2420.387,4513,Buy
2024-05-21 19:00:00,2420.442,2425.1,2419.986,2423.417,4142,No Trade
2024-05-21 20:00:00,2423.405,2423.557,2420.418,2420.847,2380,Sell
2024-05-21 22:00:00,2420.945,2422.268,2420.805,2421.983,1516,No Trade
2024-05-21 23:00:00,2421.99,2422.263,2421.301,2421.754,2310,No Trade
2024-05-22 00:00:00,2421.759,2423.242,2420.404,2420.568,3424,Sell
2024-05-22 01:00:00,2420.609,2423.459,2419.381,2422.001,6418,No Trade
2024-05-22 02:00:00,2422.052,2426.639,2415.975,2417.876,6443,Sell
2024-05-22 03:00:00,2417.825,2419.605,2412.641,2414.263,5926,Sell
2024-05-22 04:00:00,2414.264,2416.273,2412.13,2412.979,4236,Sell
2024-05-22 05:00:00,2412.948,2417.463,2411.468,2417.199,6070,No Trade
2024-05-22 06:00:00,2417.149,2418.124,2413.82,2417.144,6130,Buy
2024-05-22 07:00:00,2417.088,2418.628,2412.379,2417.332,6213,Buy
2024-05-22 08:00:00,2417.299,2417.593,2410.685,2416.927,6129,Buy
2024-05-22 09:00:00,2416.952,2418.118,2414.462,2417.304,5269,No Trade
2024-05-22 10:00:00,2417.351,2419.495,2414.327,2414.802,4585,Sell
2024-05-22 11:00:00,2414.767,2415.375,2404.781,2408.782,7976,Sell
2024-05-22 12:00:00,2408.811,2415.139,2408.811,2412.52,9665,No Trade
2024-05-22 13:00:00,2412.481,2413.412,2405.9,2411.629,13120,No Trade
2024-05-22 14:00:00,2411.599,2411.599,2382.233,2388.668,24094,Sell
2024-05-22 15:00:00,2388.607,2395.45,2386.607,2392.065,11721,No Trade
2024-05-22 16:00:00,2392.022,2395.093,2389.516,2392.085,7423,No Trade
2024-05-22 17:00:00,2392.092,2394.412,2386.837,2388.75,7110,Sell
2024-05-22 18:00:00,2388.583,2390.855,2375.035,2377.864,11813,Sell
2024-05-22 19:00:00,2377.836,2380.169,2376.929,2379.404,6485,No Trade
2024-05-22 20:00:00,2379.365,2380.667,2377.381,2378.656,4053,No Trade
2024-05-22 22:00:00,2378.661,2381.263,2378.475,2380.732,2301,No Trade
2024-05-22 23:00:00,2380.776,2382.807,2380.438,2382.224,3004,No Trade
2024-05-23 00:00:00,2382.255,2383.786,2378.946,2380.408,4511,Sell
2024-05-23 01:00:00,2380.418,2381.949,2366.848,2373.036,13912,Sell
2024-05-23 02:00:00,2373.016,2375.789,2368.25,2369.63,7108,Sell
2024-05-23 03:00:00,2369.579,2372.97,2367.938,2372.538,4753,No Trade
2024-05-23 04:00:00,2372.521,2374.088,2371.538,2372.84,4054,No Trade
2024-05-23 05:00:00,2372.89,2373.208,2358.356,2360.08,8356,Sell
2024-05-23 06:00:00,2360.113,2367.328,2355.014,2364.376,9165,No Trade
2024-05-23 07:00:00,2364.318,2364.826,2355.218,2356.208,9063,Sell
2024-05-23 08:00:00,2356.156,2361.921,2355.173,2360.612,7082,No Trade
2024-05-23 09:00:00,2360.561,2364.386,2358.894,2364.122,6149,No Trade
2024-05-23 10:00:00,2364.169,2367.81,2363.62,2366.389,5444,No Trade
2024-05-23 11:00:00,2366.412,2369.543,2365.684,2368.143,5903,No Trade
2024-05-23 12:00:00,2368.098,2369.433,2360.786,2362.738,9691,Sell
2024-05-23 13:00:00,2362.781,2369.966,2350.709,2358.71,20164,No Trade
2024-05-23 14:00:00,2358.666,2363.973,2341.541,2345.971,25337,Sell
2024-05-23 15:00:00,2346.001,2349.963,2340.414,2346.183,12460,No Trade
2024-05-23 16:00:00,2346.144,2350.244,2340.052,2341.007,8172,No Trade
2024-05-23 17:00:00,2341.021,2343.119,2331.923,2332.336,9597,Sell
2024-05-23 18:00:00,2332.284,2336.434,2331.826,2334.941,7105,No Trade
2024-05-23 19:00:00,2334.898,2334.945,2331.01,2331.68,5083,Sell
2024-05-23 20:00:00,2331.722,2332.849,2326.945,2328.465,3607,Sell
2024-05-23 22:00:00,2328.824,2332.12,2328.65,2331.029,1934,No Trade
2024-05-23 23:00:00,2331.034,2333.713,2330.541,2332.112,2910,Sell
2024-05-24 00:00:00,2332.115,2332.447,2327.514,2329.176,4145,Sell
2024-05-24 01:00:00,2329.126,2335.287,2326.669,2333.884,7885,No Trade
2024-05-24 02:00:00,2333.917,2334.569,2325.451,2330.832,7972,No Trade
2024-05-24 03:00:00,2330.822,2331.666,2328.566,2330.696,4431,No Trade
2024-05-24 04:00:00,2330.689,2335.238,2330.515,2335.125,4043,Buy
2024-05-24 05:00:00,2335.076,2339.348,2333.28,2338.542,5303,Buy
2024-05-24 06:00:00,2338.588,2339.632,2335.335,2338.846,6306,Buy
2024-05-24 07:00:00,2338.802,2340.66,2337.007,2337.831,5452,Sell
2024-05-24 08:00:00,2337.786,2341.121,2336.132,2340.247,5339,Buy
2024-05-24 09:00:00,2340.236,2343.398,2337.54,2337.675,5187,Sell
2024-05-24 10:00:00,2337.679,2344.022,2337.044,2340.349,5342,Sell
2024-05-24 11:00:00,2340.395,2342.127,2337.832,2338.278,4967,Sell
2024-05-24 12:00:00,2338.277,2340.896,2335.877,2339.351,7837,No Trade
2024-05-24 13:00:00,2339.298,2347.485,2336.886,2337.412,10061,Sell
2024-05-24 14:00:00,2337.329,2343.294,2335.507,2338.432,9779,No Trade
2024-05-24 15:00:00,2338.49,2340.335,2332.45,2334.59,7805,Sell
2024-05-24 16:00:00,2334.623,2337.072,2332.887,2334.37,5427,No Trade
2024-05-24 17:00:00,2334.344,2334.601,2331.989,2332.794,4739,Sell
2024-05-24 18:00:00,2332.77,2336.828,2332.586,2334.946,4051,Sell
2024-05-24 19:00:00,2334.948,2334.948,2331.892,2333.866,3780,No Trade
2024-05-24 20:00:00,2333.906,2335.271,2333.408,2333.881,2360,No Trade
2024-05-26 22:00:00,2335.885,2340.696,2332.284,2340.286,3731,Buy
2024-05-26 23:00:00,2340.265,2340.778,2336.641,2337.275,3054,Sell
2024-05-27 00:00:00,2337.286,2337.542,2334.46,2336.297,3722,No Trade
2024-05-27 01:00:00,2336.249,2340.399,2334.623,2339.778,5845,Buy
2024-05-27 02:00:00,2339.774,2346.489,2338.82,2346.158,4717,Buy
2024-05-27 03:00:00,2346.155,2347.7,2343.732,2346.076,4777,No Trade
2024-05-27 04:00:00,2346.073,2346.116,2341.084,2343.013,3670,Sell
2024-05-27 05:00:00,2343.013,2344.325,2340.41,2343.761,4593,Buy
2024-05-27 06:00:00,2343.719,2344.677,2341.337,2341.514,5357,Sell
2024-05-27 07:00:00,2341.525,2341.672,2338.21,2338.661,4469,Sell
2024-05-27 08:00:00,2338.706,2346.245,2338.259,2344.307,5402,No Trade
2024-05-27 09:00:00,2344.338,2345.892,2343.066,2343.388,3866,Sell
2024-05-27 10:00:00,2343.436,2345.892,2342.486,2344.998,4057,No Trade
2024-05-27 11:00:00,2344.996,2346.105,2343.254,2345.131,4875,No Trade
2024-05-27 12:00:00,2345.176,2349.939,2343.775,2347.21,6972,No Trade
2024-05-27 13:00:00,2347.235,2357.107,2344.719,2354.986,10853,No Trade
2024-05-27 14:00:00,2355.037,2358.586,2354.18,2354.393,7170,Sell
2024-05-27 15:00:00,2354.368,2356.898,2352.284,2352.546,5758,Sell
2024-05-27 16:00:00,2352.498,2355.704,2352.222,2354.944,4174,No Trade
2024-05-27 17:00:00,2354.991,2355.124,2353.496,2353.999,831,Sell
2024-05-27 22:00:00,2352.299,2353.87,2351.534,2352.121,1569,No Trade
2024-05-27 23:00:00,2352.212,2352.883,2351.16,2352.473,2490,Buy
2024-05-28 00:00:00,2352.512,2353.645,2351.295,2351.863,3835,Sell
2024-05-28 01:00:00,2351.851,2356.424,2349.236,2354.844,7747,No Trade
2024-05-28 02:00:00,2354.822,2355.929,2351.623,2354.237,4909,No Trade
2024-05-28 03:00:00,2354.231,2354.586,2350.187,2350.96,4730,Sell
2024-05-28 04:00:00,2350.925,2352.146,2350.508,2351.088,3471,No Trade
2024-05-28 05:00:00,2351.086,2353.768,2349.679,2350.503,4757,Sell
2024-05-28 06:00:00,2350.468,2350.468,2341.406,2341.891,9425,Sell
2024-05-28 07:00:00,2341.838,2345.061,2341.789,2344.108,6123,No Trade
2024-05-28 08:00:00,2344.074,2345.18,2340.333,2344.918,5943,Buy
2024-05-28 09:00:00,2344.867,2345.238,2342.333,2343.924,4572,No Trade
2024-05-28 10:00:00,2343.903,2346.394,2343.228,2345.722,4291,No Trade
2024-05-28 11:00:00,2345.771,2348.534,2343.616,2347.508,4923,No Trade
2024-05-28 12:00:00,2347.467,2357.166,2345.963,2353.279,9392,No Trade
2024-05-28 13:00:00,2353.228,2364.178,2352.316,2355.054,16659,Sell
2024-05-28 14:00:00,2354.988,2356.932,2347.998,2355.408,13611,No Trade
2024-05-28 15:00:00,2355.45,2362.173,2353.092,2360.341,9369,No Trade
2024-05-28 16:00:00,2360.303,2362.303,2355.317,2356.797,6862,Sell
2024-05-28 17:00:00,2356.796,2360.13,2353.145,2356.967,7377,No Trade
2024-05-28 18:00:00,2356.932,2357.886,2352.858,2357.14,5122,Buy
2024-05-28 19:00:00,2357.172,2360.289,2355.838,2358.255,4516,No Trade
2024-05-28 20:00:00,2358.239,2361.343,2357.908,2361.343,3174,Buy
2024-05-28 22:00:00,2362.507,2362.507,2358.113,2359.176,1961,Sell
2024-05-28 23:00:00,2359.204,2360.919,2358.202,2359.785,3017,No Trade
2024-05-29 00:00:00,2359.75,2361.131,2357.433,2357.994,3571,No Trade
2024-05-29 01:00:00,2357.994,2359.581,2355.674,2356.563,6511,Sell
2024-05-29 02:00:00,2356.515,2360.945,2354.47,2355.76,5366,No Trade
2024-05-29 03:00:00,2355.737,2359.185,2355.279,2358.226,5009,No Trade
2024-05-29 04:00:00,2358.236,2359.072,2356.963,2358.369,3280,No Trade
2024-05-29 05:00:00,2358.415,2361.461,2356.548,2356.901,6273,Sell
2024-05-29 06:00:00,2356.861,2356.861,2351.169,2355.865,6785,Buy
2024-05-29 07:00:00,2355.814,2356.24,2350.082,2350.573,5645,Sell
2024-05-29 08:00:00,2350.642,2351.828,2344.978,2345.638,6915,Sell
2024-05-29 09:00:00,2345.633,2346.249,2340.908,2345.781,6322,Buy
2024-05-29 10:00:00,2345.765,2347.316,2343.174,2346.499,4867,Buy
2024-05-29 11:00:00,2346.456,2347.062,2338.514,2341.762,5735,Sell
2024-05-29 12:00:00,2341.753,2343.866,2334.582,2337.69,8483,Sell
2024-05-29 13:00:00,2337.726,2347.322,2335.93,2345.712,13139,No Trade
2024-05-29 14:00:00,2345.743,2346.567,2341.501,2343.532,9188,Sell
2024-05-29 15:00:00,2343.574,2343.809,2336.831,2339.249,7082,Sell
2024-05-29 16:00:00,2339.241,2342.021,2336.105,2342.021,5351,Buy
2024-05-29 17:00:00,2341.958,2344.357,2339.422,2343.705,4996,Buy
2024-05-29 18:00:00,2343.713,2344.39,2338.013,2338.301,4105,Sell
2024-05-29 19:00:00,2338.346,2339.384,2336.417,2336.846,4011,Sell
2024-05-29 20:00:00,2336.876,2338.789,2335.942,2338.514,3192,Buy
2024-05-29 22:00:00,2338.129,2339.099,2337.261,2337.722,1987,Sell
2024-05-29 23:00:00,2337.724,2339.197,2337.707,2338.464,2871,Sell
2024-05-30 00:00:00,2338.478,2338.478,2334.046,2336.961,4687,No Trade
2024-05-30 01:00:00,2337.018,2339.968,2332.9,2334.178,7879,Sell
2024-05-30 02:00:00,2334.13,2336.649,2328.12,2330.962,7943,Sell
2024-05-30 03:00:00,2330.917,2335.14,2329.249,2334.411,6105,Buy
2024-05-30 04:00:00,2334.364,2337.194,2334.13,2335.366,4439,No Trade
2024-05-30 05:00:00,2335.33,2335.885,2322.627,2325.063,8103,Sell
2024-05-30 06:00:00,2325.03,2333.131,2324.025,2333.012,7622,Buy
2024-05-30 07:00:00,2332.911,2337.795,2332.356,2334.436,6748,Sell
2024-05-30 08:00:00,2334.47,2335.888,2331.928,2335.097,6370,Buy
2024-05-30 09:00:00,2335.149,2338.11,2331.727,2333.207,6238,Sell
2024-05-30 10:00:00,2333.264,2341.045,2330.647,2340.703,5453,Buy
2024-05-30 11:00:00,2340.632,2340.703,2335.343,2335.931,6368,Sell
2024-05-30 12:00:00,2335.901,2345.332,2332.029,2341.45,13134,Buy
2024-05-30 13:00:00,2341.407,2348.731,2339.862,2348.731,14778,Buy
2024-05-30 14:00:00,2348.804,2351.947,2342.814,2344.166,12847,Sell
2024-05-30 15:00:00,2344.172,2345.84,2341.825,2343.904,8122,No Trade
2024-05-30 16:00:00,2343.935,2348.094,2340.959,2347.871,5950,Buy
2024-05-30 17:00:00,2347.937,2348.893,2342.947,2344.5,5180,Sell
2024-05-30 18:00:00,2344.5,2344.647,2341.305,2342.703,4497,Sell
2024-05-30 19:00:00,2342.653,2342.672,2339.931,2341.667,4538,No Trade
2024-05-30 20:00:00,2341.615,2343.635,2341.54,2343.247,2656,No Trade
2024-05-30 22:00:00,2344.208,2344.805,2342.067,2344.119,2590,Buy
2024-05-30 23:00:00,2344.127,2346.491,2343.211,2344.007,3154,No Trade
2024-05-31 00:00:00,2344.021,2347.611,2342.602,2346.419,4103,No Trade
2024-05-31 01:00:00,2346.466,2347.74,2343.184,2346.647,7172,Buy
2024-05-31 02:00:00,2346.645,2347.786,2342.395,2342.608,5078,No Trade
2024-05-31 03:00:00,2342.645,2343.804,2337.031,2343.788,6196,Buy
2024-05-31 04:00:00,2343.777,2345.645,2341.063,2344.102,4451,No Trade
2024-05-31 05:00:00,2344.111,2344.941,2341.763,2342.46,4988,Sell
2024-05-31 06:00:00,2342.402,2347.132,2342.024,2346.008,5392,No Trade
2024-05-31 07:00:00,2345.955,2345.955,2340.001,2340.462,5424,Sell
2024-05-31 08:00:00,2340.438,2343.941,2339.754,2343.313,5092,No Trade
2024-05-31 09:00:00,2343.306,2344.54,2341.085,2342.176,4787,Sell
2024-05-31 10:00:00,2342.135,2344.646,2341.622,2344.082,4105,No Trade
2024-05-31 11:00:00,2344.078,2345.049,2342.685,2343.884,4695,No Trade
2024-05-31 12:00:00,2343.839,2356.916,2342.507,2354.848,11425,No Trade
2024-05-31 13:00:00,2354.836,2359.824,2343.263,2348.212,14513,Sell
2024-05-31 14:00:00,2348.267,2349.124,2334.224,2335.329,17481,Sell
2024-05-31 15:00:00,2335.279,2336.221,2327.739,2330.127,15604,Sell
2024-05-31 16:00:00,2330.078,2336.794,2329.765,2333.011,8728,No Trade
2024-05-31 17:00:00,2332.946,2333.844,2323.952,2326.037,9150,Sell
2024-05-31 18:00:00,2326.086,2327.287,2322.369,2323.024,5537,Sell
2024-05-31 19:00:00,2323.023,2328.353,2320.629,2327.744,6019,Buy
2024-05-31 20:00:00,2327.786,2330.648,2327.092,2327.291,4104,Sell
2024-06-02 22:00:00,2328.596,2328.86,2323.439,2326.468,3555,No Trade
2024-06-02 23:00:00,2326.464,2326.899,2324.106,2326.037,3063,No Trade
2024-06-03 00:00:00,2326.067,2327.571,2324.056,2327.138,4062,Buy
2024-06-03 01:00:00,2327.197,2331.212,2326.238,2330.809,6596,No Trade
2024-06-03 02:00:00,2330.794,2331.047,2325.65,2326.415,4930,Sell
2024-06-03 03:00:00,2326.362,2328.25,2320.945,2321.494,5504,Sell
2024-06-03 04:00:00,2321.541,2322.599,2320.065,2321.47,3992,No Trade
2024-06-03 05:00:00,2321.45,2323.77,2315.414,2320.247,6916,No Trade
2024-06-03 06:00:00,2320.225,2322.894,2314.767,2322.444,7926,Buy
2024-06-03 07:00:00,2322.407,2328.953,2322.26,2326.055,6356,No Trade
2024-06-03 08:00:00,2326.02,2328.598,2324.799,2325.598,5775,Sell
2024-06-03 09:00:00,2325.61,2328.825,2324.397,2327.827,4960,No Trade
2024-06-03 10:00:00,2327.825,2333.411,2326.293,2330.814,5953,No Trade
2024-06-03 11:00:00,2330.789,2332.493,2329.013,2330.076,5259,Sell
2024-06-03 12:00:00,2330.095,2334.473,2325.758,2334.077,7328,Buy
2024-06-03 13:00:00,2334.036,2336.816,2329.921,2333.761,11690,No Trade
2024-06-03 14:00:00,2333.551,2345.799,2333.551,2341.813,16196,No Trade
2024-06-03 15:00:00,2341.753,2344.315,2335.519,2342.915,9824,Buy
2024-06-03 16:00:00,2342.881,2350.358,2341.448,2349.231,7018,No Trade
2024-06-03 17:00:00,2349.179,2354.846,2346.095,2348.525,7516,No Trade
2024-06-03 18:00:00,2348.479,2349.536,2346.581,2348.269,5101,No Trade
2024-06-03 19:00:00,2348.316,2349.127,2344.783,2347.709,4317,No Trade
2024-06-03 20:00:00,2347.754,2351.2,2346.993,2350.913,2750,No Trade
2024-06-03 22:00:00,2351.874,2351.977,2350.093,2350.704,1686,Sell
2024-06-03 23:00:00,2350.772,2351.219,2349.812,2350.729,2438,No Trade
2024-06-04 00:00:00,2350.741,2352.898,2350.201,2350.767,3479,No Trade
2024-06-04 01:00:00,2350.747,2352.412,2343.212,2347.204,6217,Sell
2024-06-04 02:00:00,2347.178,2349.683,2345.737,2346.942,4637,No Trade
2024-06-04 03:00:00,2346.908,2347.104,2344.211,2345.848,4175,No Trade
2024-06-04 04:00:00,2345.794,2349.959,2345.199,2349.367,3519,No Trade
2024-06-04 05:00:00,2349.317,2349.722,2347.365,2347.825,4292,Sell
2024-06-04 06:00:00,2347.778,2351.904,2344.381,2344.619,6010,Sell
2024-06-04 07:00:00,2344.599,2345.229,2339.152,2339.832,6087,Sell
2024-06-04 08:00:00,2339.778,2339.889,2332.292,2333.424,8480,Sell
2024-06-04 09:00:00,2333.469,2334.294,2326.785,2329.96,8644,Sell
2024-06-04 10:00:00,2330.007,2334.912,2328.941,2329.263,6197,Sell
2024-06-04 11:00:00,2329.312,2329.893,2325.338,2328.017,6510,No Trade
2024-06-04 12:00:00,2327.984,2336.091,2326.727,2335.179,8563,No Trade
2024-06-04 13:00:00,2335.225,2338.022,2322.137,2324.325,14148,Sell
2024-06-04 14:00:00,2324.422,2332.586,2315.62,2317.72,19127,Sell
2024-06-04 15:00:00,2317.751,2328.873,2317.49,2326.17,9734,No Trade
2024-06-04 16:00:00,2326.171,2329.763,2322.605,2323.963,6989,Sell
2024-06-04 17:00:00,2324.012,2330.42,2323.792,2328.854,6149,No Trade
2024-06-04 18:00:00,2328.799,2329.841,2326.123,2328.339,4660,No Trade
2024-06-04 19:00:00,2328.299,2328.452,2326.083,2327.412,3960,No Trade
2024-06-04 20:00:00,2327.455,2327.759,2326.077,2327.158,2373,No Trade
2024-06-04 22:00:00,2327.826,2328.333,2327.47,2327.777,1287,No Trade
2024-06-04 23:00:00,2327.78,2328.998,2327.654,2328.886,2130,No Trade
2024-06-05 00:00:00,2328.89,2329.763,2327.809,2328.233,3347,Sell
2024-06-05 01:00:00,2328.282,2331.013,2325.927,2330.536,5059,Buy
2024-06-05 02:00:00,2330.548,2333.616,2329.977,2333.41,4493,No Trade
2024-06-05 03:00:00,2333.366,2338.017,2333.052,2337.221,4444,No Trade
2024-06-05 04:00:00,2337.272,2338.318,2335.923,2338.062,3413,Buy
2024-06-05 05:00:00,2338.058,2341.747,2337.43,2337.43,4963,Sell
2024-06-05 06:00:00,2337.43,2338.48,2328.168,2332.802,6530,Sell
2024-06-05 07:00:00,2332.816,2333.806,2329.193,2331.687,5644,No Trade
2024-06-05 08:00:00,2331.683,2335.195,2331.399,2332.638,5149,Sell
2024-06-05 09:00:00,2332.688,2334.021,2331.064,2332.403,5222,No Trade
2024-06-05 10:00:00,2332.341,2335.63,2329.543,2333.848,5578,No Trade
2024-06-05 11:00:00,2333.798,2335.615,2331.108,2332.612,4998,Sell
2024-06-05 12:00:00,2332.668,2344.179,2332.284,2342.263,9996,No Trade
2024-06-05 13:00:00,2342.212,2346.042,2338.219,2345.823,12447,Buy
2024-06-05 14:00:00,2345.855,2350.411,2334.125,2348.98,18851,No Trade
2024-06-05 15:00:00,2349.036,2357.489,2349.036,2353.749,10161,No Trade
2024-06-05 16:00:00,2353.744,2355.097,2351.471,2352.642,6189,Sell
2024-06-05 17:00:00,2352.693,2355.814,2351.77,2355.129,4858,No Trade
2024-06-05 18:00:00,2355.087,2356.836,2353.535,2355.869,4296,No Trade
2024-06-05 19:00:00,2355.867,2356.172,2352.716,2354.029,4028,Sell
2024-06-05 20:00:00,2354.071,2355.318,2352.856,2355.247,2660,Buy
2024-06-05 22:00:00,2357.18,2357.18,2355.102,2356.822,1842,Buy
2024-06-05 23:00:00,2356.812,2357.63,2354.852,2355.112,2222,Sell
2024-06-06 00:00:00,2355.108,2356.08,2354.594,2355.836,2907,No Trade
2024-06-06 01:00:00,2355.785,2373.427,2355.644,2367.551,10938,No Trade
2024-06-06 02:00:00,2367.565,2374.747,2365.198,2374.41,6693,No Trade
2024-06-06 03:00:00,2374.45,2375.058,2367.692,2368.546,4999,Sell
2024-06-06 04:00:00,2368.544,2370.639,2366.951,2369.48,3583,No Trade
2024-06-06 05:00:00,2369.477,2371.502,2366.421,2367.798,4597,Sell
2024-06-06 06:00:00,2367.82,2368.058,2363.228,2367.142,5179,No Trade
2024-06-06 07:00:00,2367.097,2368.506,2362.233,2363.006,5058,Sell
2024-06-06 08:00:00,2362.999,2363.282,2359.856,2362.963,4626,Buy
2024-06-06 09:00:00,2363.005,2363.99,2358.606,2361.652,4525,No Trade
2024-06-06 10:00:00,2361.662,2362.024,2359.529,2361.086,3840,No Trade
2024-06-06 11:00:00,2361.113,2362.061,2359.227,2359.861,4114,Sell
2024-06-06 12:00:00,2359.842,2365.281,2355.312,2357.632,10876,Sell
2024-06-06 13:00:00,2357.685,2367.055,2353.445,2360.72,16840,No Trade
2024-06-06 14:00:00,2360.72,2366.448,2358.495,2364.292,10299,No Trade
2024-06-06 15:00:00,2364.259,2378.622,2364.165,2374.326,9879,No Trade
2024-06-06 16:00:00,2374.309,2377.034,2370.408,2372.957,7896,No Trade
2024-06-06 17:00:00,2372.983,2374.096,2370.73,2373.175,5374,No Trade
2024-06-06 18:00:00,2373.185,2373.754,2369.071,2372.156,4783,No Trade
2024-06-06 19:00:00,2372.137,2375.548,2371.275,2372.597,4294,No Trade
2024-06-06 20:00:00,2372.572,2376.196,2372.382,2375.853,2807,Buy
2024-06-06 22:00:00,2376.752,2377.234,2375.694,2377.045,1602,Buy
2024-06-06 23:00:00,2377.049,2378.224,2376.335,2376.83,2160,No Trade
2024-06-07 00:00:00,2376.835,2379.344,2376.107,2378.524,3865,No Trade
2024-06-07 01:00:00,2378.513,2380.064,2370.241,2371.027,7129,Sell
2024-06-07 02:00:00,2371.063,2378.36,2369.474,2376.636,6008,No Trade
2024-06-07 03:00:00,2376.672,2382.069,2375.231,2380.217,4728,No Trade
2024-06-07 04:00:00,2380.219,2387.582,2379.321,2386.646,4177,No Trade
2024-06-07 05:00:00,2386.666,2387.796,2375.11,2376.046,7147,Sell
2024-06-07 06:00:00,2376.006,2377.854,2372.949,2375.504,6488,No Trade
2024-06-07 07:00:00,2375.473,2379.379,2372.846,2373.683,5369,Sell
2024-06-07 08:00:00,2373.636,2374.03,2342.605,2347.362,18350,No Trade
2024-06-07 09:00:00,2347.406,2348.049,2337.472,2339.382,9296,Sell
2024-06-07 10:00:00,2339.366,2339.366,2332.039,2333.713,7219,Sell
2024-06-07 11:00:00,2333.672,2339.408,2330.973,2336.595,8191,No Trade
2024-06-07 12:00:00,2336.587,2339.408,2313.36,2319.362,23172,Sell
2024-06-07 13:00:00,2319.325,2328.138,2305.039,2309.507,21860,Sell
2024-06-07 14:00:00,2309.554,2321.217,2307.62,2313.347,16390,Sell
2024-06-07 15:00:00,2313.317,2315.587,2304.525,2305.075,11505,Sell
2024-06-07 16:00:00,2305.119,2314.605,2303.041,2311.676,9255,No Trade
2024-06-07 17:00:00,2311.724,2312.474,2303.78,2305.572,7142,Sell
2024-06-07 18:00:00,2305.611,2307.219,2299.993,2301.505,6025,Sell
2024-06-07 19:00:00,2301.537,2301.541,2287.639,2288.366,7891,Sell
2024-06-07 20:00:00,2288.405,2294.427,2286.826,2293.901,5428,No Trade
2024-06-09 22:00:00,2290.531,2298.535,2290.48,2297.527,3683,No Trade
2024-06-09 23:00:00,2297.483,2300.141,2296.534,2298.579,3487,No Trade
2024-06-10 00:00:00,2298.58,2299.959,2294.229,2297.091,4228,No Trade
2024-06-10 01:00:00,2297.049,2298.07,2294.004,2297.73,4198,Buy
2024-06-10 02:00:00,2297.683,2301.5,2295.593,2296.322,5029,Sell
2024-06-10 03:00:00,2296.354,2297.835,2294.922,2295.429,3864,Sell
2024-06-10 04:00:00,2295.387,2295.924,2292.802,2294.88,4083,No Trade
2024-06-10 05:00:00,2294.893,2297.358,2292.222,2295.75,4846,No Trade
2024-06-10 06:00:00,2295.798,2296.645,2287.807,2291.302,6781,Sell
2024-06-10 07:00:00,2291.341,2297.344,2290.528,2296.575,6803,No Trade
2024-06-10 08:00:00,2296.623,2297.666,2292.513,2292.727,5682,Sell
2024-06-10 09:00:00,2292.702,2297.583,2291.902,2295.403,5193,No Trade
2024-06-10 10:00:00,2295.429,2298.881,2295.381,2298.536,4989,Buy
2024-06-10 11:00:00,2298.58,2305.393,2297.932,2305.144,5939,Buy
2024-06-10 12:00:00,2305.094,2308.819,2303.239,2306.194,8072,No Trade
2024-06-10 13:00:00,2306.243,2307.892,2300.457,2305.667,9049,No Trade
2024-06-10 14:00:00,2305.711,2307.324,2301.803,2302.792,8515,Sell
2024-06-10 15:00:00,2302.842,2308.734,2301.357,2307.4,6573,No Trade
2024-06-10 16:00:00,2307.445,2313.861,2307.03,2313.023,6501,No Trade
2024-06-10 17:00:00,2313.018,2313.467,2309.163,2311.931,4905,No Trade
2024-06-10 18:00:00,2311.916,2312.11,2309.976,2310.979,4022,Sell
2024-06-10 19:00:00,2311.007,2312.377,2308.729,2308.834,3920,Sell
2024-06-10 20:00:00,2308.886,2311.047,2308.577,2310.882,2315,No Trade
2024-06-10 22:00:00,2311.989,2312.244,2309.799,2309.841,2188,Sell
2024-06-10 23:00:00,2309.857,2310.685,2308.851,2310.047,2314,No Trade
2024-06-11 00:00:00,2310.029,2312.052,2309.13,2310.966,3268,No Trade
2024-06-11 01:00:00,2310.912,2310.912,2301.692,2302.938,10182,Sell
2024-06-11 02:00:00,2302.905,2303.775,2298.876,2301.968,7386,No Trade
2024-06-11 03:00:00,2301.938,2304.539,2300.855,2303.833,4497,No Trade
2024-06-11 04:00:00,2303.786,2304.032,2301.511,2303.671,3307,Buy
2024-06-11 05:00:00,2303.621,2304.497,2297.725,2299.695,4714,Sell
2024-06-11 06:00:00,2299.67,2304.725,2298.756,2302.172,5237,No Trade
2024-06-11 07:00:00,2302.123,2305.534,2301.76,2304.585,5297,No Trade
2024-06-11 08:00:00,2304.617,2307.854,2303.311,2306.119,5464,No Trade
2024-06-11 09:00:00,2306.104,2307.45,2301.618,2306.428,5334,Buy
2024-06-11 10:00:00,2306.477,2308.959,2305.313,2307.929,4814,No Trade
2024-06-11 11:00:00,2307.964,2308.363,2305.522,2307.739,4948,Buy
2024-06-11 12:00:00,2307.707,2320.05,2307.638,2318.054,8440,No Trade
2024-06-11 13:00:00,2318.074,2319.704,2309.324,2314.772,16227,No Trade
2024-06-11 14:00:00,2314.813,2317.88,2312.511,2314.805,8929,No Trade
2024-06-11 15:00:00,2314.858,2316.053,2310.029,2310.226,6963,Sell
2024-06-11 16:00:00,2310.271,2312.454,2305.888,2308.57,5908,No Trade
2024-06-11 17:00:00,2308.618,2313.532,2307.921,2312.802,5702,No Trade
2024-06-11 18:00:00,2312.832,2315.825,2312.183,2313.817,4249,No Trade
2024-06-11 19:00:00,2313.865,2315.766,2312.524,2315.41,3870,Buy
2024-06-11 20:00:00,2315.451,2316.973,2314.834,2316.736,2482,Buy
2024-06-11 22:00:00,2316.626,2317.693,2315.23,2316.89,2060,No Trade
2024-06-11 23:00:00,2316.965,2317.54,2313.954,2315.171,2839,Sell
2024-06-12 00:00:00,2315.156,2315.732,2313.466,2313.897,3019,Sell
2024-06-12 01:00:00,2313.895,2315.263,2310.89,2314.521,5679,Buy
2024-06-12 02:00:00,2314.533,2315.593,2310.775,2313.742,5281,No Trade
2024-06-12 03:00:00,2313.689,2316.834,2313.637,2314.125,3577,Sell
2024-06-12 04:00:00,2314.13,2314.476,2312.47,2312.805,2833,Sell
2024-06-12 05:00:00,2312.826,2315.443,2312.472,2315.049,3787,No Trade
2024-06-12 06:00:00,2315.068,2317.876,2313.892,2314.98,4928,No Trade
2024-06-12 07:00:00,2314.933,2315.564,2311.256,2314.579,4426,Buy
2024-06-12 08:00:00,2314.618,2315.799,2310.87,2312.916,4436,No Trade
2024-06-12 09:00:00,2312.875,2315.483,2312.266,2314.106,4479,No Trade
2024-06-12 10:00:00,2314.056,2314.84,2312.233,2313.449,3995,No Trade
2024-06-12 11:00:00,2313.397,2314.867,2312.315,2312.948,5253,No Trade
2024-06-12 12:00:00,2312.964,2337.768,2311.657,2336.02,16211,Buy
2024-06-12 13:00:00,2335.974,2341.724,2325.041,2329.887,22705,Sell
2024-06-12 14:00:00,2329.874,2330.051,2320.136,2325.329,11895,Sell
2024-06-12 15:00:00,2325.387,2337.227,2324.749,2335.642,10815,No Trade
2024-06-12 16:00:00,2335.652,2338.288,2333.228,2337.735,7881,Buy
2024-06-12 17:00:00,2337.788,2339.644,2332.895,2335.36,6154,Sell
2024-06-12 18:00:00,2335.392,2335.392,2319.43,2322.796,26796,Sell
2024-06-12 19:00:00,2322.828,2324.735,2315.911,2321.313,9846,No Trade
2024-06-12 20:00:00,2321.363,2324.813,2320.356,2324.495,3603,No Trade
2024-06-12 22:00:00,2324.8,2325.45,2321.757,2322.044,2353,Sell
2024-06-12 23:00:00,2322.013,2322.486,2320.197,2320.65,2633,Sell
2024-06-13 00:00:00,2320.669,2323.052,2317.663,2320.829,3856,No Trade
2024-06-13 01:00:00,2320.875,2321.646,2308.144,2312.715,10082,Sell
2024-06-13 02:00:00,2312.755,2316.225,2310.745,2314.251,5308,Sell
2024-06-13 03:00:00,2314.23,2316.424,2312.644,2314.348,4397,No Trade
2024-06-13 04:00:00,2314.339,2314.942,2309.412,2311.873,3649,Sell
2024-06-13 05:00:00,2311.877,2312.326,2309.039,2311.713,4390,Buy
2024-06-13 06:00:00,2311.663,2316.209,2311.249,2315.732,5175,No Trade
2024-06-13 07:00:00,2315.686,2318.644,2313.398,2317.115,5359,No Trade
2024-06-13 08:00:00,2317.161,2317.301,2314.005,2315.656,4658,Sell
2024-06-13 09:00:00,2315.638,2318.533,2313.461,2315.547,4629,No Trade
2024-06-13 10:00:00,2315.497,2320.062,2315.347,2316.385,4590,Sell
2024-06-13 11:00:00,2316.434,2316.792,2304.01,2307.125,7009,No Trade
2024-06-13 12:00:00,2307.173,2326.855,2305.612,2323.405,14743,No Trade
2024-06-13 13:00:00,2323.362,2324.84,2308.451,2310.839,13393,Sell
2024-06-13 14:00:00,2310.8,2314.541,2305.705,2313.608,12326,Buy
2024-06-13 15:00:00,2313.663,2317.138,2297.846,2299.092,13388,Sell
2024-06-13 16:00:00,2299.038,2300.43,2295.563,2299.341,8588,Buy
2024-06-13 17:00:00,2299.382,2304.509,2299.15,2301.544,6366,Sell
2024-06-13 18:00:00,2301.531,2304.058,2300.131,2303.07,4150,No Trade
2024-06-13 19:00:00,2303.066,2304.988,2302.786,2303.513,3996,Sell
2024-06-13 20:00:00,2303.564,2304.422,2302.993,2303.947,2185,No Trade
2024-06-13 22:00:00,2303.426,2304.217,2302.972,2302.986,1674,Sell
2024-06-13 23:00:00,2303.02,2303.368,2301.82,2302.436,1992,Sell
2024-06-14 00:00:00,2302.483,2305.829,2301.599,2304.984,3307,No Trade
2024-06-14 01:00:00,2304.988,2307.279,2303.131,2306.067,5222,No Trade
2024-06-14 02:00:00,2306.018,2307.14,2304.314,2306.69,4408,Buy
2024-06-14 03:00:00,2306.687,2308.705,2305.088,2305.562,4663,Sell
2024-06-14 04:00:00,2305.515,2306.197,2303.547,2305.964,3615,Buy
2024-06-14 05:00:00,2305.968,2311.755,2305.593,2309.98,4574,No Trade
2024-06-14 06:00:00,2309.925,2312.878,2307.54,2312.713,5661,Buy
2024-06-14 07:00:00,2312.664,2316.836,2309.458,2315.326,6359,No Trade
2024-06-14 08:00:00,2315.284,2321.752,2314.824,2317.449,6277,Sell
2024-06-14 09:00:00,2317.482,2322.804,2315.32,2322.756,5723,No Trade
2024-06-14 10:00:00,2322.692,2332.77,2321.021,2330.591,7817,No Trade
2024-06-14 11:00:00,2330.544,2336.66,2326.095,2332.109,8062,No Trade
2024-06-14 12:00:00,2332.147,2333.508,2327.314,2330.414,9539,No Trade
2024-06-14 13:00:00,2330.385,2332.968,2324.243,2330.506,11716,No Trade
2024-06-14 14:00:00,2330.493,2335.563,2328.037,2330.258,10826,No Trade
2024-06-14 15:00:00,2330.156,2332.275,2324.104,2326.187,7134,Sell
2024-06-14 16:00:00,2326.234,2331.997,2325.453,2328.89,6423,Sell
2024-06-14 17:00:00,2328.94,2335.667,2328.578,2334.188,5221,No Trade
2024-06-14 18:00:00,2334.185,2335.184,2332.293,2334.663,4146,Buy
2024-06-14 19:00:00,2334.631,2335.478,2332.236,2332.552,4099,Sell
2024-06-14 20:00:00,2332.606,2333.164,2331.016,2332.926,2569,Buy
2024-06-16 22:00:00,2331.187,2331.582,2327.655,2328.897,1898,Sell
2024-06-16 23:00:00,2328.958,2329.772,2327.511,2328.974,2488,No Trade
2024-06-17 00:00:00,2329.018,2329.018,2325.323,2326.517,3905,Sell
2024-06-17 01:00:00,2326.496,2329.048,2322.84,2326.357,6439,No Trade
2024-06-17 02:00:00,2326.312,2326.312,2321.58,2322.755,5051,Sell
2024-06-17 03:00:00,2322.706,2325.3,2321.76,2324.409,4041,No Trade
2024-06-17 04:00:00,2324.407,2326.325,2322.729,2323.792,3337,Sell
2024-06-17 05:00:00,2323.776,2323.776,2317.805,2318.653,4915,Sell
2024-06-17 06:00:00,2318.61,2319.331,2315.546,2317.466,5237,No Trade
2024-06-17 07:00:00,2317.436,2320.221,2315.612,2317.093,4810,No Trade
2024-06-17 08:00:00,2317.062,2322.375,2316.508,2321.38,4813,No Trade
2024-06-17 09:00:00,2321.395,2322.685,2319.303,2320.161,4464,Sell
2024-06-17 10:00:00,2320.133,2322.643,2319.619,2320.56,4071,No Trade
2024-06-17 11:00:00,2320.575,2322.026,2317.651,2318.285,4843,Sell
2024-06-17 12:00:00,2318.33,2321.193,2316.866,2319.667,6024,No Trade
2024-06-17 13:00:00,2319.633,2326.384,2318.83,2321.082,8559,Sell
2024-06-17 14:00:00,2321.033,2327.711,2318.409,2324.576,7283,No Trade
2024-06-17 15:00:00,2324.623,2325.602,2310.052,2312.594,8814,Sell
2024-06-17 16:00:00,2312.637,2317.125,2312.637,2316.943,5364,Buy
2024-06-17 17:00:00,2316.937,2318.444,2313.303,2316.73,4580,No Trade
2024-06-17 18:00:00,2316.766,2319.338,2316.185,2317.948,4076,No Trade
2024-06-17 19:00:00,2317.958,2320.665,2317.894,2320.239,3935,No Trade
2024-06-17 20:00:00,2320.284,2320.866,2318.515,2319.113,2136,Sell
2024-06-17 22:00:00,2320.234,2321.298,2319.794,2321.068,1497,No Trade
2024-06-17 23:00:00,2321.108,2321.327,2319.248,2320.745,2080,No Trade
2024-06-18 00:00:00,2320.734,2325.63,2320.734,2324.196,3915,No Trade
2024-06-18 01:00:00,2324.183,2325.545,2319.292,2322.644,5271,No Trade
2024-06-18 02:00:00,2322.657,2325.719,2321.59,2324.479,4355,No Trade
2024-06-18 03:00:00,2324.45,2325.198,2323.285,2324.512,3440,No Trade
2024-06-18 04:00:00,2324.509,2324.913,2321.958,2322.706,3282,Sell
2024-06-18 05:00:00,2322.698,2323.858,2319.471,2322.227,4499,No Trade
2024-06-18 06:00:00,2322.221,2322.802,2318.812,2320.185,4279,Sell
2024-06-18 07:00:00,2320.189,2320.271,2315.045,2315.626,4413,Sell
2024-06-18 08:00:00,2315.605,2315.605,2310.774,2311.416,5138,Sell
2024-06-18 09:00:00,2311.359,2314.378,2310.955,2311.268,4667,No Trade
2024-06-18 10:00:00,2311.236,2312.492,2306.602,2308.404,4717,Sell
2024-06-18 11:00:00,2308.45,2314.263,2306.756,2313.411,4815,No Trade
2024-06-18 12:00:00,2313.379,2324.283,2311.493,2313.996,11222,Sell
2024-06-18 13:00:00,2314.049,2327.817,2313.783,2326.782,14863,No Trade
2024-06-18 14:00:00,2326.759,2327.25,2322.244,2323.734,8606,Sell
2024-06-18 15:00:00,2323.75,2329.858,2318.808,2326.967,8023,No Trade
2024-06-18 16:00:00,2327.017,2330.838,2326.542,2330.281,5339,No Trade
2024-06-18 17:00:00,2330.33,2333.18,2328.287,2329.785,5245,Sell
2024-06-18 18:00:00,2329.745,2331.555,2327.533,2331.326,4443,Buy
2024-06-18 19:00:00,2331.323,2331.323,2328.596,2329.458,3662,Sell
2024-06-18 20:00:00,2329.451,2330.649,2328.96,2329.508,1983,No Trade
2024-06-18 22:00:00,2329.888,2330.282,2327.596,2328.39,1902,Sell
2024-06-18 23:00:00,2328.389,2329.706,2328.063,2328.355,1850,Sell
2024-06-19 00:00:00,2328.372,2330.059,2328.116,2329.547,3051,No Trade
2024-06-19 01:00:00,2329.514,2331.022,2326.589,2330.167,4494,Buy
2024-06-19 02:00:00,2330.172,2331.371,2329.011,2330.383,3651,No Trade
2024-06-19 03:00:00,2330.389,2331.858,2328.035,2328.37,3099,Sell
2024-06-19 04:00:00,2328.322,2328.571,2327.351,2328.017,2654,No Trade
2024-06-19 05:00:00,2328.041,2330.126,2326.916,2329.398,3350,No Trade
2024-06-19 06:00:00,2329.443,2330.819,2328.461,2330.337,3959,No Trade
2024-06-19 07:00:00,2330.336,2332.788,2329.854,2331.865,4540,No Trade
2024-06-19 08:00:00,2331.912,2335.063,2331.912,2332.641,4056,Sell
2024-06-19 09:00:00,2332.639,2332.852,2327.771,2328.206,4286,Sell
2024-06-19 10:00:00,2328.205,2330.023,2327.478,2328.024,3880,No Trade
2024-06-19 11:00:00,2328.021,2331.152,2325.884,2330.511,4290,Buy
2024-06-19 12:00:00,2330.484,2333.021,2325.263,2328.41,5164,No Trade
2024-06-19 13:00:00,2328.412,2331.488,2326.826,2328.328,5299,No Trade
2024-06-19 14:00:00,2328.276,2328.522,2323.74,2326.236,5588,Sell
2024-06-19 15:00:00,2326.197,2329.877,2325.26,2329.874,4225,No Trade
2024-06-19 16:00:00,2329.883,2331.436,2328.974,2329.565,3298,Sell
2024-06-19 17:00:00,2329.511,2330.973,2329.288,2330.071,519,No Trade
2024-06-19 22:00:00,2330.047,2330.653,2329.19,2330.501,2055,Buy
2024-06-19 23:00:00,2330.515,2330.515,2328.724,2329.442,1966,No Trade
2024-06-20 00:00:00,2329.451,2329.876,2327.84,2329.781,2797,Buy
2024-06-20 01:00:00,2329.767,2339.08,2329.767,2336.401,7016,No Trade
2024-06-20 02:00:00,2336.394,2337.475,2332.922,2333.84,4749,Sell
2024-06-20 03:00:00,2333.829,2334.438,2332.448,2333.997,3821,Buy
2024-06-20 04:00:00,2333.999,2340.988,2333.82,2340.456,4450,Buy
2024-06-20 05:00:00,2340.449,2344.967,2339.847,2340.316,5296,No Trade
2024-06-20 06:00:00,2340.371,2345.782,2340.294,2344.132,5157,No Trade
2024-06-20 07:00:00,2344.169,2345.053,2338.549,2338.676,5520,Sell
2024-06-20 08:00:00,2338.628,2338.76,2332.729,2333.419,5911,Sell
2024-06-20 09:00:00,2333.421,2335.827,2331.664,2334.69,4666,No Trade
2024-06-20 10:00:00,2334.743,2340.684,2333.521,2339.587,3924,No Trade
2024-06-20 11:00:00,2339.543,2341.476,2337.783,2339.343,4567,No Trade
2024-06-20 12:00:00,2339.4,2344.194,2335.33,2338.547,9654,No Trade
2024-06-20 13:00:00,2338.595,2349.505,2336.694,2349.323,11172,No Trade
2024-06-20 14:00:00,2349.368,2365.076,2348.96,2364.158,13203,Buy
2024-06-20 15:00:00,2364.151,2365.6,2351.429,2353.838,9167,Sell
2024-06-20 16:00:00,2353.813,2357.208,2352.899,2356.414,5521,No Trade
2024-06-20 17:00:00,2356.424,2357.65,2354.667,2357.393,4983,Buy
2024-06-20 18:00:00,2357.441,2361.1,2357.347,2358.023,4201,Sell
2024-06-20 19:00:00,2358.068,2359.92,2357.68,2358.912,4018,No Trade
2024-06-20 20:00:00,2358.956,2360.168,2358.266,2360.011,2342,Buy
2024-06-20 22:00:00,2360.472,2360.472,2358.253,2359.511,2836,No Trade
2024-06-20 23:00:00,2359.496,2361.231,2358.933,2360.847,2527,No Trade
2024-06-21 00:00:00,2360.864,2364.97,2360.864,2364.167,3595,No Trade
2024-06-21 01:00:00,2364.219,2364.278,2357.168,2359.713,6317,Sell
2024-06-21 02:00:00,2359.749,2361.71,2358.214,2359.429,4312,No Trade
2024-06-21 03:00:00,2359.457,2362.293,2358.79,2362.237,3429,No Trade
2024-06-21 04:00:00,2362.271,2363.08,2361.103,2363.008,2764,Buy
2024-06-21 05:00:00,2363.002,2365.702,2362.28,2364.586,3668,No Trade
2024-06-21 06:00:00,2364.543,2364.543,2358.007,2358.569,5356,Sell
2024-06-21 07:00:00,2358.526,2364.48,2355.188,2363.007,6646,No Trade
2024-06-21 08:00:00,2363.039,2368.185,2362.716,2365.359,5542,Sell
2024-06-21 09:00:00,2365.311,2367.401,2362.915,2364.036,4724,Sell
2024-06-21 10:00:00,2364.058,2364.259,2361.368,2363.671,4582,Buy
2024-06-21 11:00:00,2363.675,2368.842,2363.517,2366.317,4675,Sell
2024-06-21 12:00:00,2366.376,2368.177,2360.486,2360.75,6689,Sell
2024-06-21 13:00:00,2360.717,2363.857,2334.815,2340.643,18041,Sell
2024-06-21 14:00:00,2340.595,2340.627,2328.609,2329.977,15950,Sell
2024-06-21 15:00:00,2330.02,2334.847,2323.346,2327.993,11724,No Trade
2024-06-21 16:00:00,2328.046,2329.453,2323.688,2324.845,6726,Sell
2024-06-21 17:00:00,2324.798,2325.237,2316.755,2319.372,8247,Sell
2024-06-21 18:00:00,2319.386,2322.884,2316.778,2322.216,5049,Buy
2024-06-21 19:00:00,2322.224,2323.452,2320.471,2322.155,4574,No Trade
2024-06-21 20:00:00,2322.207,2322.753,2320.86,2321.603,2872,Sell
2024-06-23 22:00:00,2321.21,2322.293,2320.51,2321.59,2167,No Trade
2024-06-23 23:00:00,2321.593,2321.593,2317.783,2319.284,2930,Sell
2024-06-24 00:00:00,2319.27,2321.831,2317.966,2320.981,3823,No Trade
2024-06-24 01:00:00,2321.015,2326.35,2319.142,2323.743,6763,No Trade
2024-06-24 02:00:00,2323.687,2325.244,2319.646,2324.828,5195,Buy
2024-06-24 03:00:00,2324.781,2326.742,2324.412,2325.495,3930,Sell
2024-06-24 04:00:00,2325.505,2326.721,2324.193,2324.607,3160,Sell
2024-06-24 05:00:00,2324.593,2327.354,2323.698,2325.213,3958,No Trade
2024-06-24 06:00:00,2325.164,2325.404,2321.41,2323.581,4913,No Trade
2024-06-24 07:00:00,2323.634,2331.893,2321.802,2330.807,5227,No Trade
2024-06-24 08:00:00,2330.824,2332.867,2329.246,2330.672,4974,No Trade
2024-06-24 09:00:00,2330.638,2331.078,2320.867,2325.138,6137,Sell
2024-06-24 10:00:00,2325.122,2327.215,2324.534,2325.269,5105,No Trade
2024-06-24 11:00:00,2325.26,2328.162,2324.153,2326.294,4639,No Trade
2024-06-24 12:00:00,2326.349,2327.946,2323.385,2327.705,6160,Buy
2024-06-24 13:00:00,2327.704,2333.943,2325.905,2328.152,9271,No Trade
2024-06-24 14:00:00,2328.108,2333.739,2327.002,2330.809,7980,No Trade
2024-06-24 15:00:00,2330.755,2333.205,2327.501,2327.726,5744,Sell
2024-06-24 16:00:00,2327.681,2332.304,2326.92,2331.741,4464,No Trade
2024-06-24 17:00:00,2331.702,2333.265,2330.618,2332.072,4391,No Trade
2024-06-24 18:00:00,2332.078,2334.735,2332.014,2333.882,4153,No Trade
2024-06-24 19:00:00,2333.904,2333.904,2331.033,2331.781,3987,Sell
2024-06-24 20:00:00,2331.74,2333.954,2331.707,2333.771,2252,No Trade
2024-06-24 22:00:00,2334.09,2334.488,2331.743,2331.877,1497,Sell
2024-06-24 23:00:00,2331.87,2332.069,2330.323,2330.976,2224,Sell
2024-06-25 00:00:00,2330.969,2331.023,2328.308,2330.116,3176,No Trade
2024-06-25 01:00:00,2330.119,2331.008,2323.228,2325.892,5754,Sell
2024-06-25 02:00:00,2325.902,2327.108,2324.601,2326.548,4651,Buy
2024-06-25 03:00:00,2326.503,2328.62,2324.103,2324.246,4037,Sell
2024-06-25 04:00:00,2324.288,2327.878,2322.793,2327.495,3647,Buy
2024-06-25 05:00:00,2327.497,2330.173,2324.601,2325.049,4302,Sell
2024-06-25 06:00:00,2325.098,2328.239,2323.522,2327.43,4755,No Trade
2024-06-25 07:00:00,2327.382,2327.737,2324.105,2324.888,5071,No Trade
2024-06-25 08:00:00,2324.845,2330.687,2322.914,2329.676,6159,No Trade
2024-06-25 09:00:00,2329.694,2334.138,2329.355,2333.124,4696,No Trade
2024-06-25 10:00:00,2333.128,2337.186,2332.686,2335.386,4910,No Trade
2024-06-25 11:00:00,2335.351,2335.902,2327.4,2330.221,5253,Sell
2024-06-25 12:00:00,2330.208,2330.55,2324.085,2324.314,6450,Sell
2024-06-25 13:00:00,2324.363,2327.5,2320.274,2325.813,10716,Buy
2024-06-25 14:00:00,2325.818,2328.3,2319.572,2327.258,9414,Buy
2024-06-25 15:00:00,2327.284,2327.856,2315.666,2324.787,8601,Buy
2024-06-25 16:00:00,2324.846,2325.084,2315.536,2317.884,5525,No Trade
2024-06-25 17:00:00,2317.83,2320.18,2316.864,2319.178,4970,No Trade
2024-06-25 18:00:00,2319.233,2319.849,2317.095,2319.27,3916,No Trade
2024-06-25 19:00:00,2319.228,2320.711,2318.865,2319.876,3501,No Trade
2024-06-25 20:00:00,2319.825,2319.995,2317.992,2319.437,2261,No Trade
2024-06-25 22:00:00,2319.59,2321.387,2319.085,2320.695,2799,No Trade
2024-06-25 23:00:00,2320.697,2321.528,2318.82,2320.128,2549,No Trade
2024-06-26 00:00:00,2320.077,2323.996,2317.89,2318.54,4346,Sell
2024-06-26 01:00:00,2318.49,2320.813,2310.664,2313.013,8918,Sell
2024-06-26 02:00:00,2313.005,2321.806,2312.493,2319.574,6270,No Trade
2024-06-26 03:00:00,2319.543,2321.168,2316.736,2317.347,3884,Sell
2024-06-26 04:00:00,2317.389,2317.805,2315.184,2316.875,3267,No Trade
2024-06-26 05:00:00,2316.891,2318.224,2311.935,2312.22,4614,Sell
2024-06-26 06:00:00,2312.167,2317.474,2309.775,2317.189,6026,No Trade
2024-06-26 07:00:00,2317.265,2317.448,2313.024,2316.175,5173,No Trade
2024-06-26 08:00:00,2316.144,2318.118,2313.013,2315.769,5331,No Trade
2024-06-26 09:00:00,2315.813,2318.528,2315.794,2316.438,4734,Sell
2024-06-26 10:00:00,2316.432,2316.567,2307.787,2308.452,5822,Sell
2024-06-26 11:00:00,2308.406,2314.045,2304.457,2313.106,6576,Buy
2024-06-26 12:00:00,2313.09,2317.931,2310.195,2310.195,7468,Sell
2024-06-26 13:00:00,2310.173,2311.656,2293.624,2296.448,13457,Sell
2024-06-26 14:00:00,2296.402,2301.372,2295.408,2297.527,9868,No Trade
2024-06-26 15:00:00,2297.583,2304.248,2295.926,2300.044,8698,No Trade
2024-06-26 16:00:00,2300.019,2302.311,2298.506,2299.812,5368,No Trade
2024-06-26 17:00:00,2299.826,2303.095,2299.397,2301.939,5010,No Trade
2024-06-26 18:00:00,2301.987,2302.162,2298.657,2299.019,4022,Sell
2024-06-26 19:00:00,2299.065,2299.554,2296.972,2298.729,4027,No Trade
2024-06-26 20:00:00,2298.786,2299.307,2297.295,2298.194,2632,No Trade
2024-06-26 22:00:00,2298.581,2299.147,2298.218,2298.362,1804,Sell
2024-06-26 23:00:00,2298.364,2298.691,2296.867,2298.501,2253,Buy
2024-06-27 00:00:00,2298.512,2300.2,2297.959,2299.059,3633,No Trade
2024-06-27 01:00:00,2299.116,2299.83,2296.866,2297.878,4657,Sell
2024-06-27 02:00:00,2297.873,2300.143,2297.858,2299.395,3870,No Trade
2024-06-27 03:00:00,2299.398,2299.951,2298.117,2299.032,3080,No Trade
2024-06-27 04:00:00,2299.035,2301.236,2298.803,2300.599,2985,No Trade
2024-06-27 05:00:00,2300.594,2300.679,2296.884,2297.62,3789,Sell
2024-06-27 06:00:00,2297.638,2303.483,2296.529,2301.31,4944,No Trade
2024-06-27 07:00:00,2301.261,2302.617,2300.057,2302.36,4698,Buy
2024-06-27 08:00:00,2302.313,2308.465,2302.067,2307.632,4851,No Trade
2024-06-27 09:00:00,2307.625,2313.881,2307.355,2312.691,5593,No Trade
2024-06-27 10:00:00,2312.656,2315.608,2312.329,2315.182,5026,No Trade
2024-06-27 11:00:00,2315.231,2317.991,2313.394,2317.115,5044,No Trade
2024-06-27 12:00:00,2317.075,2325.924,2316.151,2322.933,10357,No Trade
2024-06-27 13:00:00,2322.902,2325.067,2319.549,2323.357,11419,No Trade
2024-06-27 14:00:00,2323.324,2331.036,2322.728,2329.044,10488,No Trade
2024-06-27 15:00:00,2329.099,2330.971,2325.141,2327.536,7246,Sell
2024-06-27 16:00:00,2327.501,2328.405,2324.018,2325.497,5472,Sell
2024-06-27 17:00:00,2325.546,2328.091,2324.296,2325.921,5183,Buy
2024-06-27 18:00:00,2325.879,2326.519,2322.476,2326.322,4168,Buy
2024-06-27 19:00:00,2326.325,2327.809,2325.673,2326.051,3799,Sell
2024-06-27 20:00:00,2326.017,2328.633,2325.48,2327.969,2460,No Trade
2024-06-27 22:00:00,2327.59,2327.685,2325.977,2326.938,1420,No Trade
2024-06-27 23:00:00,2326.933,2328.012,2326.526,2327.82,2085,No Trade
2024-06-28 00:00:00,2327.763,2328.358,2321.491,2321.762,3749,Sell
2024-06-28 01:00:00,2321.756,2324.584,2319.088,2320.394,6705,Sell
2024-06-28 02:00:00,2320.335,2324.28,2319.879,2323.767,4861,No Trade
2024-06-28 03:00:00,2323.793,2325.114,2320.865,2321.812,3962,Sell
2024-06-28 04:00:00,2321.886,2321.921,2319.812,2321.29,3136,No Trade
2024-06-28 05:00:00,2321.285,2327.094,2321.001,2325.822,3950,No Trade
2024-06-28 06:00:00,2325.773,2328.224,2325.17,2327.477,4537,No Trade
2024-06-28 07:00:00,2327.461,2328.95,2324.923,2327.246,4510,No Trade
2024-06-28 08:00:00,2327.249,2332.047,2326.548,2328.801,4979,Sell
2024-06-28 09:00:00,2328.79,2330.468,2327.324,2330.42,4739,Buy
2024-06-28 10:00:00,2330.407,2336.86,2329.43,2335.874,4984,No Trade
2024-06-28 11:00:00,2335.913,2337.249,2333.365,2334.042,4465,Sell
2024-06-28 12:00:00,2334.008,2339.458,2331.208,2335.596,9219,No Trade
2024-06-28 13:00:00,2335.541,2339.909,2326.698,2330.39,12083,Sell
2024-06-28 14:00:00,2330.437,2333.745,2322.911,2326.537,10758,Sell
2024-06-28 15:00:00,2326.58,2330.473,2324.256,2328.693,7114,No Trade
2024-06-28 16:00:00,2328.74,2332.612,2327.768,2330.05,5281,No Trade
2024-06-28 17:00:00,2330.132,2332.813,2326.483,2326.916,4854,Sell
2024-06-28 18:00:00,2326.971,2328.505,2325.435,2325.902,4034,Sell
2024-06-28 19:00:00,2325.893,2326.336,2323.026,2325.104,4486,No Trade
2024-06-28 20:00:00,2325.072,2326.914,2322.97,2326.738,3400,Buy
2024-06-30 22:00:00,2322.949,2325.985,2322.938,2324.621,2267,Sell
2024-06-30 23:00:00,2324.628,2326.257,2323.189,2325.033,2497,No Trade
2024-07-01 00:00:00,2325.052,2325.386,2322.2,2324.919,4045,Buy
2024-07-01 01:00:00,2324.869,2328.599,2323.564,2327.937,5122,No Trade
2024-07-01 02:00:00,2327.885,2327.885,2324.53,2326.713,3969,No Trade
2024-07-01 03:00:00,2326.705,2327.688,2324.551,2324.846,3381,Sell
2024-07-01 04:00:00,2324.829,2326.147,2321.5,2323.678,3438,No Trade
2024-07-01 05:00:00,2323.632,2324.081,2318.542,2321.894,5090,No Trade
2024-07-01 06:00:00,2321.895,2329.074,2321.392,2326.547,5446,No Trade
2024-07-01 07:00:00,2326.5,2327.035,2323.737,2323.786,4594,Sell
2024-07-01 08:00:00,2323.747,2326.304,2321.916,2325.849,5225,Buy
2024-07-01 09:00:00,2325.85,2329.537,2325.503,2327.509,4661,No Trade
2024-07-01 10:00:00,2327.493,2332.554,2327.493,2332.526,4734,Buy
2024-07-01 11:00:00,2332.569,2338.347,2332.123,2338.229,5404,Buy
2024-07-01 12:00:00,2338.261,2338.572,2327.23,2327.527,6913,Sell
2024-07-01 13:00:00,2327.562,2334.209,2322.738,2327.056,9805,No Trade
2024-07-01 14:00:00,2327.218,2334.375,2319.284,2324.113,12642,Sell
2024-07-01 15:00:00,2324.149,2329.093,2323.117,2327.813,6884,No Trade
2024-07-01 16:00:00,2327.807,2331.971,2326.703,2328.196,5571,Sell
2024-07-01 17:00:00,2328.215,2329.965,2326.837,2329.365,4503,Buy
2024-07-01 18:00:00,2329.324,2330.832,2327.073,2330.031,3743,Buy
2024-07-01 19:00:00,2330.077,2331.547,2329.008,2331.0,3711,Buy
2024-07-01 20:00:00,2331.074,2332.487,2330.962,2331.738,2202,Sell
2024-07-01 22:00:00,2332.621,2332.621,2331.399,2331.931,1647,Sell
2024-07-01 23:00:00,2331.912,2332.653,2331.759,2332.322,1767,No Trade
2024-07-02 00:00:00,2332.316,2333.989,2331.832,2333.195,3082,No Trade
2024-07-02 01:00:00,2333.164,2334.298,2331.188,2334.096,4352,Buy
2024-07-02 02:00:00,2334.15,2334.402,2331.313,2332.379,3452,Sell
2024-07-02 03:00:00,2332.378,2332.782,2325.797,2326.133,3842,Sell
2024-07-02 04:00:00,2326.136,2327.919,2324.966,2327.365,3202,No Trade
2024-07-02 05:00:00,2327.351,2330.93,2326.401,2329.955,3933,No Trade
2024-07-02 06:00:00,2330.023,2331.877,2327.649,2330.57,4230,No Trade
2024-07-02 07:00:00,2330.537,2330.977,2323.38,2330.779,5528,Buy
2024-07-02 08:00:00,2330.837,2332.563,2328.481,2331.253,4989,No Trade
2024-07-02 09:00:00,2331.281,2332.031,2324.21,2324.98,4763,Sell
2024-07-02 10:00:00,2325.023,2326.563,2322.934,2324.63,4548,No Trade
2024-07-02 11:00:00,2324.633,2325.745,2320.022,2320.796,4916,Sell
2024-07-02 12:00:00,2320.827,2328.792,2319.104,2327.488,7765,No Trade
2024-07-02 13:00:00,2327.443,2336.88,2326.189,2334.513,10576,No Trade
2024-07-02 14:00:00,2334.521,2335.888,2322.974,2326.673,13369,Sell
2024-07-02 15:00:00,2326.665,2330.518,2324.225,2324.811,7028,Sell
2024-07-02 16:00:00,2324.778,2325.111,2321.021,2322.937,5082,Sell
2024-07-02 17:00:00,2322.935,2325.312,2322.167,2324.691,4377,No Trade
2024-07-02 18:00:00,2324.646,2328.938,2324.532,2328.379,3617,No Trade
2024-07-02 19:00:00,2328.377,2331.398,2328.136,2330.86,3505,No Trade
2024-07-02 20:00:00,2330.825,2331.062,2328.707,2329.596,2349,Sell
2024-07-02 22:00:00,2330.366,2331.366,2329.816,2330.105,1707,Sell
2024-07-02 23:00:00,2330.089,2331.543,2329.749,2330.28,1674,No Trade
2024-07-03 00:00:00,2330.277,2332.221,2330.277,2330.361,2834,Sell
2024-07-03 01:00:00,2330.342,2331.645,2328.529,2329.202,4416,Sell
2024-07-03 02:00:00,2329.244,2331.151,2326.919,2328.885,3804,No Trade
2024-07-03 03:00:00,2328.872,2332.596,2328.117,2331.748,3438,No Trade
2024-07-03 04:00:00,2331.799,2335.395,2331.799,2334.517,2919,No Trade
2024-07-03 05:00:00,2334.484,2335.911,2332.022,2333.424,4310,Sell
2024-07-03 06:00:00,2333.44,2341.344,2332.979,2340.214,5550,No Trade
2024-07-03 07:00:00,2340.245,2347.301,2338.968,2345.403,6337,No Trade
2024-07-03 08:00:00,2345.42,2347.649,2343.18,2344.689,5520,Buy
2024-07-03 09:00:00,2344.742,2346.563,2342.223,2346.28,4743,Buy
2024-07-03 10:00:00,2346.311,2349.581,2344.63,2347.088,5113,No Trade
2024-07-03 11:00:00,2347.053,2347.053,2342.526,2345.473,5189,No Trade
2024-07-03 12:00:00,2345.494,2356.265,2344.971,2350.572,9501,Sell
2024-07-03 13:00:00,2350.53,2358.834,2347.573,2355.579,11379,No Trade
2024-07-03 14:00:00,2355.663,2365.026,2355.663,2362.469,13401,No Trade
2024-07-03 15:00:00,2362.525,2364.082,2360.06,2363.14,7644,Buy
2024-07-03 16:00:00,2363.101,2363.246,2355.233,2356.612,5945,Sell
2024-07-03 17:00:00,2356.586,2361.001,2353.943,2356.914,5191,No Trade
2024-07-03 18:00:00,2356.875,2358.068,2355.28,2356.4,3269,No Trade
2024-07-03 19:00:00,2356.445,2356.789,2353.714,2354.38,2791,Sell
2024-07-03 20:00:00,2354.402,2356.538,2354.322,2356.214,1495,No Trade
2024-07-03 22:00:00,2357.22,2359.312,2356.2,2358.889,1742,No Trade
2024-07-03 23:00:00,2358.94,2359.679,2357.755,2358.799,1945,No Trade
2024-07-04 00:00:00,2358.821,2359.363,2356.541,2358.665,2860,Buy
2024-07-04 01:00:00,2358.641,2362.633,2358.375,2362.037,4678,No Trade
2024-07-04 02:00:00,2362.013,2362.317,2357.488,2359.397,3635,Sell
2024-07-04 03:00:00,2359.406,2360.403,2357.253,2358.203,3853,Sell
2024-07-04 04:00:00,2358.202,2359.687,2357.692,2358.629,2802,No Trade
2024-07-04 05:00:00,2358.583,2358.688,2355.583,2356.972,3641,Sell
2024-07-04 06:00:00,2356.977,2357.299,2350.464,2356.41,4967,Buy
2024-07-04 07:00:00,2356.363,2357.788,2353.687,2357.555,4172,Buy
2024-07-04 08:00:00,2357.615,2359.692,2355.543,2358.842,4137,Buy
2024-07-04 09:00:00,2358.857,2359.221,2355.765,2357.761,3690,No Trade
2024-07-04 10:00:00,2357.774,2359.36,2356.485,2358.123,3472,No Trade
2024-07-04 11:00:00,2358.122,2360.08,2357.621,2358.49,3569,No Trade
2024-07-04 12:00:00,2358.566,2360.55,2356.977,2357.856,3809,Sell
2024-07-04 13:00:00,2357.859,2360.144,2357.343,2359.748,4341,No Trade
2024-07-04 14:00:00,2359.736,2361.972,2358.091,2358.99,4351,Sell
2024-07-04 15:00:00,2358.94,2360.784,2355.503,2357.492,5464,Sell
2024-07-04 16:00:00,2357.518,2359.198,2357.003,2357.976,3419,No Trade
2024-07-04 17:00:00,2357.933,2358.161,2357.326,2357.33,483,Sell
2024-07-04 22:00:00,2357.134,2357.487,2354.314,2357.487,2622,Buy
2024-07-04 23:00:00,2357.505,2357.811,2356.423,2356.821,2043,Sell
2024-07-05 00:00:00,2356.853,2359.078,2356.13,2358.909,3106,No Trade
2024-07-05 01:00:00,2358.92,2360.328,2356.938,2358.532,4566,No Trade
2024-07-05 02:00:00,2358.577,2363.205,2358.189,2360.587,4425,Sell
2024-07-05 03:00:00,2360.574,2362.462,2359.623,2361.813,3918,No Trade
2024-07-05 04:00:00,2361.816,2364.763,2361.394,2364.001,3238,No Trade
2024-07-05 05:00:00,2364.004,2365.107,2362.756,2364.751,3637,Buy
2024-07-05 06:00:00,2364.764,2366.394,2363.669,2364.078,4529,Sell
2024-07-05 07:00:00,2364.053,2367.546,2362.342,2365.325,4820,No Trade
2024-07-05 08:00:00,2365.361,2368.102,2364.661,2366.442,4616,No Trade
2024-07-05 09:00:00,2366.433,2366.919,2362.017,2362.528,4063,Sell
2024-07-05 10:00:00,2362.485,2365.56,2361.87,2365.007,4166,No Trade
2024-07-05 11:00:00,2365.038,2366.112,2362.338,2365.855,4598,Sell
2024-07-05 12:00:00,2365.836,2376.273,2348.349,2372.158,15807,Buy
2024-07-05 13:00:00,2372.208,2385.248,2370.726,2383.265,17335,No Trade
2024-07-05 14:00:00,2383.216,2384.516,2374.5,2380.817,12208,No Trade
2024-07-05 15:00:00,2380.848,2388.495,2378.584,2384.739,8355,No Trade
2024-07-05 16:00:00,2384.785,2387.693,2384.004,2386.581,6114,No Trade
2024-07-05 17:00:00,2386.626,2389.986,2384.692,2385.864,5957,Sell
2024-07-05 18:00:00,2385.836,2392.679,2385.198,2391.121,4941,No Trade
2024-07-05 19:00:00,2391.131,2393.029,2388.169,2388.933,4359,Sell
2024-07-05 20:00:00,2388.883,2391.736,2388.293,2391.657,2648,No Trade
2024-07-07 22:00:00,2389.686,2390.278,2384.977,2385.436,2492,Sell
2024-07-07 23:00:00,2385.46,2387.0,2384.867,2386.217,2864,No Trade
2024-07-08 00:00:00,2386.165,2387.9,2384.617,2386.765,3778,No Trade
2024-07-08 01:00:00,2386.723,2391.185,2384.308,2386.521,6494,No Trade
2024-07-08 02:00:00,2386.47,2387.256,2381.444,2382.933,4845,Sell
2024-07-08 03:00:00,2382.93,2384.225,2380.774,2382.984,4164,No Trade
2024-07-08 04:00:00,2383.035,2385.135,2382.103,2384.974,2942,No Trade
2024-07-08 05:00:00,2385.023,2386.864,2381.613,2382.874,4696,Sell
2024-07-08 06:00:00,2382.935,2384.267,2376.757,2377.024,5691,Sell
2024-07-08 07:00:00,2376.994,2381.242,2376.692,2377.925,5195,Sell
2024-07-08 08:00:00,2377.924,2378.925,2372.016,2372.887,5405,Sell
2024-07-08 09:00:00,2372.852,2373.873,2368.353,2370.269,5236,Sell
2024-07-08 10:00:00,2370.217,2374.369,2369.719,2374.123,4482,No Trade
2024-07-08 11:00:00,2374.173,2375.734,2372.47,2375.384,4336,Buy
2024-07-08 12:00:00,2375.336,2377.569,2370.34,2372.852,6782,Sell
2024-07-08 13:00:00,2372.804,2377.178,2370.309,2375.536,10047,No Trade
2024-07-08 14:00:00,2375.504,2379.617,2373.222,2373.355,8474,Sell
2024-07-08 15:00:00,2373.312,2375.095,2351.075,2355.559,12872,Sell
2024-07-08 16:00:00,2355.509,2358.864,2351.093,2358.713,7808,Buy
2024-07-08 17:00:00,2358.743,2359.806,2355.661,2357.259,5445,Sell
2024-07-08 18:00:00,2357.212,2358.301,2354.94,2356.691,3841,No Trade
2024-07-08 19:00:00,2356.651,2359.937,2356.258,2359.232,3790,No Trade
2024-07-08 20:00:00,2359.274,2359.934,2358.086,2358.813,2000,Sell
2024-07-08 22:00:00,2359.081,2359.885,2358.552,2359.874,1520,No Trade
2024-07-08 23:00:00,2359.843,2362.102,2359.834,2361.81,2134,No Trade
2024-07-09 00:00:00,2361.838,2363.76,2360.85,2361.994,3654,No Trade
2024-07-09 01:00:00,2362.028,2365.385,2361.438,2363.513,4975,Sell
2024-07-09 02:00:00,2363.48,2366.814,2360.536,2364.125,4990,No Trade
2024-07-09 03:00:00,2364.13,2368.049,2363.438,2367.725,4063,No Trade
2024-07-09 04:00:00,2367.719,2368.891,2366.436,2367.462,3707,No Trade
2024-07-09 05:00:00,2367.409,2368.389,2364.186,2364.701,4252,Sell
2024-07-09 06:00:00,2364.744,2365.581,2362.787,2364.167,4525,No Trade
2024-07-09 07:00:00,2364.146,2364.596,2358.355,2359.033,4657,Sell
2024-07-09 08:00:00,2359.08,2362.065,2358.291,2361.709,4308,No Trade
2024-07-09 09:00:00,2361.702,2365.452,2361.614,2364.345,4463,No Trade
2024-07-09 10:00:00,2364.384,2365.764,2362.205,2363.22,3988,Sell
2024-07-09 11:00:00,2363.275,2363.275,2357.585,2360.679,4885,No Trade
2024-07-09 12:00:00,2360.731,2361.423,2356.161,2360.225,5930,Buy
2024-07-09 13:00:00,2360.194,2368.555,2359.588,2367.814,11526,Sell
2024-07-09 14:00:00,2367.771,2371.673,2354.15,2354.982,15493,Sell
2024-07-09 15:00:00,2355.032,2362.313,2349.412,2362.093,10833,Buy
2024-07-09 16:00:00,2362.076,2363.215,2356.605,2357.593,6796,Sell
2024-07-09 17:00:00,2357.598,2362.571,2357.569,2361.995,5648,No Trade
2024-07-09 18:00:00,2362.016,2365.408,2361.171,2364.5,4339,No Trade
2024-07-09 19:00:00,2364.546,2365.702,2362.97,2363.596,3637,Sell
2024-07-09 20:00:00,2363.638,2364.995,2363.611,2363.806,1956,Sell
2024-07-09 22:00:00,2364.233,2364.531,2363.381,2364.531,1450,Buy
2024-07-09 23:00:00,2364.514,2366.147,2364.482,2365.066,1925,Sell
2024-07-10 00:00:00,2365.044,2366.634,2364.518,2364.731,3155,Sell
2024-07-10 01:00:00,2364.744,2369.967,2363.404,2368.336,5464,No Trade
2024-07-10 02:00:00,2368.376,2370.356,2366.987,2369.382,4179,No Trade
2024-07-10 03:00:00,2369.366,2369.888,2366.552,2368.245,3482,No Trade
2024-07-10 04:00:00,2368.266,2368.991,2366.636,2367.84,3182,No Trade
2024-07-10 05:00:00,2367.841,2370.44,2367.391,2368.421,3769,Sell
2024-07-10 06:00:00,2368.477,2372.875,2367.213,2371.984,4407,No Trade
2024-07-10 07:00:00,2372.041,2375.054,2371.475,2372.706,4299,Sell
2024-07-10 08:00:00,2372.669,2374.318,2371.527,2372.915,4127,No Trade
2024-07-10 09:00:00,2372.904,2374.265,2371.746,2371.997,3757,Sell
2024-07-10 10:00:00,2371.997,2375.395,2371.824,2372.577,3586,Sell
2024-07-10 11:00:00,2372.537,2378.479,2372.5,2378.444,4275,No Trade
2024-07-10 12:00:00,2378.486,2381.913,2377.288,2377.871,5836,Sell
2024-07-10 13:00:00,2377.817,2386.796,2376.294,2383.264,9223,No Trade
2024-07-10 14:00:00,2383.277,2385.195,2373.981,2375.0,9185,Sell
2024-07-10 15:00:00,2374.97,2380.824,2374.117,2378.861,6624,No Trade
2024-07-10 16:00:00,2378.888,2381.431,2376.7,2377.989,4842,Sell
2024-07-10 17:00:00,2377.974,2378.616,2370.566,2373.044,5828,No Trade
2024-07-10 18:00:00,2372.991,2373.677,2369.959,2372.747,3829,No Trade
2024-07-10 19:00:00,2372.73,2372.73,2370.622,2371.865,3683,No Trade
2024-07-10 20:00:00,2371.861,2372.522,2370.96,2371.384,2099,Sell
2024-07-10 22:00:00,2372.247,2372.981,2371.294,2372.94,1462,Buy
2024-07-10 23:00:00,2372.926,2373.011,2372.293,2372.952,1695,Buy
2024-07-11 00:00:00,2372.932,2374.531,2371.491,2374.289,3098,Buy
2024-07-11 01:00:00,2374.28,2376.391,2373.174,2375.948,4463,Buy
2024-07-11 02:00:00,2375.948,2377.888,2374.451,2377.452,4152,Buy
2024-07-11 03:00:00,2377.434,2380.354,2376.922,2378.841,3775,No Trade
2024-07-11 04:00:00,2378.875,2382.582,2378.734,2381.988,3049,No Trade
2024-07-11 05:00:00,2382.056,2383.103,2381.27,2382.623,4002,Buy
2024-07-11 06:00:00,2382.573,2383.297,2378.556,2381.875,4773,No Trade
2024-07-11 07:00:00,2381.826,2382.069,2378.871,2379.99,4529,Sell
2024-07-11 08:00:00,2380.024,2384.137,2379.641,2381.428,4985,Sell
2024-07-11 09:00:00,2381.387,2384.627,2381.387,2384.03,4031,No Trade
2024-07-11 10:00:00,2384.054,2384.093,2380.475,2382.282,3916,No Trade
2024-07-11 11:00:00,2382.241,2383.471,2379.105,2380.892,4399,Sell
2024-07-11 12:00:00,2380.853,2409.879,2378.217,2406.406,19882,No Trade
2024-07-11 13:00:00,2406.363,2413.093,2395.895,2406.713,26763,No Trade
2024-07-11 14:00:00,2406.775,2417.963,2404.405,2417.72,15392,No Trade
2024-07-11 15:00:00,2417.773,2424.638,2412.552,2417.453,12287,No Trade
2024-07-11 16:00:00,2417.403,2419.338,2411.668,2411.758,7753,Sell
2024-07-11 17:00:00,2411.722,2416.734,2410.093,2413.721,7039,No Trade
2024-07-11 18:00:00,2413.702,2416.707,2413.019,2416.478,4629,No Trade
2024-07-11 19:00:00,2416.435,2418.803,2414.144,2414.182,4469,Sell
2024-07-11 20:00:00,2414.233,2415.185,2413.206,2414.875,2745,No Trade
2024-07-11 22:00:00,2414.622,2414.622,2411.234,2414.073,2572,Buy
2024-07-11 23:00:00,2414.017,2416.105,2412.016,2415.957,4331,Buy
2024-07-12 00:00:00,2415.951,2416.35,2411.083,2412.057,4894,Sell
2024-07-12 01:00:00,2412.068,2414.327,2407.103,2407.996,5859,Sell
2024-07-12 02:00:00,2408.041,2411.016,2406.777,2409.671,4762,No Trade
2024-07-12 03:00:00,2409.623,2410.322,2408.605,2408.879,3582,Sell
2024-07-12 04:00:00,2408.879,2410.023,2408.194,2408.72,2832,No Trade
2024-07-12 05:00:00,2408.754,2410.186,2405.467,2408.112,4634,No Trade
2024-07-12 06:00:00,2408.068,2408.355,2402.267,2404.192,5776,Sell
2024-07-12 07:00:00,2404.2,2405.611,2400.392,2404.274,5554,No Trade
2024-07-12 08:00:00,2404.2,2408.227,2403.786,2407.415,5237,No Trade
2024-07-12 09:00:00,2407.469,2408.412,2403.178,2405.005,4476,Sell
2024-07-12 10:00:00,2404.959,2405.578,2399.89,2400.281,4608,Sell
2024-07-12 11:00:00,2400.33,2402.764,2398.39,2401.814,4704,No Trade
2024-07-12 12:00:00,2401.868,2404.362,2391.478,2397.962,13926,No Trade
2024-07-12 13:00:00,2398.009,2405.802,2396.86,2403.816,14169,No Trade
2024-07-12 14:00:00,2403.774,2411.003,2403.774,2408.963,10861,No Trade
2024-07-12 15:00:00,2408.97,2413.81,2408.128,2411.811,6766,No Trade
2024-07-12 16:00:00,2411.849,2416.993,2411.799,2416.006,5121,No Trade
2024-07-12 17:00:00,2415.995,2418.341,2414.53,2417.881,4280,Buy
2024-07-12 18:00:00,2417.925,2418.045,2413.964,2414.223,3619,Sell
2024-07-12 19:00:00,2414.247,2414.848,2412.26,2412.923,3767,Sell
2024-07-12 20:00:00,2412.871,2412.871,2411.362,2411.499,2301,Sell
2024-07-14 22:00:00,2411.718,2412.338,2406.96,2407.693,3474,Sell
2024-07-14 23:00:00,2407.673,2408.796,2405.767,2408.747,3056,Buy
2024-07-15 00:00:00,2408.749,2408.946,2406.346,2408.5,3634,Buy
2024-07-15 01:00:00,2408.528,2410.416,2404.971,2410.04,5618,Buy
2024-07-15 02:00:00,2410.097,2410.977,2408.248,2409.245,4507,Sell
2024-07-15 03:00:00,2409.242,2412.062,2408.717,2411.645,3259,No Trade
2024-07-15 04:00:00,2411.686,2413.455,2410.738,2411.57,2725,No Trade
2024-07-15 05:00:00,2411.555,2414.055,2408.012,2408.203,4278,Sell
2024-07-15 06:00:00,2408.23,2408.376,2402.09,2403.288,5778,Sell
2024-07-15 07:00:00,2403.224,2408.014,2401.386,2407.971,5981,No Trade
2024-07-15 08:00:00,2407.987,2412.16,2406.96,2412.082,4841,No Trade
2024-07-15 09:00:00,2412.068,2412.677,2407.784,2410.791,4896,No Trade
2024-07-15 10:00:00,2410.781,2415.932,2410.781,2414.853,4827,No Trade
2024-07-15 11:00:00,2414.839,2420.422,2414.586,2418.326,6197,No Trade
2024-07-15 12:00:00,2418.331,2420.938,2413.518,2414.867,7850,Sell
2024-07-15 13:00:00,2414.853,2419.376,2411.6,2419.191,9719,Buy
2024-07-15 14:00:00,2419.125,2432.089,2418.183,2431.645,10118,No Trade
2024-07-15 15:00:00,2431.594,2437.567,2431.488,2433.371,10492,Sell
2024-07-15 16:00:00,2433.353,2439.851,2429.613,2430.262,10656,Sell
2024-07-15 17:00:00,2430.227,2430.315,2420.518,2421.578,9487,Sell
2024-07-15 18:00:00,2421.615,2424.89,2419.803,2422.511,5533,Sell
2024-07-15 19:00:00,2422.479,2423.339,2420.3,2421.181,5128,Sell
2024-07-15 20:00:00,2421.235,2422.522,2420.677,2422.205,2350,No Trade
2024-07-15 22:00:00,2421.818,2422.277,2420.986,2421.079,1623,Sell
2024-07-15 23:00:00,2421.069,2422.816,2421.045,2422.586,2160,No Trade
2024-07-16 00:00:00,2422.572,2422.963,2420.004,2421.311,3656,Sell
2024-07-16 01:00:00,2421.323,2427.755,2421.261,2427.311,6184,Buy
2024-07-16 02:00:00,2427.315,2430.335,2426.119,2430.223,5258,Buy
2024-07-16 03:00:00,2430.177,2431.539,2426.668,2428.667,4313,Sell
2024-07-16 04:00:00,2428.671,2429.622,2425.122,2429.381,3736,Buy
2024-07-16 05:00:00,2429.373,2432.888,2428.231,2431.96,5307,No Trade
2024-07-16 06:00:00,2431.98,2433.927,2428.156,2433.927,5884,Buy
2024-07-16 07:00:00,2434.026,2439.501,2432.641,2437.04,6317,No Trade
2024-07-16 08:00:00,2437.041,2438.662,2433.697,2436.607,6125,No Trade
2024-07-16 09:00:00,2436.638,2443.499,2435.138,2442.471,6151,No Trade
2024-07-16 10:00:00,2442.516,2443.508,2439.766,2440.18,5159,Sell
2024-07-16 11:00:00,2440.229,2442.564,2438.182,2439.611,5657,No Trade
2024-07-16 12:00:00,2439.584,2444.079,2429.424,2432.654,13791,Sell
2024-07-16 13:00:00,2432.623,2448.063,2431.04,2442.863,14137,No Trade
2024-07-16 14:00:00,2442.845,2454.129,2440.615,2452.115,11139,No Trade
2024-07-16 15:00:00,2452.077,2465.373,2451.945,2463.189,11577,No Trade
2024-07-16 16:00:00,2463.191,2463.794,2457.934,2459.255,8218,No Trade
2024-07-16 17:00:00,2459.247,2466.496,2458.721,2464.721,6108,Sell
2024-07-16 18:00:00,2464.683,2466.689,2462.513,2465.429,5191,No Trade
2024-07-16 19:00:00,2465.466,2468.79,2463.29,2468.573,4597,Buy
2024-07-16 20:00:00,2468.627,2469.896,2466.914,2468.966,3367,No Trade
2024-07-16 22:00:00,2468.489,2470.057,2466.336,2469.059,2958,No Trade
2024-07-16 23:00:00,2469.063,2469.859,2467.445,2468.368,2905,Sell
2024-07-17 00:00:00,2468.358,2473.42,2466.203,2468.863,5573,No Trade
2024-07-17 01:00:00,2468.837,2481.372,2468.632,2479.493,11245,No Trade
2024-07-17 02:00:00,2479.543,2482.455,2469.604,2474.592,7787,Sell
2024-07-17 03:00:00,2474.564,2474.605,2464.0,2471.79,7158,No Trade
2024-07-17 04:00:00,2471.767,2472.834,2467.759,2467.906,4627,Sell
2024-07-17 05:00:00,2467.911,2471.089,2465.485,2465.515,6022,Sell
2024-07-17 06:00:00,2465.498,2467.63,2461.889,2466.543,7953,Buy
2024-07-17 07:00:00,2466.574,2474.414,2464.229,2474.194,8006,No Trade
2024-07-17 08:00:00,2474.17,2478.967,2471.609,2475.063,8547,No Trade
2024-07-17 09:00:00,2475.023,2475.576,2469.841,2475.113,6754,Buy
2024-07-17 10:00:00,2475.141,2476.444,2466.746,2467.919,6349,No Trade
2024-07-17 11:00:00,2467.883,2473.299,2467.293,2470.119,6853,No Trade
2024-07-17 12:00:00,2470.149,2475.44,2468.805,2473.469,8286,No Trade
2024-07-17 13:00:00,2473.43,2483.57,2471.245,2483.062,15452,No Trade
2024-07-17 14:00:00,2483.001,2483.843,2461.145,2463.828,19753,Sell
2024-07-17 15:00:00,2463.8,2466.055,2458.081,2463.464,14314,No Trade
2024-07-17 16:00:00,2463.512,2465.196,2452.901,2455.736,9274,Sell
2024-07-17 17:00:00,2455.757,2459.36,2451.941,2452.656,7336,Sell
2024-07-17 18:00:00,2452.682,2458.203,2451.497,2457.995,5256,No Trade
2024-07-17 19:00:00,2458.042,2460.512,2457.105,2458.076,4970,No Trade
2024-07-17 20:00:00,2458.111,2459.518,2457.302,2458.919,2624,No Trade
2024-07-17 22:00:00,2459.118,2459.638,2458.058,2459.307,2387,Buy
2024-07-17 23:00:00,2459.346,2461.922,2459.175,2461.386,3653,No Trade
2024-07-18 00:00:00,2461.424,2461.526,2457.38,2458.941,4290,Sell
2024-07-18 01:00:00,2458.893,2464.194,2457.666,2462.491,6684,No Trade
2024-07-18 02:00:00,2462.51,2466.061,2460.38,2465.622,5134,Buy
2024-07-18 03:00:00,2465.584,2468.941,2465.333,2468.099,5371,No Trade
2024-07-18 04:00:00,2468.09,2468.276,2465.167,2465.359,4295,Sell
2024-07-18 05:00:00,2465.399,2470.008,2464.977,2467.034,6187,Sell
2024-07-18 06:00:00,2467.078,2472.234,2464.641,2471.501,6804,No Trade
2024-07-18 07:00:00,2471.536,2475.056,2470.836,2472.02,6077,Sell
2024-07-18 08:00:00,2472.049,2473.784,2465.668,2466.076,6074,Sell
2024-07-18 09:00:00,2466.081,2467.778,2464.634,2465.741,5706,No Trade
2024-07-18 10:00:00,2465.699,2466.415,2461.578,2464.27,6027,No Trade
2024-07-18 11:00:00,2464.239,2466.453,2462.147,2464.551,5209,No Trade
2024-07-18 12:00:00,2464.593,2468.86,2462.699,2464.133,9760,Sell
2024-07-18 13:00:00,2464.161,2466.255,2457.622,2465.05,12974,Buy
2024-07-18 14:00:00,2465.102,2470.019,2460.161,2468.509,10235,Buy
2024-07-18 15:00:00,2468.621,2469.143,2461.227,2461.313,8806,Sell
2024-07-18 16:00:00,2461.412,2462.161,2455.858,2456.317,7281,Sell
2024-07-18 17:00:00,2456.232,2457.664,2451.83,2456.35,7157,Buy
2024-07-18 18:00:00,2456.392,2456.572,2450.873,2451.574,5071,Buy
2024-07-18 19:00:00,2451.586,2451.907,2440.316,2443.006,8086,Sell
2024-07-18 20:00:00,2443.055,2445.598,2441.313,2444.992,3422,Buy
2024-07-18 22:00:00,2445.497,2445.653,2443.838,2444.513,2209,Sell
2024-07-18 23:00:00,2444.51,2445.284,2441.259,2441.34,2215,Sell
2024-07-19 00:00:00,2441.382,2441.433,2426.175,2434.391,10631,Sell
2024-07-19 01:00:00,2434.505,2434.697,2420.526,2426.281,13768,Sell
2024-07-19 02:00:00,2426.256,2428.78,2422.665,2428.346,7468,Buy
2024-07-19 03:00:00,2428.348,2429.591,2425.09,2428.79,5288,Buy
2024-07-19 04:00:00,2428.787,2429.411,2423.984,2425.487,4143,Sell
2024-07-19 05:00:00,2425.494,2426.175,2421.181,2423.461,6341,Sell
2024-07-19 06:00:00,2423.442,2424.155,2414.357,2420.033,11257,Sell
2024-07-19 07:00:00,2420.07,2422.261,2412.923,2418.217,7914,No Trade
2024-07-19 08:00:00,2418.229,2421.731,2416.388,2420.474,7324,No Trade
2024-07-19 09:00:00,2420.524,2421.25,2414.902,2416.212,6112,Sell
2024-07-19 10:00:00,2416.273,2416.462,2410.622,2412.55,6506,Sell
2024-07-19 11:00:00,2412.594,2414.419,2408.501,2410.143,7025,Sell
2024-07-19 12:00:00,2410.149,2410.318,2401.56,2403.835,10977,Sell
2024-07-19 13:00:00,2403.79,2406.809,2393.817,2403.882,20110,Buy
2024-07-19 14:00:00,2403.91,2404.838,2396.061,2398.073,13152,Buy
2024-07-19 15:00:00,2398.025,2408.54,2397.794,2405.476,9422,Sell
2024-07-19 16:00:00,2405.535,2406.093,2399.402,2399.757,5889,Sell
2024-07-19 17:00:00,2399.756,2400.851,2395.73,2399.308,6838,No Trade
2024-07-19 18:00:00,2399.302,2400.365,2397.154,2398.62,4611,No Trade
2024-07-19 19:00:00,2398.616,2400.213,2397.124,2398.802,4587,No Trade
2024-07-19 20:00:00,2398.833,2400.64,2397.873,2400.541,3119,No Trade
2024-07-21 22:00:00,2403.77,2411.818,2402.577,2411.409,3373,No Trade
2024-07-21 23:00:00,2411.362,2412.021,2409.314,2411.618,3890,No Trade
2024-07-22 00:00:00,2411.586,2411.765,2406.938,2407.972,4821,Sell
2024-07-22 01:00:00,2407.922,2412.278,2405.836,2406.488,7752,Sell
2024-07-22 02:00:00,2406.461,2408.298,2403.323,2406.589,6085,No Trade
2024-07-22 03:00:00,2406.612,2409.624,2405.951,2406.822,4385,Sell
2024-07-22 04:00:00,2406.78,2407.257,2403.243,2405.598,4194,No Trade
2024-07-22 05:00:00,2405.617,2407.415,2402.957,2403.033,5613,Sell
2024-07-22 06:00:00,2403.0,2405.307,2398.971,2402.616,8860,No Trade
2024-07-22 07:00:00,2402.643,2404.626,2399.792,2402.601,6606,No Trade
2024-07-22 08:00:00,2402.591,2404.766,2399.926,2400.847,5395,Sell
2024-07-22 09:00:00,2400.836,2405.855,2399.923,2404.489,5776,No Trade
2024-07-22 10:00:00,2404.538,2408.439,2403.668,2406.961,5107,No Trade
2024-07-22 11:00:00,2407.003,2407.705,2398.043,2398.146,5917,Sell
2024-07-22 12:00:00,2398.133,2399.628,2388.845,2394.308,11798,No Trade
2024-07-22 13:00:00,2394.338,2400.217,2391.526,2392.777,13098,Sell
2024-07-22 14:00:00,2392.749,2394.894,2383.887,2387.377,12445,Sell
2024-07-22 15:00:00,2387.369,2390.646,2384.267,2386.402,8028,No Trade
2024-07-22 16:00:00,2386.394,2393.393,2386.175,2393.07,5990,Buy
2024-07-22 17:00:00,2393.107,2396.483,2391.848,2394.04,5329,No Trade
2024-07-22 18:00:00,2394.081,2396.55,2392.563,2395.811,4122,No Trade
2024-07-22 19:00:00,2395.798,2400.15,2395.183,2399.09,3847,No Trade
2024-07-22 20:00:00,2399.044,2399.577,2395.768,2396.672,2184,Sell
2024-07-22 22:00:00,2397.157,2398.078,2395.145,2395.212,1706,Sell
2024-07-22 23:00:00,2395.222,2396.254,2394.795,2395.873,2286,No Trade
2024-07-23 00:00:00,2395.84,2400.371,2395.541,2400.07,3862,Buy
2024-07-23 01:00:00,2400.11,2404.071,2397.948,2401.184,7343,No Trade
2024-07-23 02:00:00,2401.136,2402.489,2397.53,2399.733,5272,No Trade
2024-07-23 03:00:00,2399.694,2400.837,2396.29,2398.447,5098,No Trade
2024-07-23 04:00:00,2398.45,2399.733,2395.806,2396.539,4120,Sell
2024-07-23 05:00:00,2396.582,2396.972,2390.826,2392.711,5317,Sell
2024-07-23 06:00:00,2392.652,2393.811,2388.272,2390.42,7401,Sell
2024-07-23 07:00:00,2390.5,2399.282,2390.061,2397.88,7398,No Trade
2024-07-23 08:00:00,2397.913,2407.242,2396.393,2404.165,6776,No Trade
2024-07-23 09:00:00,2404.132,2408.214,2403.235,2406.957,6251,No Trade
2024-07-23 10:00:00,2406.859,2408.381,2405.597,2407.734,5238,No Trade
2024-07-23 11:00:00,2407.694,2412.074,2406.033,2407.704,6047,No Trade
2024-07-23 12:00:00,2407.668,2409.388,2403.748,2405.543,7647,Sell
2024-07-23 13:00:00,2405.505,2407.737,2399.583,2402.035,10554,Sell
2024-07-23 14:00:00,2402.143,2407.484,2399.66,2402.966,9338,No Trade
2024-07-23 15:00:00,2402.923,2407.278,2402.14,2405.569,6277,No Trade
2024-07-23 16:00:00,2405.527,2406.847,2403.025,2405.44,5048,No Trade
2024-07-23 17:00:00,2405.392,2408.335,2402.716,2405.008,5508,No Trade
2024-07-23 18:00:00,2404.959,2406.371,2403.882,2405.706,4092,No Trade
2024-07-23 19:00:00,2405.751,2409.064,2405.415,2407.635,4046,No Trade
2024-07-23 20:00:00,2407.594,2410.103,2405.398,2409.494,3007,Buy
2024-07-23 22:00:00,2408.792,2409.765,2408.129,2409.443,1814,Buy
2024-07-23 23:00:00,2409.402,2409.574,2407.938,2408.603,2222,Sell
2024-07-24 00:00:00,2408.648,2410.338,2408.122,2408.4,3368,Sell
2024-07-24 01:00:00,2408.413,2412.247,2404.956,2408.25,7377,No Trade
2024-07-24 02:00:00,2408.211,2415.974,2407.218,2414.209,7304,No Trade
2024-07-24 03:00:00,2414.237,2418.409,2413.715,2416.496,5538,No Trade
2024-07-24 04:00:00,2416.511,2418.053,2414.811,2417.885,4915,Buy
2024-07-24 05:00:00,2417.887,2418.016,2413.068,2416.189,5403,No Trade
2024-07-24 06:00:00,2416.135,2419.296,2414.273,2417.588,6601,No Trade
2024-07-24 07:00:00,2417.54,2417.942,2411.639,2414.664,5932,Sell
2024-07-24 08:00:00,2414.622,2415.206,2410.779,2411.915,4870,Sell
2024-07-24 09:00:00,2411.954,2414.994,2409.87,2413.537,5380,No Trade
2024-07-24 10:00:00,2413.581,2416.578,2412.212,2413.712,5041,No Trade
2024-07-24 11:00:00,2413.613,2417.885,2410.622,2417.522,5319,Buy
2024-07-24 12:00:00,2417.559,2422.117,2416.293,2421.516,7676,No Trade
2024-07-24 13:00:00,2421.514,2426.827,2413.667,2421.811,13500,No Trade
2024-07-24 14:00:00,2421.818,2432.044,2419.235,2430.344,14280,No Trade
2024-07-24 15:00:00,2430.393,2431.445,2422.39,2424.847,8744,Sell
2024-07-24 16:00:00,2424.883,2425.014,2418.598,2419.18,6393,Sell
2024-07-24 17:00:00,2419.156,2419.708,2408.085,2409.26,7082,Sell
2024-07-24 18:00:00,2409.225,2409.554,2405.689,2408.348,7140,No Trade
2024-07-24 19:00:00,2408.277,2408.83,2398.37,2398.448,6454,Sell
2024-07-24 20:00:00,2398.568,2400.641,2397.149,2397.357,4787,Sell
2024-07-24 22:00:00,2397.621,2398.301,2393.15,2397.912,4407,Buy
2024-07-24 23:00:00,2397.949,2401.283,2397.101,2398.759,3825,No Trade
2024-07-25 00:00:00,2398.81,2399.397,2396.067,2397.194,6005,Sell
2024-07-25 01:00:00,2397.152,2400.075,2370.568,2376.44,22575,Sell
2024-07-25 02:00:00,2376.429,2380.767,2369.95,2372.66,14260,Sell
2024-07-25 03:00:00,2372.598,2375.657,2366.827,2374.817,9326,Buy
2024-07-25 04:00:00,2374.801,2378.076,2373.201,2377.637,5687,No Trade
2024-07-25 05:00:00,2377.654,2377.935,2369.112,2376.345,7413,Buy
2024-07-25 06:00:00,2376.388,2378.796,2369.883,2372.085,8530,No Trade
2024-07-25 07:00:00,2372.126,2377.544,2365.842,2374.11,8692,No Trade
2024-07-25 08:00:00,2374.163,2377.646,2372.121,2374.795,7778,No Trade
2024-07-25 09:00:00,2374.8,2376.3,2370.559,2373.788,6798,No Trade
2024-07-25 10:00:00,2373.827,2382.619,2372.009,2381.244,6576,No Trade
2024-07-25 11:00:00,2381.283,2381.855,2368.082,2368.65,8304,Sell
2024-07-25 12:00:00,2368.652,2377.444,2362.81,2371.216,18208,No Trade
2024-07-25 13:00:00,2371.228,2376.428,2362.127,2364.954,20861,Sell
2024-07-25 14:00:00,2364.882,2368.581,2358.009,2366.808,17580,Buy
2024-07-25 15:00:00,2366.738,2368.491,2362.171,2363.241,10107,Sell
2024-07-25 16:00:00,2363.213,2364.651,2357.562,2362.704,8951,No Trade
2024-07-25 17:00:00,2362.752,2365.612,2353.171,2356.15,10184,Sell
2024-07-25 18:00:00,2356.179,2360.365,2354.332,2357.208,6212,No Trade
2024-07-25 19:00:00,2357.198,2363.991,2356.152,2362.669,5509,No Trade
2024-07-25 20:00:00,2362.698,2365.295,2359.448,2365.152,4923,Buy
2024-07-25 22:00:00,2364.212,2365.545,2362.945,2363.441,2208,Sell
2024-07-25 23:00:00,2363.45,2364.831,2362.114,2363.891,3091,No Trade
2024-07-26 00:00:00,2363.939,2365.495,2362.236,2362.817,4230,Sell
2024-07-26 01:00:00,2362.816,2374.04,2355.932,2373.563,10154,No Trade
2024-07-26 02:00:00,2373.602,2379.493,2370.625,2374.337,7538,No Trade
2024-07-26 03:00:00,2374.34,2378.368,2371.595,2371.869,6461,Sell
2024-07-26 04:00:00,2371.911,2372.958,2369.806,2369.889,4343,Sell
2024-07-26 05:00:00,2369.886,2375.342,2368.239,2374.381,6147,No Trade
2024-07-26 06:00:00,2374.411,2374.516,2365.304,2369.625,7188,Sell
2024-07-26 07:00:00,2369.685,2372.024,2367.666,2371.552,5946,Buy
2024-07-26 08:00:00,2371.593,2374.238,2369.376,2373.002,5902,No Trade
2024-07-26 09:00:00,2372.96,2374.569,2371.699,2373.822,5214,No Trade
2024-07-26 10:00:00,2373.82,2375.421,2372.702,2372.777,4417,Sell
2024-07-26 11:00:00,2372.739,2375.893,2370.325,2373.368,5028,No Trade
2024-07-26 12:00:00,2373.364,2379.136,2371.118,2377.546,11513,No Trade
2024-07-26 13:00:00,2377.545,2383.314,2374.035,2381.767,12302,No Trade
2024-07-26 14:00:00,2381.674,2390.889,2380.444,2382.059,13445,Sell
2024-07-26 15:00:00,2382.004,2386.97,2379.999,2385.222,7848,No Trade
2024-07-26 16:00:00,2385.254,2390.459,2384.696,2389.207,6162,No Trade
2024-07-26 17:00:00,2389.171,2389.3,2381.215,2383.464,5708,Sell
2024-07-26 18:00:00,2383.46,2386.297,2382.843,2384.401,4442,No Trade
2024-07-26 19:00:00,2384.454,2387.128,2382.746,2386.362,4268,Buy
2024-07-26 20:00:00,2386.402,2388.943,2385.52,2387.204,3257,No Trade
2024-07-28 22:00:00,2388.034,2403.271,2387.943,2395.857,7041,Sell
2024-07-28 23:00:00,2395.897,2399.084,2394.711,2397.181,4122,No Trade
2024-07-29 00:00:00,2397.145,2401.704,2397.092,2400.146,5571,No Trade
2024-07-29 01:00:00,2400.176,2402.578,2388.689,2392.815,10995,Sell
2024-07-29 02:00:00,2392.772,2394.792,2390.984,2393.33,6134,No Trade
2024-07-29 03:00:00,2393.301,2395.318,2391.978,2394.616,4696,Buy
2024-07-29 04:00:00,2394.595,2396.066,2393.376,2394.914,4110,No Trade
2024-07-29 05:00:00,2394.91,2396.353,2390.308,2392.882,5496,Sell
2024-07-29 06:00:00,2392.84,2395.53,2390.759,2391.842,5994,Sell
2024-07-29 07:00:00,2391.855,2394.512,2389.58,2391.659,7461,No Trade
2024-07-29 08:00:00,2391.648,2392.852,2387.016,2390.432,6560,No Trade
2024-07-29 09:00:00,2390.464,2393.58,2389.912,2392.792,5515,No Trade
2024-07-29 10:00:00,2392.873,2395.458,2392.103,2392.698,5191,Sell
2024-07-29 11:00:00,2392.657,2393.102,2386.899,2387.819,5705,No Trade
2024-07-29 12:00:00,2387.83,2394.28,2385.475,2393.875,8704,No Trade
2024-07-29 13:00:00,2393.867,2396.876,2389.889,2391.939,11181,Sell
2024-07-29 14:00:00,2392.002,2394.121,2380.135,2381.348,11283,Sell
2024-07-29 15:00:00,2381.309,2383.083,2369.585,2376.886,12710,No Trade
2024-07-29 16:00:00,2376.922,2379.077,2374.551,2378.172,6137,Buy
2024-07-29 17:00:00,2378.205,2383.54,2377.531,2378.36,6815,Sell
2024-07-29 18:00:00,2378.386,2380.867,2377.026,2379.653,4605,No Trade
2024-07-29 19:00:00,2379.709,2385.58,2378.4,2383.182,5101,No Trade
2024-07-29 20:00:00,2383.138,2384.663,2381.337,2383.966,2705,Buy
2024-07-29 22:00:00,2382.77,2385.038,2382.264,2384.163,1528,No Trade
2024-07-29 23:00:00,2384.164,2384.38,2380.975,2381.233,2636,Sell
2024-07-30 00:00:00,2381.276,2383.963,2380.26,2381.94,3909,No Trade
2024-07-30 01:00:00,2381.933,2382.515,2376.561,2379.88,8841,No Trade
2024-07-30 02:00:00,2379.829,2383.326,2378.61,2381.833,5778,No Trade
2024-07-30 03:00:00,2381.879,2386.053,2381.544,2385.831,4997,Buy
2024-07-30 04:00:00,2385.82,2388.424,2385.734,2386.422,3928,Sell
2024-07-30 05:00:00,2386.49,2389.972,2386.096,2388.793,5504,No Trade
2024-07-30 06:00:00,2388.824,2391.102,2387.821,2390.396,6494,No Trade
2024-07-30 07:00:00,2390.454,2392.061,2388.939,2390.315,6115,No Trade
2024-07-30 08:00:00,2390.354,2391.607,2388.627,2389.548,5127,Sell
2024-07-30 09:00:00,2389.541,2390.169,2387.885,2389.179,4518,No Trade
2024-07-30 10:00:00,2389.147,2392.53,2387.957,2391.736,4851,No Trade
2024-07-30 11:00:00,2391.758,2392.255,2386.962,2387.205,5065,Sell
2024-07-30 12:00:00,2387.199,2388.417,2385.759,2386.595,6608,Sell
2024-07-30 13:00:00,2386.642,2397.888,2385.829,2394.192,13233,No Trade
2024-07-30 14:00:00,2394.138,2396.065,2387.678,2391.82,13435,No Trade
2024-07-30 15:00:00,2391.772,2392.544,2383.41,2385.35,9737,Sell
2024-07-30 16:00:00,2385.393,2400.367,2385.043,2399.835,8218,Buy
2024-07-30 17:00:00,2399.863,2411.16,2399.863,2405.793,12761,Sell
2024-07-30 18:00:00,2405.825,2407.453,2403.696,2404.92,5205,Sell
2024-07-30 19:00:00,2404.937,2408.503,2403.869,2407.098,4481,No Trade
2024-07-30 20:00:00,2407.065,2412.968,2407.037,2411.101,4858,Sell
2024-07-30 22:00:00,2409.537,2411.016,2408.091,2409.28,2874,No Trade
2024-07-30 23:00:00,2409.315,2410.364,2408.589,2409.897,3094,No Trade
2024-07-31 00:00:00,2409.9,2410.124,2407.908,2409.056,3988,No Trade
2024-07-31 01:00:00,2409.009,2412.323,2403.967,2409.222,9364,No Trade
2024-07-31 02:00:00,2409.161,2409.485,2404.175,2407.473,7106,No Trade
2024-07-31 03:00:00,2407.467,2419.255,2407.252,2416.532,9275,No Trade
2024-07-31 04:00:00,2416.563,2421.485,2414.517,2421.226,6072,No Trade
2024-07-31 05:00:00,2421.226,2422.29,2417.386,2417.883,6073,Sell
2024-07-31 06:00:00,2417.842,2425.6,2416.494,2421.368,7540,No Trade
2024-07-31 07:00:00,2421.412,2421.999,2415.94,2417.265,7192,Sell
2024-07-31 08:00:00,2417.227,2421.822,2415.526,2421.5,6901,No Trade
2024-07-31 09:00:00,2421.524,2422.391,2417.906,2421.043,4907,No Trade
2024-07-31 10:00:00,2421.074,2422.983,2417.658,2418.59,5074,Sell
2024-07-31 11:00:00,2418.496,2423.329,2418.182,2419.666,5700,Sell
2024-07-31 12:00:00,2419.719,2423.151,2417.36,2420.557,10155,No Trade
2024-07-31 13:00:00,2420.569,2427.646,2417.901,2426.206,10946,No Trade
2024-07-31 14:00:00,2426.282,2429.081,2419.245,2422.425,12671,Sell
2024-07-31 15:00:00,2422.475,2424.369,2420.099,2423.188,7985,No Trade
2024-07-31 16:00:00,2423.229,2427.816,2422.487,2426.935,5767,No Trade
2024-07-31 17:00:00,2426.978,2429.077,2425.776,2425.927,6109,Sell
2024-07-31 18:00:00,2426.101,2435.463,2421.627,2433.889,14942,No Trade
2024-07-31 19:00:00,2433.847,2450.917,2431.209,2449.894,15008,No Trade
2024-07-31 20:00:00,2449.848,2451.041,2446.283,2447.876,5662,Sell
2024-07-31 22:00:00,2449.263,2449.595,2447.064,2447.645,2861,Sell
2024-07-31 23:00:00,2447.684,2448.045,2444.174,2445.833,3210,Sell
2024-08-01 00:00:00,2445.815,2449.497,2445.284,2447.665,6335,No Trade
2024-08-01 01:00:00,2447.629,2458.44,2446.143,2451.447,13834,Sell
2024-08-01 02:00:00,2451.497,2451.549,2437.346,2441.257,10274,Sell
2024-08-01 03:00:00,2441.266,2444.72,2439.411,2442.867,6898,No Trade
2024-08-01 04:00:00,2442.859,2446.905,2442.508,2444.329,4949,Sell
2024-08-01 05:00:00,2444.302,2448.058,2443.631,2446.996,6460,No Trade
2024-08-01 06:00:00,2446.95,2448.909,2444.128,2444.885,8542,No Trade
2024-08-01 07:00:00,2444.925,2444.967,2439.961,2440.415,7316,Sell
2024-08-01 08:00:00,2440.372,2442.413,2433.234,2433.945,8442,Sell
2024-08-01 09:00:00,2433.939,2435.134,2430.21,2433.027,7298,No Trade
2024-08-01 10:00:00,2433.073,2436.862,2432.06,2435.256,6176,No Trade
2024-08-01 11:00:00,2435.198,2442.978,2434.422,2440.815,6653,No Trade
2024-08-01 12:00:00,2440.863,2454.962,2440.361,2450.69,12116,No Trade
2024-08-01 13:00:00,2450.808,2457.445,2448.511,2453.78,15473,No Trade
2024-08-01 14:00:00,2453.789,2462.392,2443.237,2448.594,22986,Sell
2024-08-01 15:00:00,2448.557,2451.833,2442.148,2445.197,14283,Sell
2024-08-01 16:00:00,2445.298,2448.851,2443.496,2444.558,9551,Sell
2024-08-01 17:00:00,2444.547,2444.791,2435.902,2439.373,10925,Sell
2024-08-01 18:00:00,2439.33,2441.092,2434.974,2439.653,7409,No Trade
2024-08-01 19:00:00,2439.615,2444.189,2438.396,2443.143,6087,No Trade
2024-08-01 20:00:00,2443.111,2447.643,2441.805,2446.739,4273,No Trade
2024-08-01 22:00:00,2446.454,2447.464,2443.721,2445.245,4031,Sell
2024-08-01 23:00:00,2445.238,2446.616,2444.214,2445.934,3890,No Trade
2024-08-02 00:00:00,2445.976,2452.45,2443.991,2449.14,6544,No Trade
2024-08-02 01:00:00,2449.135,2451.071,2434.962,2447.269,13606,Buy
2024-08-02 02:00:00,2447.299,2455.788,2446.763,2455.665,10721,Buy
2024-08-02 03:00:00,2455.635,2459.502,2451.665,2454.522,8098,No Trade
2024-08-02 04:00:00,2454.512,2460.444,2454.281,2457.94,5181,No Trade
2024-08-02 05:00:00,2457.963,2466.979,2457.717,2466.768,7342,Buy
2024-08-02 06:00:00,2466.81,2468.57,2462.454,2465.673,9067,No Trade
2024-08-02 07:00:00,2465.594,2466.826,2460.306,2461.628,8666,Sell
2024-08-02 08:00:00,2461.676,2465.402,2461.039,2462.153,6730,Sell
2024-08-02 09:00:00,2462.191,2464.386,2460.948,2463.974,5627,No Trade
2024-08-02 10:00:00,2464.002,2465.461,2460.95,2463.683,5942,No Trade
2024-08-02 11:00:00,2463.722,2464.741,2457.621,2459.349,7442,Sell
2024-08-02 12:00:00,2459.306,2477.794,2455.871,2472.946,22877,No Trade
2024-08-02 13:00:00,2472.918,2474.326,2455.812,2469.865,28807,Buy
2024-08-02 14:00:00,2469.914,2474.459,2428.277,2431.646,38778,Sell
2024-08-02 15:00:00,2431.592,2435.865,2410.884,2433.21,32601,Buy
2024-08-02 16:00:00,2433.158,2439.383,2426.351,2430.62,18001,Sell
2024-08-02 17:00:00,2430.608,2431.691,2423.049,2427.936,10219,No Trade
2024-08-02 18:00:00,2427.877,2433.722,2426.647,2429.074,7029,No Trade
2024-08-02 19:00:00,2429.101,2438.327,2425.677,2437.708,7351,No Trade
2024-08-02 20:00:00,2437.735,2442.567,2435.629,2441.982,4851,No Trade
2024-08-04 22:00:00,2441.11,2446.407,2438.005,2441.48,6704,No Trade
2024-08-04 23:00:00,2441.469,2445.868,2439.139,2441.042,6565,No Trade
2024-08-05 00:00:00,2441.074,2441.074,2413.785,2422.212,24125,Sell
2024-08-05 01:00:00,2422.181,2442.017,2420.219,2439.516,23600,No Trade
2024-08-05 02:00:00,2439.532,2446.255,2433.096,2442.824,11885,Buy
2024-08-05 03:00:00,2442.777,2452.6,2442.772,2451.046,10020,No Trade
2024-08-05 04:00:00,2451.112,2458.926,2450.931,2452.812,10441,Sell
2024-08-05 05:00:00,2452.726,2452.726,2432.485,2438.003,17527,Sell
2024-08-05 06:00:00,2438.051,2438.816,2422.154,2428.653,21568,Sell
2024-08-05 07:00:00,2428.647,2445.714,2424.647,2432.07,15256,Sell
2024-08-05 08:00:00,2432.111,2434.492,2423.352,2425.037,12108,Sell
2024-08-05 09:00:00,2425.076,2428.82,2419.235,2424.174,13774,No Trade
2024-08-05 10:00:00,2424.261,2425.745,2408.166,2408.674,12558,Sell
2024-08-05 11:00:00,2408.715,2408.715,2383.329,2386.826,22151,Sell
2024-08-05 12:00:00,2386.862,2392.344,2364.324,2374.576,32769,Sell
2024-08-05 13:00:00,2374.613,2397.083,2374.613,2393.43,35890,No Trade
2024-08-05 14:00:00,2393.399,2397.605,2386.984,2396.638,25212,Buy
2024-08-05 15:00:00,2396.61,2412.326,2396.558,2402.921,20633,Sell
2024-08-05 16:00:00,2402.872,2408.82,2399.076,2403.153,12863,No Trade
2024-08-05 17:00:00,2403.124,2406.72,2400.286,2405.113,10507,No Trade
2024-08-05 18:00:00,2405.103,2409.013,2403.79,2404.994,7174,No Trade
2024-08-05 19:00:00,2405.031,2413.15,2404.709,2407.766,7730,No Trade
2024-08-05 20:00:00,2407.748,2411.698,2405.502,2409.433,5384,No Trade
2024-08-05 22:00:00,2410.734,2412.652,2407.999,2408.966,3563,No Trade
2024-08-05 23:00:00,2409.023,2410.091,2404.43,2404.927,4969,Sell
2024-08-06 00:00:00,2404.955,2418.461,2404.605,2415.99,10072,No Trade
2024-08-06 01:00:00,2415.919,2417.777,2410.809,2412.479,12991,Sell
2024-08-06 02:00:00,2412.45,2413.357,2405.915,2407.518,9126,Sell
2024-08-06 03:00:00,2407.558,2411.172,2406.581,2409.107,6896,No Trade
2024-08-06 04:00:00,2409.103,2412.737,2406.425,2408.163,6740,Sell
2024-08-06 05:00:00,2408.16,2411.936,2398.197,2398.861,11715,Sell
2024-08-06 06:00:00,2398.957,2408.41,2394.87,2401.631,15773,No Trade
2024-08-06 07:00:00,2401.585,2410.765,2401.515,2409.925,11203,Buy
2024-08-06 08:00:00,2410.025,2415.479,2408.163,2411.15,8666,No Trade
2024-08-06 09:00:00,2411.197,2415.626,2410.372,2413.386,7797,No Trade
2024-08-06 10:00:00,2413.375,2416.434,2411.605,2412.451,7119,Sell
2024-08-06 11:00:00,2412.429,2415.382,2410.194,2411.045,7932,Sell
2024-08-06 12:00:00,2411.086,2412.348,2391.813,2393.2,15176,Sell
2024-08-06 13:00:00,2393.233,2399.605,2388.863,2395.724,21958,No Trade
2024-08-06 14:00:00,2395.694,2403.297,2386.273,2388.445,20869,Sell
2024-08-06 15:00:00,2388.408,2391.273,2381.494,2387.626,17925,No Trade
2024-08-06 16:00:00,2387.661,2391.513,2385.638,2389.995,8942,No Trade
2024-08-06 17:00:00,2389.952,2393.564,2387.697,2391.989,8534,No Trade
2024-08-06 18:00:00,2391.955,2396.104,2391.42,2392.823,5847,Sell
2024-08-06 19:00:00,2392.887,2393.148,2386.467,2387.822,6752,Sell
2024-08-06 20:00:00,2387.849,2389.625,2386.919,2389.231,3906,No Trade
2024-08-06 22:00:00,2389.988,2390.577,2388.055,2388.778,3299,Sell
2024-08-06 23:00:00,2388.78,2389.745,2382.844,2383.878,4287,Sell
2024-08-07 00:00:00,2383.813,2387.512,2381.173,2386.628,6927,Buy
2024-08-07 01:00:00,2386.656,2387.658,2379.021,2384.107,15603,No Trade
2024-08-07 02:00:00,2384.06,2388.53,2380.972,2384.291,12540,No Trade
2024-08-07 03:00:00,2384.333,2387.659,2383.281,2386.038,7020,No Trade
2024-08-07 04:00:00,2386.075,2394.764,2385.777,2392.923,5883,No Trade
2024-08-07 05:00:00,2392.91,2396.33,2388.721,2391.472,8770,No Trade
2024-08-07 06:00:00,2391.512,2397.672,2389.666,2394.876,8270,No Trade
2024-08-07 07:00:00,2394.914,2394.991,2388.062,2389.4,7799,Sell
2024-08-07 08:00:00,2389.443,2393.813,2388.31,2393.373,7098,No Trade
2024-08-07 09:00:00,2393.398,2396.535,2392.491,2394.408,5933,No Trade
2024-08-07 10:00:00,2394.458,2398.242,2393.233,2397.523,5352,No Trade
2024-08-07 11:00:00,2397.551,2402.482,2394.367,2401.244,7104,No Trade
2024-08-07 12:00:00,2401.238,2407.149,2398.936,2403.936,8773,No Trade
2024-08-07 13:00:00,2403.968,2404.985,2397.023,2400.13,11908,Sell
2024-08-07 14:00:00,2400.041,2403.493,2397.962,2399.185,11239,Sell
2024-08-07 15:00:00,2399.215,2401.896,2392.022,2394.614,11671,Sell
2024-08-07 16:00:00,2394.54,2399.838,2392.875,2399.766,6530,No Trade
2024-08-07 17:00:00,2399.721,2399.804,2389.505,2389.962,7843,Sell
2024-08-07 18:00:00,2389.915,2391.76,2383.872,2386.236,8290,Sell
2024-08-07 19:00:00,2386.275,2390.611,2385.406,2385.809,5859,Sell
2024-08-07 20:00:00,2385.76,2387.472,2381.764,2382.852,3965,Sell
2024-08-07 22:00:00,2382.412,2384.491,2380.974,2383.746,3516,No Trade
2024-08-07 23:00:00,2383.745,2385.992,2382.872,2384.881,4282,No Trade
2024-08-08 00:00:00,2384.925,2388.865,2383.373,2385.562,6425,No Trade
2024-08-08 01:00:00,2385.525,2391.404,2385.049,2386.92,11205,Sell
2024-08-08 02:00:00,2386.885,2390.944,2386.358,2390.48,6442,No Trade
2024-08-08 03:00:00,2390.466,2394.819,2388.683,2394.44,5501,No Trade
2024-08-08 04:00:00,2394.406,2396.467,2392.783,2394.444,5570,No Trade
2024-08-08 05:00:00,2394.373,2395.61,2392.497,2395.342,6027,Buy
2024-08-08 06:00:00,2395.38,2400.766,2392.747,2397.816,9004,No Trade
2024-08-08 07:00:00,2397.776,2400.404,2394.804,2396.826,7171,No Trade
2024-08-08 08:00:00,2396.876,2398.167,2392.928,2394.66,5506,Sell
2024-08-08 09:00:00,2394.699,2399.058,2393.933,2396.28,5948,Sell
2024-08-08 10:00:00,2396.29,2406.581,2396.277,2405.205,6750,Buy
2024-08-08 11:00:00,2405.175,2413.722,2404.953,2412.282,9647,No Trade
2024-08-08 12:00:00,2412.242,2415.644,2407.121,2408.127,14797,Sell
2024-08-08 13:00:00,2408.163,2415.571,2402.385,2414.246,17156,Buy
2024-08-08 14:00:00,2414.247,2424.455,2409.318,2413.818,20569,No Trade
2024-08-08 15:00:00,2413.873,2420.362,2411.9,2418.776,8531,No Trade
2024-08-08 16:00:00,2418.735,2423.905,2416.817,2418.152,7106,Sell
2024-08-08 17:00:00,2418.192,2425.032,2415.815,2423.641,7838,No Trade
2024-08-08 18:00:00,2423.624,2426.451,2422.361,2424.063,5283,No Trade
2024-08-08 19:00:00,2424.06,2424.973,2421.588,2423.623,4939,No Trade
2024-08-08 20:00:00,2423.64,2427.771,2423.052,2427.226,3300,No Trade
2024-08-08 22:00:00,2426.907,2427.908,2424.636,2425.866,3402,Sell
2024-08-08 23:00:00,2425.899,2426.554,2422.919,2424.685,3342,Sell
2024-08-09 00:00:00,2424.609,2425.444,2422.623,2424.115,4978,No Trade
2024-08-09 01:00:00,2424.071,2427.766,2420.156,2427.289,8755,Buy
2024-08-09 02:00:00,2427.298,2429.09,2422.453,2422.638,6574,Sell
2024-08-09 03:00:00,2422.597,2423.484,2419.312,2421.179,5341,Sell
2024-08-09 04:00:00,2421.136,2424.6,2420.273,2423.926,4361,No Trade
2024-08-09 05:00:00,2423.923,2424.051,2417.204,2417.261,6658,Sell
2024-08-09 06:00:00,2417.218,2421.872,2416.919,2420.773,6762,No Trade
2024-08-09 07:00:00,2420.731,2427.144,2420.416,2423.218,6110,No Trade
2024-08-09 08:00:00,2423.273,2426.875,2422.295,2424.567,5826,No Trade
2024-08-09 09:00:00,2424.523,2425.661,2422.729,2423.649,5179,Sell
2024-08-09 10:00:00,2423.674,2431.646,2423.083,2430.528,5981,No Trade
2024-08-09 11:00:00,2430.517,2432.73,2425.218,2426.851,6798,Sell
2024-08-09 12:00:00,2426.824,2429.941,2423.747,2429.7,8222,Buy
2024-08-09 13:00:00,2429.658,2433.275,2421.045,2426.828,16975,No Trade
2024-08-09 14:00:00,2426.707,2436.071,2425.417,2428.776,11630,No Trade
2024-08-09 15:00:00,2428.772,2432.641,2426.519,2431.56,9522,No Trade
2024-08-09 16:00:00,2431.604,2434.853,2427.57,2434.513,6266,Buy
2024-08-09 17:00:00,2434.504,2437.145,2430.577,2430.654,6417,Sell
2024-08-09 18:00:00,2430.663,2431.01,2427.247,2429.872,5075,No Trade
2024-08-09 19:00:00,2429.902,2430.193,2427.474,2429.169,4500,No Trade
2024-08-09 20:00:00,2429.208,2431.262,2429.208,2430.895,3046,No Trade
2024-08-11 22:00:00,2428.419,2433.328,2427.42,2430.492,3335,No Trade
2024-08-11 23:00:00,2430.49,2430.693,2427.35,2428.014,3182,Sell
2024-08-12 00:00:00,2428.016,2429.176,2426.819,2428.594,3501,Buy
2024-08-12 01:00:00,2428.558,2430.402,2424.753,2426.073,5841,Sell
2024-08-12 02:00:00,2426.058,2427.532,2423.912,2426.33,5068,No Trade
2024-08-12 03:00:00,2426.297,2429.477,2425.797,2428.659,4143,No Trade
2024-08-12 04:00:00,2428.616,2433.61,2428.28,2433.419,3193,Buy
2024-08-12 05:00:00,2433.425,2435.127,2429.2,2434.682,5858,Buy
2024-08-12 06:00:00,2434.742,2437.282,2433.654,2436.85,5797,No Trade
2024-08-12 07:00:00,2436.801,2442.979,2435.517,2441.66,5690,No Trade
2024-08-12 08:00:00,2441.702,2443.931,2439.663,2442.092,5541,No Trade
2024-08-12 09:00:00,2442.074,2445.146,2440.612,2442.692,5499,No Trade
2024-08-12 10:00:00,2442.793,2444.782,2441.488,2443.868,4967,No Trade
2024-08-12 11:00:00,2443.867,2444.269,2439.734,2441.585,5640,Sell
2024-08-12 12:00:00,2441.594,2445.529,2441.496,2444.421,6002,No Trade
2024-08-12 13:00:00,2444.43,2457.554,2442.156,2454.269,12804,No Trade
2024-08-12 14:00:00,2454.224,2455.558,2444.585,2453.302,12646,Buy
2024-08-12 15:00:00,2453.343,2460.771,2452.967,2459.865,10432,No Trade
2024-08-12 16:00:00,2459.855,2466.236,2459.014,2463.246,7297,No Trade
2024-08-12 17:00:00,2463.2,2468.677,2461.847,2467.195,6220,No Trade
2024-08-12 18:00:00,2467.235,2471.04,2466.428,2470.4,5428,No Trade
2024-08-12 19:00:00,2470.382,2472.279,2469.764,2470.558,4308,No Trade
2024-08-12 20:00:00,2470.531,2473.273,2470.497,2472.475,2735,No Trade
2024-08-12 22:00:00,2470.934,2474.227,2470.236,2473.748,2851,No Trade
2024-08-12 23:00:00,2473.757,2476.118,2472.822,2475.621,3258,No Trade
2024-08-13 00:00:00,2475.665,2477.048,2468.547,2472.26,5112,Sell
2024-08-13 01:00:00,2472.216,2473.796,2460.912,2466.442,10768,Sell
2024-08-13 02:00:00,2466.407,2467.816,2461.595,2461.595,5690,Sell
2024-08-13 03:00:00,2461.565,2464.748,2461.422,2463.529,5507,No Trade
2024-08-13 04:00:00,2463.597,2465.092,2460.209,2462.099,4196,Sell
2024-08-13 05:00:00,2462.048,2464.463,2458.578,2462.821,6277,No Trade
2024-08-13 06:00:00,2462.873,2464.693,2461.193,2463.371,5580,No Trade
2024-08-13 07:00:00,2463.336,2466.261,2460.857,2464.345,6110,No Trade
2024-08-13 08:00:00,2464.386,2464.456,2458.975,2460.658,5527,Sell
2024-08-13 09:00:00,2460.68,2462.151,2458.918,2460.785,4691,No Trade
2024-08-13 10:00:00,2460.778,2463.521,2459.496,2462.282,5238,No Trade
2024-08-13 11:00:00,2462.254,2466.692,2461.61,2465.853,6025,No Trade
2024-08-13 12:00:00,2465.882,2472.592,2464.366,2467.689,10139,No Trade
2024-08-13 13:00:00,2467.656,2475.762,2458.951,2472.963,15503,No Trade
2024-08-13 14:00:00,2472.928,2473.302,2464.114,2471.306,11028,Buy
2024-08-13 15:00:00,2471.35,2473.126,2466.055,2468.712,7158,Sell
2024-08-13 16:00:00,2468.685,2471.171,2466.374,2469.523,5896,No Trade
2024-08-13 17:00:00,2469.539,2470.388,2465.971,2467.679,5288,Sell
2024-08-13 18:00:00,2467.719,2469.001,2466.422,2467.88,4812,No Trade
2024-08-13 19:00:00,2467.833,2468.847,2462.32,2466.996,4975,No Trade
2024-08-13 20:00:00,2467.006,2467.924,2464.615,2465.318,3054,Sell
2024-08-13 22:00:00,2466.794,2466.991,2463.989,2465.635,2249,No Trade
2024-08-13 23:00:00,2465.644,2465.644,2463.027,2464.144,2835,Sell
2024-08-14 00:00:00,2464.189,2467.494,2464.013,2465.794,4305,Sell
2024-08-14 01:00:00,2465.755,2472.574,2464.645,2465.512,8904,Sell
2024-08-14 02:00:00,2465.482,2465.825,2455.356,2459.932,10904,Sell
2024-08-14 03:00:00,2459.892,2461.638,2458.847,2460.877,5841,No Trade
2024-08-14 04:00:00,2460.9,2463.026,2459.86,2461.933,4704,No Trade
2024-08-14 05:00:00,2461.898,2462.627,2459.343,2462.137,5076,Buy
2024-08-14 06:00:00,2462.173,2467.8,2460.382,2467.551,7590,No Trade
2024-08-14 07:00:00,2467.497,2471.987,2466.376,2470.934,6205,No Trade
2024-08-14 08:00:00,2470.906,2478.874,2468.761,2474.549,8081,No Trade
2024-08-14 09:00:00,2474.48,2475.47,2471.076,2472.901,5884,Sell
2024-08-14 10:00:00,2472.923,2476.246,2470.556,2474.963,5523,Buy
2024-08-14 11:00:00,2474.935,2475.329,2471.783,2474.78,5503,Buy
2024-08-14 12:00:00,2474.82,2480.172,2462.406,2468.858,20276,Sell
2024-08-14 13:00:00,2468.805,2469.665,2449.408,2457.513,27926,Sell
2024-08-14 14:00:00,2457.486,2458.43,2446.947,2450.352,21914,Sell
2024-08-14 15:00:00,2450.299,2452.292,2442.093,2444.109,13091,Sell
2024-08-14 16:00:00,2444.057,2445.57,2438.08,2444.205,9632,Buy
2024-08-14 17:00:00,2444.189,2445.113,2440.408,2441.638,6654,Sell
2024-08-14 18:00:00,2441.678,2448.093,2440.716,2447.763,5525,No Trade
2024-08-14 19:00:00,2447.725,2448.534,2444.392,2447.284,4744,Buy
2024-08-14 20:00:00,2447.215,2448.451,2446.614,2448.013,2657,No Trade
2024-08-14 22:00:00,2447.834,2448.678,2446.518,2447.932,2102,No Trade
2024-08-14 23:00:00,2447.967,2449.567,2447.237,2449.493,2879,No Trade
2024-08-15 00:00:00,2449.48,2454.354,2448.503,2450.24,5184,Sell
2024-08-15 01:00:00,2450.207,2453.648,2448.295,2450.74,9361,Sell
2024-08-15 02:00:00,2450.78,2452.633,2449.844,2451.539,6277,No Trade
2024-08-15 03:00:00,2451.548,2454.421,2451.298,2453.766,4207,No Trade
2024-08-15 04:00:00,2453.794,2455.567,2452.766,2453.464,4140,Sell
2024-08-15 05:00:00,2453.404,2455.122,2450.365,2453.895,6005,No Trade
2024-08-15 06:00:00,2453.948,2458.859,2452.796,2456.129,8022,No Trade
2024-08-15 07:00:00,2456.082,2456.719,2454.46,2455.795,5510,No Trade
2024-08-15 08:00:00,2455.785,2457.298,2453.616,2455.54,5874,No Trade
2024-08-15 09:00:00,2455.56,2457.367,2455.362,2456.818,4518,No Trade
2024-08-15 10:00:00,2456.854,2460.358,2456.854,2458.26,4839,Sell
2024-08-15 11:00:00,2458.305,2464.232,2457.948,2463.618,6684,No Trade
2024-08-15 12:00:00,2463.665,2470.179,2441.046,2441.174,24082,Sell
2024-08-15 13:00:00,2441.222,2451.635,2432.179,2444.515,32255,No Trade
2024-08-15 14:00:00,2444.545,2458.66,2444.545,2452.421,19918,No Trade
2024-08-15 15:00:00,2452.393,2459.712,2450.594,2458.424,11582,No Trade
2024-08-15 16:00:00,2458.479,2460.036,2455.102,2455.779,6975,Sell
2024-08-15 17:00:00,2455.826,2456.594,2453.485,2455.502,6453,No Trade
2024-08-15 18:00:00,2455.519,2458.403,2454.92,2458.309,4838,No Trade
2024-08-15 19:00:00,2458.303,2461.715,2454.112,2455.651,5147,Sell
2024-08-15 20:00:00,2455.605,2457.575,2454.757,2456.541,3082,No Trade
2024-08-15 22:00:00,2456.044,2456.292,2454.663,2455.006,1658,No Trade
2024-08-15 23:00:00,2454.968,2458.344,2454.481,2457.383,3047,No Trade
2024-08-16 00:00:00,2457.394,2459.839,2456.968,2458.47,3626,Sell
2024-08-16 01:00:00,2458.456,2460.142,2455.761,2457.466,6492,Sell
2024-08-16 02:00:00,2457.396,2457.8,2453.64,2455.028,5689,Sell
2024-08-16 03:00:00,2455.048,2455.781,2450.785,2452.549,5357,Sell
2024-08-16 04:00:00,2452.505,2453.82,2452.002,2452.83,3223,No Trade
2024-08-16 05:00:00,2452.829,2456.402,2452.72,2455.766,4687,No Trade
2024-08-16 06:00:00,2455.778,2457.902,2454.71,2455.08,5595,Sell
2024-08-16 07:00:00,2455.124,2464.594,2451.154,2462.068,6863,No Trade
2024-08-16 08:00:00,2462.137,2464.104,2459.194,2462.38,5607,No Trade
2024-08-16 09:00:00,2462.384,2464.409,2461.212,2463.36,4677,No Trade
2024-08-16 10:00:00,2463.4,2468.267,2462.869,2464.724,5731,Sell
2024-08-16 11:00:00,2464.694,2472.399,2464.694,2472.198,6983,Buy
2024-08-16 12:00:00,2472.159,2492.498,2471.336,2491.676,12920,Buy
2024-08-16 13:00:00,2491.722,2500.604,2483.694,2494.843,21329,No Trade
2024-08-16 14:00:00,2494.841,2495.169,2477.547,2487.308,21340,Sell
2024-08-16 15:00:00,2487.344,2492.418,2485.707,2491.776,8772,No Trade
2024-08-16 16:00:00,2491.815,2497.934,2491.736,2495.92,7770,No Trade
2024-08-16 17:00:00,2495.934,2500.246,2493.182,2499.782,6531,Buy
2024-08-16 18:00:00,2499.792,2505.647,2498.488,2503.388,6034,No Trade
2024-08-16 19:00:00,2503.436,2509.083,2501.791,2507.947,5773,No Trade
2024-08-16 20:00:00,2508.0,2509.867,2505.624,2507.905,4248,No Trade
2024-08-18 22:00:00,2506.548,2506.589,2502.358,2504.918,4970,No Trade
2024-08-18 23:00:00,2504.993,2506.865,2503.498,2506.501,2403,No Trade
2024-08-19 00:00:00,2506.507,2506.859,2500.445,2502.146,5394,Sell
2024-08-19 01:00:00,2502.193,2506.146,2495.021,2498.262,13033,Sell
2024-08-19 02:00:00,2498.204,2504.059,2496.217,2503.559,6822,No Trade
2024-08-19 03:00:00,2503.518,2505.917,2500.564,2503.307,6459,No Trade
2024-08-19 04:00:00,2503.288,2504.824,2498.855,2500.796,4974,Sell
2024-08-19 05:00:00,2500.746,2502.566,2499.184,2501.175,6220,No Trade
2024-08-19 06:00:00,2501.19,2505.271,2499.719,2502.242,6948,No Trade
2024-08-19 07:00:00,2502.287,2505.02,2499.823,2503.08,6317,No Trade
2024-08-19 08:00:00,2503.033,2507.268,2502.414,2503.131,5636,Sell
2024-08-19 09:00:00,2503.116,2504.067,2499.812,2500.035,4701,Sell
2024-08-19 10:00:00,2499.989,2500.172,2489.483,2489.928,6833,Sell
2024-08-19 11:00:00,2489.86,2495.255,2486.571,2494.478,7373,No Trade
2024-08-19 12:00:00,2494.503,2495.594,2488.742,2491.174,7293,Sell
2024-08-19 13:00:00,2491.226,2495.934,2485.702,2494.738,14122,Buy
2024-08-19 14:00:00,2494.706,2504.924,2493.93,2501.373,12128,No Trade
2024-08-19 15:00:00,2501.417,2506.035,2500.016,2504.022,8087,No Trade
2024-08-19 16:00:00,2503.985,2507.57,2502.0,2505.563,6665,No Trade
2024-08-19 17:00:00,2505.569,2505.955,2500.721,2503.24,5785,Sell
2024-08-19 18:00:00,2503.233,2504.95,2502.459,2504.318,4196,No Trade
2024-08-19 19:00:00,2504.277,2505.987,2503.118,2505.525,3831,No Trade
2024-08-19 20:00:00,2505.589,2505.724,2503.419,2504.14,2175,No Trade
2024-08-19 22:00:00,2503.322,2504.666,2502.131,2504.359,1950,Buy
2024-08-19 23:00:00,2504.35,2504.398,2502.485,2503.632,2257,No Trade
2024-08-20 00:00:00,2503.642,2506.995,2503.405,2505.063,4089,No Trade
2024-08-20 01:00:00,2505.021,2508.376,2501.256,2502.087,7493,Sell
2024-08-20 02:00:00,2502.05,2502.407,2498.72,2499.798,6380,Sell
2024-08-20 03:00:00,2499.74,2502.553,2499.176,2501.865,4196,No Trade
2024-08-20 04:00:00,2501.877,2502.898,2499.543,2500.941,3260,Sell
2024-08-20 05:00:00,2500.983,2503.796,2499.461,2499.53,4661,Sell
2024-08-20 06:00:00,2499.56,2505.934,2497.37,2502.481,6878,No Trade
2024-08-20 07:00:00,2502.379,2515.31,2501.199,2514.965,7285,Buy
2024-08-20 08:00:00,2514.992,2523.21,2514.381,2519.842,10973,No Trade
2024-08-20 09:00:00,2519.899,2525.285,2519.84,2521.835,7052,Sell
2024-08-20 10:00:00,2521.791,2524.603,2521.177,2522.896,5396,No Trade
2024-08-20 11:00:00,2522.856,2527.259,2522.201,2526.311,5805,No Trade
2024-08-20 12:00:00,2526.354,2529.257,2521.742,2526.847,9339,No Trade
2024-08-20 13:00:00,2526.812,2531.755,2519.945,2529.951,15603,Buy
2024-08-20 14:00:00,2529.996,2530.349,2520.46,2523.957,15138,Sell
2024-08-20 15:00:00,2523.91,2524.079,2505.847,2508.606,16624,Sell
2024-08-20 16:00:00,2508.637,2510.664,2500.917,2509.089,10606,Buy
2024-08-20 17:00:00,2509.124,2513.327,2506.806,2510.611,6332,No Trade
2024-08-20 18:00:00,2510.583,2515.609,2509.329,2513.424,4789,No Trade
2024-08-20 19:00:00,2513.418,2515.382,2510.934,2515.041,4267,Buy
2024-08-20 20:00:00,2515.084,2517.027,2513.893,2514.071,2409,Sell
2024-08-20 22:00:00,2513.437,2515.811,2513.386,2514.781,1951,Sell
2024-08-20 23:00:00,2514.851,2516.211,2512.814,2513.054,2724,Sell
2024-08-21 00:00:00,2513.066,2516.044,2512.569,2513.6,4061,Sell
2024-08-21 01:00:00,2513.618,2517.208,2510.866,2517.005,7714,Buy
2024-08-21 02:00:00,2517.01,2520.032,2515.932,2519.425,6008,No Trade
2024-08-21 03:00:00,2519.43,2519.469,2513.049,2517.476,5000,No Trade
2024-08-21 04:00:00,2517.523,2517.773,2513.866,2516.222,4103,No Trade
2024-08-21 05:00:00,2516.236,2518.515,2514.98,2515.281,4556,Sell
2024-08-21 06:00:00,2515.315,2519.707,2511.782,2514.609,6736,No Trade
2024-08-21 07:00:00,2514.537,2517.06,2508.149,2509.841,6956,Sell
2024-08-21 08:00:00,2509.813,2512.452,2506.808,2507.361,5757,Sell
2024-08-21 09:00:00,2507.321,2509.312,2504.557,2505.742,5425,Sell
2024-08-21 10:00:00,2505.704,2509.812,2504.508,2509.392,5259,No Trade
2024-08-21 11:00:00,2509.434,2513.411,2506.928,2511.913,5392,No Trade
2024-08-21 12:00:00,2511.871,2513.823,2507.174,2510.578,8078,No Trade
2024-08-21 13:00:00,2510.618,2512.977,2497.985,2503.091,13742,Sell
2024-08-21 14:00:00,2503.042,2506.821,2493.759,2501.617,26329,No Trade
2024-08-21 15:00:00,2501.656,2511.149,2501.404,2508.5,9697,No Trade
2024-08-21 16:00:00,2508.459,2508.977,2503.141,2507.153,6708,No Trade
2024-08-21 17:00:00,2507.187,2511.493,2506.933,2509.523,5554,No Trade
2024-08-21 18:00:00,2509.488,2519.257,2509.488,2515.973,7428,No Trade
2024-08-21 19:00:00,2515.991,2516.492,2511.005,2511.649,5495,Sell
2024-08-21 20:00:00,2511.603,2512.545,2509.849,2512.151,3157,Buy
2024-08-21 22:00:00,2512.074,2514.081,2511.499,2513.959,2071,No Trade
2024-08-21 23:00:00,2513.962,2514.514,2512.322,2512.873,2110,Sell
2024-08-22 00:00:00,2512.822,2514.791,2511.259,2513.786,3952,No Trade
2024-08-22 01:00:00,2513.779,2514.162,2507.122,2507.735,6682,Sell
2024-08-22 02:00:00,2507.754,2508.763,2499.942,2502.38,7129,Sell
2024-08-22 03:00:00,2502.435,2504.777,2501.174,2502.419,5683,No Trade
2024-08-22 04:00:00,2502.434,2502.479,2499.274,2502.012,3837,Buy
2024-08-22 05:00:00,2501.969,2506.376,2500.724,2505.585,5400,No Trade
2024-08-22 06:00:00,2505.601,2510.687,2503.593,2507.628,7657,No Trade
2024-08-22 07:00:00,2507.587,2509.922,2504.449,2507.192,6651,No Trade
2024-08-22 08:00:00,2507.194,2507.584,2502.506,2503.69,6091,Sell
2024-08-22 09:00:00,2503.668,2508.084,2501.139,2507.313,6153,No Trade
2024-08-22 10:00:00,2507.357,2509.212,2505.276,2505.41,4751,Sell
2024-08-22 11:00:00,2505.367,2506.092,2498.151,2499.534,6915,Sell
2024-08-22 12:00:00,2499.592,2504.271,2495.276,2500.751,10646,No Trade
2024-08-22 13:00:00,2500.708,2501.611,2483.072,2488.005,17827,Sell
2024-08-22 14:00:00,2487.977,2487.977,2470.891,2480.11,19480,No Trade
2024-08-22 15:00:00,2480.101,2484.246,2475.048,2481.884,10580,Buy
2024-08-22 16:00:00,2481.932,2486.04,2481.375,2484.294,7372,No Trade
2024-08-22 17:00:00,2484.272,2484.522,2479.633,2482.297,6340,No Trade
2024-08-22 18:00:00,2482.343,2484.879,2480.435,2482.386,5442,No Trade
2024-08-22 19:00:00,2482.339,2483.534,2478.581,2483.073,4689,Buy
2024-08-22 20:00:00,2483.111,2484.943,2482.463,2484.409,3240,No Trade
2024-08-22 22:00:00,2484.636,2485.684,2484.46,2485.254,1554,No Trade
2024-08-22 23:00:00,2485.241,2487.672,2484.948,2487.654,1903,No Trade
2024-08-23 00:00:00,2487.664,2492.279,2486.559,2490.05,4715,No Trade
2024-08-23 01:00:00,2490.035,2491.561,2487.925,2490.891,7492,Buy
2024-08-23 02:00:00,2490.931,2491.678,2486.733,2490.023,5649,No Trade
2024-08-23 03:00:00,2489.975,2493.843,2489.538,2493.26,5123,No Trade
2024-08-23 04:00:00,2493.243,2494.624,2492.644,2493.403,3767,No Trade
2024-08-23 05:00:00,2493.423,2495.844,2491.197,2491.89,5023,Sell
2024-08-23 06:00:00,2491.87,2494.728,2490.63,2492.992,5561,No Trade
2024-08-23 07:00:00,2493.054,2494.204,2491.73,2493.474,6047,No Trade
2024-08-23 08:00:00,2493.428,2500.005,2493.081,2499.0,5564,No Trade
2024-08-23 09:00:00,2499.001,2501.963,2496.977,2499.066,5512,No Trade
2024-08-23 10:00:00,2499.021,2499.417,2495.687,2499.099,5036,Buy
2024-08-23 11:00:00,2499.049,2502.592,2497.478,2501.661,5154,No Trade
2024-08-23 12:00:00,2501.647,2502.463,2498.421,2501.422,6826,Buy
2024-08-23 13:00:00,2501.389,2503.993,2494.543,2498.622,10745,No Trade
2024-08-23 14:00:00,2498.706,2517.977,2497.918,2509.228,31587,No Trade
2024-08-23 15:00:00,2509.255,2518.44,2508.0,2509.935,14164,Sell
2024-08-23 16:00:00,2509.974,2510.572,2501.796,2510.334,10312,Buy
2024-08-23 17:00:00,2510.423,2513.332,2509.541,2511.008,6919,No Trade
2024-08-23 18:00:00,2510.998,2511.96,2509.07,2509.916,4750,Sell
2024-08-23 19:00:00,2509.884,2512.892,2507.93,2510.862,4817,No Trade
2024-08-23 20:00:00,2510.835,2512.55,2509.622,2512.447,3097,No Trade
2024-08-25 22:00:00,2512.147,2514.743,2511.148,2513.029,3067,No Trade
2024-08-25 23:00:00,2513.054,2516.763,2513.001,2515.997,4348,No Trade
2024-08-26 00:00:00,2515.983,2517.081,2512.547,2513.809,5515,Sell
2024-08-26 01:00:00,2513.8,2515.618,2510.638,2513.424,8637,No Trade
2024-08-26 02:00:00,2513.457,2515.419,2511.832,2512.035,5076,No Trade
2024-08-26 03:00:00,2512.029,2513.047,2509.41,2509.849,4585,Sell
2024-08-26 04:00:00,2509.819,2510.918,2508.974,2509.718,3947,No Trade
2024-08-26 05:00:00,2509.698,2511.333,2508.726,2510.673,4847,No Trade
2024-08-26 06:00:00,2510.651,2515.433,2509.854,2515.197,6597,No Trade
2024-08-26 07:00:00,2515.152,2521.9,2514.218,2521.488,7991,No Trade
2024-08-26 08:00:00,2521.492,2525.858,2520.782,2524.27,6484,No Trade
2024-08-26 09:00:00,2524.315,2525.645,2523.425,2525.059,5282,No Trade
2024-08-26 10:00:00,2525.072,2526.688,2522.568,2525.006,5650,Buy
2024-08-26 11:00:00,2524.966,2526.986,2520.964,2526.613,6816,Buy
2024-08-26 12:00:00,2526.547,2527.089,2522.653,2523.921,9337,No Trade
2024-08-26 13:00:00,2523.881,2526.539,2515.515,2515.972,15114,Sell
2024-08-26 14:00:00,2515.994,2519.098,2510.658,2516.993,13616,Buy
2024-08-26 15:00:00,2516.951,2517.535,2511.469,2515.862,9480,Buy
2024-08-26 16:00:00,2515.867,2520.538,2513.598,2520.289,6398,Buy
2024-08-26 17:00:00,2520.241,2523.471,2516.534,2518.12,6351,Sell
2024-08-26 18:00:00,2518.117,2519.576,2515.569,2517.008,4527,Sell
2024-08-26 19:00:00,2516.966,2521.047,2516.875,2518.249,4459,Sell
2024-08-26 20:00:00,2518.286,2519.175,2517.504,2518.309,2382,No Trade
2024-08-26 22:00:00,2518.02,2518.131,2517.098,2517.383,1598,Sell
2024-08-26 23:00:00,2517.401,2517.768,2515.486,2515.591,2006,Sell
2024-08-27 00:00:00,2515.592,2516.789,2512.975,2513.309,4017,Sell
2024-08-27 01:00:00,2513.271,2514.177,2508.309,2509.843,7571,Sell
2024-08-27 02:00:00,2509.845,2510.431,2505.896,2508.865,6312,No Trade
2024-08-27 03:00:00,2508.828,2509.215,2505.9,2509.053,4436,Buy
2024-08-27 04:00:00,2509.088,2509.605,2506.257,2507.383,3786,Sell
2024-08-27 05:00:00,2507.375,2513.872,2506.698,2513.577,6130,Buy
2024-08-27 06:00:00,2513.619,2517.606,2512.858,2514.93,7527,Sell
2024-08-27 07:00:00,2514.978,2517.641,2504.655,2505.068,8632,Sell
2024-08-27 08:00:00,2504.965,2512.57,2503.536,2511.139,7312,No Trade
2024-08-27 09:00:00,2511.104,2513.825,2508.116,2509.023,6825,Sell
2024-08-27 10:00:00,2508.997,2510.605,2506.931,2509.072,6523,No Trade
2024-08-27 11:00:00,2509.109,2512.534,2508.669,2511.559,5738,No Trade
2024-08-27 12:00:00,2511.524,2514.473,2507.781,2509.995,8298,Sell
2024-08-27 13:00:00,2509.955,2515.214,2503.516,2512.49,15065,Buy
2024-08-27 14:00:00,2512.37,2518.168,2507.821,2514.834,15275,Buy
2024-08-27 15:00:00,2514.881,2520.46,2511.563,2512.214,9870,Sell
2024-08-27 16:00:00,2512.187,2514.58,2509.91,2514.423,6417,Buy
2024-08-27 17:00:00,2514.457,2521.805,2514.151,2520.118,6687,No Trade
2024-08-27 18:00:00,2520.094,2526.018,2519.936,2524.506,5620,No Trade
2024-08-27 19:00:00,2524.541,2525.806,2523.085,2525.177,4429,No Trade
2024-08-27 20:00:00,2525.142,2526.078,2523.86,2524.657,2907,Sell
2024-08-27 22:00:00,2525.064,2526.103,2524.808,2525.703,1952,No Trade
2024-08-27 23:00:00,2525.742,2529.123,2524.203,2525.349,3558,Sell
2024-08-28 00:00:00,2525.303,2525.893,2523.958,2524.451,3613,Sell
2024-08-28 01:00:00,2524.457,2524.457,2516.882,2517.161,7391,Sell
2024-08-28 02:00:00,2517.175,2518.59,2513.42,2516.412,6084,No Trade
2024-08-28 03:00:00,2516.39,2517.132,2513.248,2515.941,4405,No Trade
2024-08-28 04:00:00,2515.904,2516.24,2510.273,2511.612,4553,Sell
2024-08-28 05:00:00,2511.657,2511.822,2505.495,2505.785,7621,Sell
2024-08-28 06:00:00,2505.754,2508.963,2503.299,2508.315,2795,Buy
2024-08-28 07:00:00,2509.275,2511.384,2507.588,2510.064,5579,No Trade
2024-08-28 08:00:00,2510.022,2510.022,2506.041,2508.191,6058,Sell
2024-08-28 09:00:00,2508.152,2511.512,2507.743,2510.194,5104,No Trade
2024-08-28 10:00:00,2510.234,2510.557,2502.619,2505.448,5826,Sell
2024-08-28 11:00:00,2505.426,2505.563,2500.77,2501.565,6946,Sell
2024-08-28 12:00:00,2501.525,2501.755,2493.578,2500.647,11373,Buy
2024-08-28 13:00:00,2500.637,2510.769,2499.393,2506.668,15208,No Trade
2024-08-28 14:00:00,2506.631,2509.196,2504.037,2507.598,11245,No Trade
2024-08-28 15:00:00,2507.64,2510.333,2505.039,2506.221,8467,Sell
2024-08-28 16:00:00,2506.262,2506.583,2496.444,2501.972,7716,No Trade
2024-08-28 17:00:00,2501.971,2506.452,2500.559,2505.412,6579,No Trade
2024-08-28 18:00:00,2505.457,2508.315,2503.675,2508.014,4984,No Trade
2024-08-28 19:00:00,2508.04,2509.671,2506.831,2507.687,4797,No Trade
2024-08-28 20:00:00,2507.723,2508.675,2502.84,2504.442,3856,Sell
2024-08-28 22:00:00,2505.34,2508.783,2504.998,2507.222,3470,No Trade
2024-08-28 23:00:00,2507.187,2508.298,2506.463,2508.19,2572,No Trade
2024-08-29 00:00:00,2508.16,2515.439,2508.057,2512.401,5578,Sell
2024-08-29 01:00:00,2512.437,2514.83,2511.756,2513.265,6366,No Trade
2024-08-29 02:00:00,2513.262,2515.283,2511.683,2512.922,4956,No Trade
2024-08-29 03:00:00,2512.892,2516.851,2512.432,2516.623,4328,Buy
2024-08-29 04:00:00,2516.671,2518.293,2515.581,2515.971,4340,Sell
2024-08-29 05:00:00,2515.935,2520.01,2513.886,2518.808,5343,No Trade
2024-08-29 06:00:00,2518.775,2521.244,2516.372,2516.955,6415,Sell
2024-08-29 07:00:00,2516.99,2519.241,2515.238,2519.171,5833,Buy
2024-08-29 08:00:00,2519.205,2520.282,2515.123,2517.233,8006,Sell
2024-08-29 09:00:00,2517.273,2524.491,2515.999,2523.015,6090,No Trade
2024-08-29 10:00:00,2523.045,2524.526,2520.883,2523.162,6257,No Trade
2024-08-29 11:00:00,2523.197,2523.438,2519.126,2519.963,5784,Sell
2024-08-29 12:00:00,2519.954,2520.315,2503.638,2509.236,15197,Sell
2024-08-29 13:00:00,2509.267,2519.302,2508.236,2516.893,16800,No Trade
2024-08-29 14:00:00,2516.941,2522.423,2514.435,2522.172,14184,No Trade
2024-08-29 15:00:00,2522.215,2525.776,2518.619,2522.615,8377,No Trade
2024-08-29 16:00:00,2522.587,2526.859,2517.498,2525.297,6755,Buy
2024-08-29 17:00:00,2525.341,2528.749,2523.556,2525.866,6377,No Trade
2024-08-29 18:00:00,2525.881,2526.498,2521.093,2523.145,6363,Sell
2024-08-29 19:00:00,2523.128,2524.936,2520.931,2521.258,5113,Sell
2024-08-29 20:00:00,2521.296,2522.393,2520.716,2521.539,2719,No Trade
2024-08-29 22:00:00,2521.027,2521.911,2520.501,2521.055,1678,No Trade
2024-08-29 23:00:00,2521.068,2521.068,2518.974,2519.693,2296,Sell
2024-08-30 00:00:00,2519.68,2519.754,2516.775,2517.806,4015,Sell
2024-08-30 01:00:00,2517.818,2520.133,2514.464,2516.187,7012,Sell
2024-08-30 02:00:00,2516.099,2517.988,2514.211,2516.135,5513,Sell
2024-08-30 03:00:00,2516.102,2517.066,2512.372,2513.637,4505,Sell
2024-08-30 04:00:00,2513.613,2514.667,2512.22,2513.49,3967,No Trade
2024-08-30 05:00:00,2513.471,2516.394,2512.533,2513.89,5412,No Trade
2024-08-30 06:00:00,2513.885,2524.183,2513.187,2517.848,9759,No Trade
2024-08-30 07:00:00,2517.823,2521.459,2517.592,2519.449,6148,Sell
2024-08-30 08:00:00,2519.436,2526.843,2518.914,2523.024,6094,Sell
2024-08-30 09:00:00,2523.047,2526.994,2522.736,2524.298,5389,Sell
2024-08-30 10:00:00,2524.272,2524.891,2515.067,2515.4,6423,Sell
2024-08-30 11:00:00,2515.366,2521.752,2515.079,2519.603,5877,No Trade
2024-08-30 12:00:00,2519.565,2524.84,2516.345,2519.671,13316,No Trade
2024-08-30 13:00:00,2519.647,2519.924,2512.938,2515.536,17145,Sell
2024-08-30 14:00:00,2515.565,2518.501,2506.416,2509.241,18667,Sell
2024-08-30 15:00:00,2509.202,2509.706,2500.313,2502.581,14567,Sell
2024-08-30 16:00:00,2502.545,2506.125,2496.615,2497.808,9956,Sell
2024-08-30 17:00:00,2497.775,2500.515,2494.166,2499.588,9221,Buy
2024-08-30 18:00:00,2499.616,2504.83,2499.475,2502.423,5946,Sell
2024-08-30 19:00:00,2502.432,2504.095,2498.366,2502.423,5822,No Trade
2024-08-30 20:00:00,2502.384,2503.658,2501.918,2503.422,3429,No Trade
2024-09-01 22:00:00,2502.565,2504.84,2502.462,2503.548,2052,Sell
2024-09-01 23:00:00,2503.549,2503.777,2502.022,2503.06,3396,Sell
2024-09-02 00:00:00,2503.063,2505.06,2501.221,2501.654,3543,Sell
2024-09-02 01:00:00,2501.669,2504.77,2496.722,2498.091,8437,Sell
2024-09-02 02:00:00,2498.088,2498.349,2490.057,2492.046,8971,Sell
2024-09-02 03:00:00,2492.057,2496.44,2491.456,2496.308,4677,No Trade
2024-09-02 04:00:00,2496.288,2499.612,2496.213,2496.938,3905,No Trade
2024-09-02 05:00:00,2496.979,2498.588,2495.271,2496.537,5117,No Trade
2024-09-02 06:00:00,2496.531,2501.537,2495.939,2497.649,6965,Sell
2024-09-02 07:00:00,2497.608,2499.644,2496.218,2498.237,5587,No Trade
2024-09-02 08:00:00,2498.289,2507.39,2497.33,2506.32,6651,No Trade
2024-09-02 09:00:00,2506.295,2506.687,2498.279,2498.968,6106,Sell
2024-09-02 10:00:00,2498.931,2502.135,2498.183,2499.311,4842,No Trade
2024-09-02 11:00:00,2499.309,2500.299,2497.162,2499.894,5062,Buy
2024-09-02 12:00:00,2499.854,2503.311,2498.813,2501.345,5199,No Trade
2024-09-02 13:00:00,2501.385,2502.331,2498.605,2500.02,7135,Sell
2024-09-02 14:00:00,2500.0,2502.569,2497.752,2502.031,5969,Buy
2024-09-02 15:00:00,2502.035,2502.474,2499.922,2501.565,4283,No Trade
2024-09-02 16:00:00,2501.57,2501.982,2498.661,2500.607,2845,No Trade
2024-09-02 17:00:00,2500.563,2501.431,2499.848,2500.165,1225,Sell
2024-09-02 22:00:00,2499.63,2499.813,2497.552,2497.824,1576,Sell
2024-09-02 23:00:00,2497.853,2498.59,2496.57,2497.322,2256,Sell
2024-09-03 00:00:00,2497.327,2497.781,2495.032,2495.858,4025,Sell
2024-09-03 01:00:00,2495.813,2495.929,2489.74,2493.779,8558,No Trade
2024-09-03 02:00:00,2493.792,2496.496,2492.494,2495.34,6699,No Trade
2024-09-03 03:00:00,2495.302,2495.92,2493.119,2494.797,5188,No Trade
2024-09-03 04:00:00,2494.869,2497.088,2493.97,2496.01,3815,No Trade
2024-09-03 05:00:00,2496.02,2496.036,2492.808,2495.055,5267,No Trade
2024-09-03 06:00:00,2495.092,2498.993,2492.898,2497.902,7099,No Trade
2024-09-03 07:00:00,2497.864,2502.131,2496.664,2500.923,6951,No Trade
2024-09-03 08:00:00,2500.889,2506.327,2500.64,2503.947,6822,No Trade
2024-09-03 09:00:00,2503.998,2505.081,2500.917,2500.997,5776,Sell
2024-09-03 10:00:00,2501.03,2501.118,2492.673,2497.346,7895,No Trade
2024-09-03 11:00:00,2497.331,2501.689,2484.698,2489.778,10995,Sell
2024-09-03 12:00:00,2489.77,2502.356,2487.099,2493.349,19092,Sell
2024-09-03 13:00:00,2493.308,2497.739,2475.544,2480.141,25093,No Trade
2024-09-03 14:00:00,2480.053,2485.732,2473.362,2478.346,25437,No Trade
2024-09-03 15:00:00,2478.305,2489.577,2477.276,2488.433,11263,Buy
2024-09-03 16:00:00,2488.41,2489.085,2483.959,2486.114,6976,Sell
2024-09-03 17:00:00,2486.087,2492.065,2485.56,2489.56,6106,No Trade
2024-09-03 18:00:00,2489.567,2490.08,2487.138,2489.384,4740,No Trade
2024-09-03 19:00:00,2489.35,2494.478,2489.031,2492.095,4768,Sell
2024-09-03 20:00:00,2492.045,2493.042,2491.398,2492.866,2475,Buy
2024-09-03 22:00:00,2492.847,2494.486,2492.123,2493.198,2412,No Trade
2024-09-03 23:00:00,2493.197,2494.844,2492.396,2493.303,2871,No Trade
2024-09-04 00:00:00,2493.28,2495.07,2492.248,2492.502,4995,Sell
2024-09-04 01:00:00,2492.438,2494.588,2491.373,2493.426,6488,No Trade
2024-09-04 02:00:00,2493.392,2497.03,2492.519,2495.371,5286,No Trade
2024-09-04 03:00:00,2495.335,2496.571,2493.576,2495.096,3890,No Trade
2024-09-04 04:00:00,2495.138,2496.877,2494.55,2495.946,3016,No Trade
2024-09-04 05:00:00,2495.944,2496.629,2492.861,2493.222,4780,Sell
2024-09-04 06:00:00,2493.263,2493.51,2483.789,2484.391,8453,Sell
2024-09-04 07:00:00,2484.347,2488.297,2482.001,2482.257,8098,Sell
2024-09-04 08:00:00,2482.252,2483.383,2472.584,2473.422,8575,Sell
2024-09-04 09:00:00,2473.447,2483.351,2471.906,2481.734,9537,No Trade
2024-09-04 10:00:00,2481.71,2490.129,2481.158,2489.058,7589,No Trade
2024-09-04 11:00:00,2489.06,2491.332,2486.824,2489.257,7496,No Trade
2024-09-04 12:00:00,2489.22,2491.24,2485.502,2486.593,10801,Sell
2024-09-04 13:00:00,2486.603,2490.121,2482.136,2485.862,14236,No Trade
2024-09-04 14:00:00,2485.809,2500.346,2485.118,2496.308,24131,No Trade
2024-09-04 15:00:00,2496.289,2498.427,2492.916,2494.064,10675,Sell
2024-09-04 16:00:00,2494.038,2498.103,2493.204,2496.768,6251,No Trade
2024-09-04 17:00:00,2496.739,2497.475,2493.582,2494.009,5010,Sell
2024-09-04 18:00:00,2494.05,2495.621,2492.336,2494.738,4967,No Trade
2024-09-04 19:00:00,2494.778,2494.898,2491.512,2493.504,4434,No Trade
2024-09-04 20:00:00,2493.461,2497.031,2492.912,2495.891,2695,No Trade
2024-09-04 22:00:00,2495.341,2495.758,2494.454,2495.432,1716,No Trade
2024-09-04 23:00:00,2495.432,2496.98,2495.126,2495.909,2697,No Trade
2024-09-05 00:00:00,2495.907,2496.653,2494.543,2495.244,3761,Sell
2024-09-05 01:00:00,2495.24,2499.415,2494.613,2496.456,6765,Sell
2024-09-05 02:00:00,2496.484,2499.05,2496.269,2498.174,4263,No Trade
2024-09-05 03:00:00,2498.116,2498.753,2494.65,2494.948,4218,Sell
2024-09-05 04:00:00,2494.915,2495.186,2493.839,2494.292,3264,Sell
2024-09-05 05:00:00,2494.254,2502.437,2493.994,2501.994,5292,Buy
2024-09-05 06:00:00,2501.958,2506.968,2500.827,2504.548,8238,No Trade
2024-09-05 07:00:00,2504.5,2507.703,2503.012,2506.45,6201,No Trade
2024-09-05 08:00:00,2506.488,2516.78,2505.995,2514.762,9522,No Trade
2024-09-05 09:00:00,2514.797,2517.397,2514.797,2515.623,6643,Sell
2024-09-05 10:00:00,2515.644,2517.047,2513.378,2516.437,5731,Buy
2024-09-05 11:00:00,2516.525,2518.455,2513.716,2515.279,7469,Sell
2024-09-05 12:00:00,2515.308,2523.654,2514.135,2517.838,16874,Sell
2024-09-05 13:00:00,2517.876,2519.506,2512.464,2514.992,17337,Sell
2024-09-05 14:00:00,2514.937,2520.702,2507.679,2508.836,22104,Sell
2024-09-05 15:00:00,2508.8,2511.059,2503.877,2507.234,12080,No Trade
2024-09-05 16:00:00,2507.259,2511.69,2506.154,2510.473,7321,No Trade
2024-09-05 17:00:00,2510.449,2515.548,2509.335,2515.159,6219,No Trade
2024-09-05 18:00:00,2515.194,2516.934,2514.836,2515.738,4440,No Trade
2024-09-05 19:00:00,2515.724,2516.171,2513.666,2514.894,4255,Sell
2024-09-05 20:00:00,2514.937,2517.033,2514.882,2516.532,2214,No Trade
2024-09-05 22:00:00,2517.127,2517.127,2515.738,2516.267,1759,Sell
2024-09-05 23:00:00,2516.227,2518.091,2516.227,2517.362,2612,No Trade
2024-09-06 00:00:00,2517.357,2517.732,2515.6,2516.03,3601,Sell
2024-09-06 01:00:00,2516.034,2516.722,2513.534,2513.939,5897,Sell
2024-09-06 02:00:00,2513.905,2518.093,2513.127,2517.778,5419,No Trade
2024-09-06 03:00:00,2517.801,2518.554,2516.977,2518.301,3871,Buy
2024-09-06 04:00:00,2518.337,2519.641,2517.774,2518.475,3581,No Trade
2024-09-06 05:00:00,2518.464,2521.921,2518.464,2520.217,5044,Sell
2024-09-06 06:00:00,2520.182,2521.482,2516.711,2519.258,6580,No Trade
2024-09-06 07:00:00,2519.214,2519.991,2516.358,2516.633,6247,Sell
2024-09-06 08:00:00,2516.596,2518.342,2515.517,2517.844,5255,Buy
2024-09-06 09:00:00,2517.902,2519.99,2516.401,2519.241,4628,Buy
2024-09-06 10:00:00,2519.259,2519.944,2517.23,2518.983,5054,No Trade
2024-09-06 11:00:00,2519.013,2520.444,2514.749,2516.343,5988,Sell
2024-09-06 12:00:00,2516.382,2529.312,2507.55,2522.301,25091,No Trade
2024-09-06 13:00:00,2522.327,2523.126,2502.224,2509.458,31964,Sell
2024-09-06 14:00:00,2509.49,2515.687,2500.483,2506.856,27265,No Trade
2024-09-06 15:00:00,2506.889,2518.597,2503.733,2505.464,31607,Sell
2024-09-06 16:00:00,2505.44,2505.962,2485.144,2489.016,23797,No Trade
2024-09-06 17:00:00,2488.979,2497.065,2485.937,2495.656,13219,No Trade
2024-09-06 18:00:00,2495.678,2496.951,2492.091,2494.587,9027,No Trade
2024-09-06 19:00:00,2494.612,2496.88,2490.77,2496.058,8073,Buy
2024-09-06 20:00:00,2496.019,2497.907,2494.818,2497.635,3872,Buy
2024-09-08 22:00:00,2497.118,2498.089,2496.248,2497.951,2493,Buy
2024-09-08 23:00:00,2497.977,2498.356,2495.587,2496.949,3658,No Trade
2024-09-09 00:00:00,2496.951,2498.382,2495.743,2496.1,4845,Sell
2024-09-09 01:00:00,2496.074,2498.775,2494.791,2497.845,9786,No Trade
2024-09-09 02:00:00,2497.882,2499.205,2496.993,2497.254,6310,Sell
2024-09-09 03:00:00,2497.216,2500.62,2496.807,2499.366,4701,No Trade
2024-09-09 04:00:00,2499.33,2499.621,2497.542,2498.258,3587,Sell
2024-09-09 05:00:00,2498.239,2498.368,2487.485,2487.9,7599,Sell
2024-09-09 06:00:00,2487.919,2493.655,2485.583,2489.813,10739,No Trade
2024-09-09 07:00:00,2489.86,2496.752,2488.865,2494.366,11643,No Trade
2024-09-09 08:00:00,2494.391,2495.674,2490.02,2492.219,9210,Sell
2024-09-09 09:00:00,2492.259,2497.764,2492.111,2496.376,6394,No Trade
2024-09-09 10:00:00,2496.41,2499.217,2493.134,2494.451,6411,Sell
2024-09-09 11:00:00,2494.481,2498.961,2493.459,2497.322,5696,No Trade
2024-09-09 12:00:00,2497.367,2504.243,2496.36,2500.998,9140,No Trade
2024-09-09 13:00:00,2500.948,2505.372,2499.309,2499.875,13483,Sell
2024-09-09 14:00:00,2499.838,2501.274,2493.311,2496.904,12882,No Trade
2024-09-09 15:00:00,2496.955,2499.722,2493.63,2499.161,8878,Buy
2024-09-09 16:00:00,2499.187,2505.313,2499.187,2504.407,6634,No Trade
2024-09-09 17:00:00,2504.408,2506.657,2499.509,2500.052,6269,Sell
2024-09-09 18:00:00,2500.093,2505.435,2499.484,2504.741,5041,No Trade
2024-09-09 19:00:00,2504.742,2506.193,2502.65,2506.04,4657,Buy
2024-09-09 20:00:00,2506.001,2507.292,2505.301,2506.198,2862,No Trade
2024-09-09 22:00:00,2506.518,2507.261,2505.885,2507.044,1640,Buy
2024-09-09 23:00:00,2507.045,2507.781,2505.717,2506.893,2529,No Trade
2024-09-10 00:00:00,2506.895,2507.541,2504.87,2505.473,4350,Sell
2024-09-10 01:00:00,2505.475,2506.901,2502.947,2503.915,6857,Sell
2024-09-10 02:00:00,2503.915,2504.117,2501.853,2503.057,5363,Sell
2024-09-10 03:00:00,2503.016,2504.46,2501.45,2502.612,4274,No Trade
2024-09-10 04:00:00,2502.58,2502.975,2500.999,2501.872,3370,Sell
2024-09-10 05:00:00,2501.833,2505.068,2500.816,2503.964,4871,No Trade
2024-09-10 06:00:00,2503.951,2506.65,2503.427,2505.157,6649,No Trade
2024-09-10 07:00:00,2505.116,2507.853,2502.142,2502.872,6562,Sell
2024-09-10 08:00:00,2502.829,2503.193,2500.132,2502.328,6239,No Trade
2024-09-10 09:00:00,2502.316,2506.136,2500.245,2506.118,6404,No Trade
2024-09-10 10:00:00,2506.143,2509.775,2505.234,2505.709,6658,Sell
2024-09-10 11:00:00,2505.698,2507.229,2504.291,2504.687,6056,Sell
2024-09-10 12:00:00,2504.655,2514.182,2504.531,2513.864,8366,No Trade
2024-09-10 13:00:00,2513.897,2515.465,2506.324,2506.922,15090,Sell
2024-09-10 14:00:00,2506.884,2509.322,2500.934,2509.079,16647,Buy
2024-09-10 15:00:00,2509.138,2518.498,2508.257,2512.677,11524,Sell
2024-09-10 16:00:00,2512.85,2515.636,2510.773,2514.415,7529,No Trade
2024-09-10 17:00:00,2514.421,2515.777,2512.966,2513.233,5892,Sell
2024-09-10 18:00:00,2513.214,2516.703,2512.17,2516.361,5119,No Trade
2024-09-10 19:00:00,2516.334,2517.595,2514.184,2517.323,4693,Buy
2024-09-10 20:00:00,2517.291,2517.507,2515.83,2516.528,2504,Sell
2024-09-10 22:00:00,2516.662,2517.215,2516.367,2516.516,1433,Sell
2024-09-10 23:00:00,2516.524,2518.929,2516.418,2518.758,2533,Buy
2024-09-11 00:00:00,2518.718,2519.251,2516.311,2516.737,4185,Sell
2024-09-11 01:00:00,2516.739,2522.657,2515.02,2518.864,9653,No Trade
2024-09-11 02:00:00,2518.861,2520.406,2517.637,2518.874,6047,No Trade
2024-09-11 03:00:00,2518.833,2520.038,2516.826,2519.486,5605,Buy
2024-09-11 04:00:00,2519.506,2520.286,2518.599,2519.615,4458,No Trade
2024-09-11 05:00:00,2519.677,2522.566,2519.402,2521.289,6661,No Trade
2024-09-11 06:00:00,2521.333,2529.166,2520.913,2526.632,9203,No Trade
2024-09-11 07:00:00,2526.643,2527.86,2520.827,2521.551,6438,Sell
2024-09-11 08:00:00,2521.517,2527.292,2520.828,2524.379,7162,Sell
2024-09-11 09:00:00,2524.379,2524.81,2522.039,2523.315,4830,Sell
2024-09-11 10:00:00,2523.283,2523.408,2519.84,2521.799,6175,Sell
2024-09-11 11:00:00,2521.795,2524.284,2520.781,2522.347,6189,No Trade
2024-09-11 12:00:00,2522.307,2523.964,2502.255,2508.249,25873,Sell
2024-09-11 13:00:00,2508.212,2512.931,2503.243,2509.733,26077,No Trade
2024-09-11 14:00:00,2509.715,2510.53,2500.924,2509.475,20378,Buy
2024-09-11 15:00:00,2509.509,2515.039,2508.714,2514.823,10900,No Trade
2024-09-11 16:00:00,2514.792,2520.113,2513.735,2515.298,8062,Sell
2024-09-11 17:00:00,2515.262,2516.978,2512.454,2514.628,7539,No Trade
2024-09-11 18:00:00,2514.643,2516.432,2511.347,2511.661,6096,Sell
2024-09-11 19:00:00,2511.62,2513.319,2509.861,2513.01,5128,Buy
2024-09-11 20:00:00,2512.984,2513.908,2511.35,2511.542,2765,Sell
2024-09-11 22:00:00,2512.39,2513.972,2512.39,2512.963,1781,Sell
2024-09-11 23:00:00,2512.926,2513.209,2511.906,2511.973,2222,Sell
2024-09-12 00:00:00,2511.981,2512.556,2511.143,2512.3,3523,Buy
2024-09-12 01:00:00,2512.251,2515.273,2511.771,2513.315,6418,Sell
2024-09-12 02:00:00,2513.274,2514.166,2511.053,2512.268,5262,Sell
2024-09-12 03:00:00,2512.279,2516.236,2512.188,2515.924,4022,Buy
2024-09-12 04:00:00,2515.96,2517.835,2515.573,2517.124,3473,No Trade
2024-09-12 05:00:00,2517.089,2519.79,2517.027,2519.465,4902,No Trade
2024-09-12 06:00:00,2519.496,2522.34,2516.826,2516.957,5907,Sell
2024-09-12 07:00:00,2517.0,2517.855,2514.525,2516.023,6277,No Trade
2024-09-12 08:00:00,2515.986,2519.377,2515.16,2517.483,6012,No Trade
2024-09-12 09:00:00,2517.493,2519.341,2516.447,2518.875,4361,No Trade
2024-09-12 10:00:00,2518.862,2521.094,2513.22,2513.317,5948,Sell
2024-09-12 11:00:00,2513.281,2520.418,2513.041,2519.524,7756,No Trade
2024-09-12 12:00:00,2519.565,2535.431,2518.942,2528.608,17133,No Trade
2024-09-12 13:00:00,2528.632,2551.795,2522.17,2545.464,34502,No Trade
2024-09-12 14:00:00,2545.439,2554.848,2541.929,2553.418,22039,No Trade
2024-09-12 15:00:00,2553.443,2555.309,2548.921,2553.395,12535,No Trade
2024-09-12 16:00:00,2553.359,2553.811,2544.948,2550.748,10710,No Trade
2024-09-12 17:00:00,2550.759,2554.929,2550.184,2554.152,8552,No Trade
2024-09-12 18:00:00,2554.183,2558.944,2552.128,2555.937,7487,No Trade
2024-09-12 19:00:00,2555.902,2559.168,2554.553,2557.985,6766,No Trade
2024-09-12 20:00:00,2557.95,2560.171,2556.819,2558.909,3820,No Trade
2024-09-12 22:00:00,2558.413,2559.629,2557.287,2557.5,2638,Sell
2024-09-12 23:00:00,2557.537,2558.732,2556.822,2558.502,3037,Buy
2024-09-13 00:00:00,2558.499,2562.821,2556.86,2561.562,5532,No Trade
2024-09-13 01:00:00,2561.606,2568.107,2559.962,2563.266,11446,No Trade
2024-09-13 02:00:00,2563.277,2565.704,2561.645,2565.45,6722,No Trade
2024-09-13 03:00:00,2565.415,2570.173,2564.71,2567.933,5872,No Trade
2024-09-13 04:00:00,2568.002,2570.23,2566.672,2568.942,4146,No Trade
2024-09-13 05:00:00,2568.938,2570.576,2566.023,2566.604,6085,Sell
2024-09-13 06:00:00,2566.572,2568.851,2563.148,2567.161,9100,Buy
2024-09-13 07:00:00,2567.227,2571.215,2563.952,2569.924,9358,Buy
2024-09-13 08:00:00,2569.92,2571.118,2565.705,2570.059,7614,No Trade
2024-09-13 09:00:00,2569.994,2573.099,2567.063,2568.602,7843,Sell
2024-09-13 10:00:00,2568.633,2569.456,2565.62,2567.066,6508,Sell
2024-09-13 11:00:00,2567.102,2568.42,2563.734,2567.368,6579,Buy
2024-09-13 12:00:00,2567.403,2576.033,2566.113,2575.848,8874,Buy
2024-09-13 13:00:00,2575.884,2583.56,2573.569,2577.773,16636,No Trade
2024-09-13 14:00:00,2577.745,2580.259,2573.181,2578.376,19242,No Trade
2024-09-13 15:00:00,2578.412,2582.53,2573.753,2582.22,11892,Buy
2024-09-13 16:00:00,2582.255,2585.312,2580.174,2584.33,8070,No Trade
2024-09-13 17:00:00,2584.316,2586.2,2581.603,2582.817,6779,Sell
2024-09-13 18:00:00,2582.851,2584.11,2580.771,2582.316,6270,No Trade
2024-09-13 19:00:00,2582.315,2583.048,2578.67,2582.726,4972,Buy
2024-09-13 20:00:00,2582.692,2582.992,2577.784,2579.147,3420,Sell
2024-09-15 22:00:00,2578.536,2580.534,2577.662,2580.202,3403,No Trade
2024-09-15 23:00:00,2580.227,2580.419,2578.262,2579.243,3855,Sell
2024-09-16 00:00:00,2579.25,2582.421,2578.967,2581.441,3688,No Trade
2024-09-16 01:00:00,2581.447,2583.015,2579.872,2581.766,3999,No Trade
2024-09-16 02:00:00,2581.728,2586.078,2581.582,2585.439,4209,No Trade
2024-09-16 03:00:00,2585.407,2589.107,2583.869,2586.374,5253,No Trade
2024-09-16 04:00:00,2586.415,2586.858,2584.945,2585.813,3392,Sell
2024-09-16 05:00:00,2585.844,2589.503,2585.484,2588.821,4080,No Trade
2024-09-16 06:00:00,2588.859,2589.731,2585.189,2585.418,6480,Sell
2024-09-16 07:00:00,2585.461,2585.716,2579.532,2582.222,9162,Sell
2024-09-16 08:00:00,2582.202,2588.606,2581.464,2586.934,7692,No Trade
2024-09-16 09:00:00,2586.935,2588.364,2584.22,2585.58,6366,Sell
2024-09-16 10:00:00,2585.606,2586.486,2575.365,2579.853,7023,Sell
2024-09-16 11:00:00,2579.878,2583.334,2578.765,2583.079,6265,No Trade
2024-09-16 12:00:00,2583.046,2583.656,2578.552,2583.481,10026,Buy
2024-09-16 13:00:00,2583.525,2589.378,2581.315,2588.292,12925,No Trade
2024-09-16 14:00:00,2588.238,2588.571,2576.137,2580.238,14835,Sell
2024-09-16 15:00:00,2580.26,2581.961,2577.723,2579.927,8824,No Trade
2024-09-16 16:00:00,2579.961,2584.099,2579.604,2583.725,5732,Buy
2024-09-16 17:00:00,2583.68,2584.252,2579.928,2582.659,5140,No Trade
2024-09-16 18:00:00,2582.697,2582.993,2580.291,2581.072,4341,Sell
2024-09-16 19:00:00,2581.093,2583.439,2579.695,2582.571,3655,No Trade
2024-09-16 20:00:00,2582.637,2583.543,2581.889,2582.983,2314,No Trade
2024-09-16 22:00:00,2582.816,2583.649,2582.519,2582.979,1793,No Trade
2024-09-16 23:00:00,2582.99,2583.935,2582.197,2583.739,2254,Buy
2024-09-17 00:00:00,2583.763,2584.539,2580.252,2580.34,3871,Sell
2024-09-17 01:00:00,2580.332,2582.823,2578.512,2582.643,4620,Buy
2024-09-17 02:00:00,2582.645,2586.418,2581.081,2581.674,4725,Sell
2024-09-17 03:00:00,2581.634,2581.634,2576.851,2577.264,5340,Sell
2024-09-17 04:00:00,2577.258,2579.256,2574.973,2577.044,4571,No Trade
2024-09-17 05:00:00,2577.038,2579.696,2574.61,2579.39,4480,Buy
2024-09-17 06:00:00,2579.422,2587.036,2579.342,2584.346,6914,No Trade
2024-09-17 07:00:00,2584.376,2585.775,2582.758,2583.88,5625,No Trade
2024-09-17 08:00:00,2583.841,2584.231,2577.676,2580.292,7279,Sell
2024-09-17 09:00:00,2580.147,2580.149,2571.721,2573.701,7383,Sell
2024-09-17 10:00:00,2573.654,2576.14,2569.759,2573.044,7261,No Trade
2024-09-17 11:00:00,2573.093,2581.801,2572.266,2579.904,8657,No Trade
2024-09-17 12:00:00,2579.914,2581.75,2568.422,2577.819,16242,No Trade
2024-09-17 13:00:00,2577.816,2579.656,2573.134,2573.805,16483,Sell
2024-09-17 14:00:00,2573.777,2582.332,2571.807,2576.489,13825,No Trade
2024-09-17 15:00:00,2576.523,2577.186,2561.795,2565.748,12630,Sell
2024-09-17 16:00:00,2565.772,2566.645,2561.391,2563.244,9563,Sell
2024-09-17 17:00:00,2563.266,2570.516,2560.741,2569.95,8156,No Trade
2024-09-17 18:00:00,2569.935,2571.723,2568.648,2570.226,5183,No Trade
2024-09-17 19:00:00,2570.137,2571.268,2566.98,2568.695,4728,Sell
2024-09-17 20:00:00,2568.72,2570.43,2568.367,2569.886,2628,No Trade
2024-09-17 22:00:00,2569.675,2571.548,2569.639,2570.781,1869,No Trade
2024-09-17 23:00:00,2570.78,2574.447,2570.749,2574.13,2850,Buy
2024-09-18 00:00:00,2574.099,2574.847,2571.552,2573.053,4368,Sell
2024-09-18 01:00:00,2573.093,2576.554,2571.716,2572.39,10916,Sell
2024-09-18 02:00:00,2572.351,2574.203,2570.096,2573.822,5845,Buy
2024-09-18 03:00:00,2573.846,2576.537,2572.812,2575.979,5052,No Trade
2024-09-18 04:00:00,2576.003,2576.591,2568.07,2568.768,4712,Sell
2024-09-18 05:00:00,2568.682,2569.355,2565.761,2567.765,6291,No Trade
2024-09-18 06:00:00,2567.799,2570.096,2566.701,2569.216,5830,No Trade
2024-09-18 07:00:00,2569.24,2572.049,2568.68,2571.646,6197,No Trade
2024-09-18 08:00:00,2571.723,2572.009,2568.354,2569.769,5225,Sell
2024-09-18 09:00:00,2569.776,2572.034,2568.042,2572.034,5613,Buy
2024-09-18 10:00:00,2572.049,2578.249,2571.159,2576.175,6638,No Trade
2024-09-18 11:00:00,2576.213,2580.82,2575.088,2577.487,6043,No Trade
2024-09-18 12:00:00,2577.534,2578.987,2573.561,2576.295,7571,No Trade
2024-09-18 13:00:00,2576.319,2578.644,2568.685,2571.745,11952,Sell
2024-09-18 14:00:00,2571.72,2574.855,2568.045,2571.631,11093,No Trade
2024-09-18 15:00:00,2571.669,2574.55,2568.06,2569.781,7787,Sell
2024-09-18 16:00:00,2569.811,2575.297,2568.882,2574.939,5340,No Trade
2024-09-18 17:00:00,2574.98,2574.98,2566.983,2567.489,7005,Sell
2024-09-18 18:00:00,2567.527,2600.218,2567.527,2575.838,57627,Sell
2024-09-18 19:00:00,2575.797,2576.21,2546.908,2549.106,54445,Sell
2024-09-18 20:00:00,2549.061,2560.904,2548.381,2559.204,9338,No Trade
2024-09-18 22:00:00,2558.478,2561.676,2555.755,2559.291,5195,No Trade
2024-09-18 23:00:00,2559.334,2559.792,2556.324,2559.319,4065,No Trade
2024-09-19 00:00:00,2559.319,2559.635,2557.034,2558.873,6464,No Trade
2024-09-19 01:00:00,2558.834,2558.834,2550.974,2555.244,12633,Sell
2024-09-19 02:00:00,2555.285,2566.782,2555.285,2564.155,9308,No Trade
2024-09-19 03:00:00,2564.115,2565.41,2561.415,2564.039,7121,No Trade
2024-09-19 04:00:00,2564.082,2564.235,2559.644,2564.141,5217,Buy
2024-09-19 05:00:00,2564.097,2574.616,2563.935,2574.599,9092,Buy
2024-09-19 06:00:00,2574.63,2578.844,2573.974,2575.926,10443,Sell
2024-09-19 07:00:00,2575.962,2584.713,2575.079,2584.424,10296,Buy
2024-09-19 08:00:00,2584.441,2586.668,2581.416,2584.95,7199,No Trade
2024-09-19 09:00:00,2584.983,2595.043,2584.033,2591.931,11100,No Trade
2024-09-19 10:00:00,2591.893,2591.987,2585.946,2588.625,8090,Sell
2024-09-19 11:00:00,2588.666,2589.87,2584.471,2589.515,8891,Buy
2024-09-19 12:00:00,2589.479,2591.283,2573.223,2576.884,17486,Sell
2024-09-19 13:00:00,2576.851,2582.655,2569.833,2575.122,24405,No Trade
2024-09-19 14:00:00,2575.194,2584.73,2571.804,2581.314,18647,No Trade
2024-09-19 15:00:00,2581.354,2589.551,2580.493,2589.102,10545,Buy
2024-09-19 16:00:00,2589.142,2592.63,2587.746,2591.758,7781,No Trade
2024-09-19 17:00:00,2591.782,2592.692,2587.983,2590.601,6037,No Trade
2024-09-19 18:00:00,2590.635,2590.883,2586.696,2588.31,5504,Sell
2024-09-19 19:00:00,2588.277,2588.943,2586.007,2588.389,5090,Buy
2024-09-19 20:00:00,2588.435,2589.883,2585.956,2586.8,3404,Sell
2024-09-19 22:00:00,2586.446,2587.994,2586.167,2587.859,1780,No Trade
2024-09-19 23:00:00,2587.851,2587.924,2586.514,2587.362,2471,No Trade
2024-09-20 00:00:00,2587.334,2588.617,2586.171,2588.143,3738,Buy
2024-09-20 01:00:00,2588.178,2589.573,2584.794,2588.349,7835,No Trade
2024-09-20 02:00:00,2588.325,2592.676,2587.487,2591.601,5956,No Trade
2024-09-20 03:00:00,2591.529,2593.785,2590.969,2591.469,6248,Sell
2024-09-20 04:00:00,2591.477,2594.486,2591.338,2593.823,3910,No Trade
2024-09-20 05:00:00,2593.823,2595.317,2592.458,2594.626,4784,No Trade
2024-09-20 06:00:00,2594.585,2607.267,2594.325,2605.52,9833,Buy
2024-09-20 07:00:00,2605.555,2609.877,2604.777,2607.263,9666,Sell
2024-09-20 08:00:00,2607.238,2612.804,2605.499,2609.86,8316,No Trade
2024-09-20 09:00:00,2609.864,2610.65,2602.515,2606.346,6462,Sell
2024-09-20 10:00:00,2606.425,2614.323,2606.253,2613.299,6867,No Trade
2024-09-20 11:00:00,2613.329,2615.58,2610.299,2613.816,7807,No Trade
2024-09-20 12:00:00,2613.777,2619.388,2613.434,2615.705,10471,Sell
2024-09-20 13:00:00,2615.707,2616.643,2602.595,2606.763,22880,Sell
2024-09-20 14:00:00,2606.74,2617.199,2604.802,2613.991,17028,No Trade
2024-09-20 15:00:00,2614.047,2623.121,2611.311,2622.824,18249,No Trade
2024-09-20 16:00:00,2622.842,2625.834,2619.755,2624.917,10608,Buy
2024-09-20 17:00:00,2624.957,2625.482,2619.292,2619.666,8264,Sell
2024-09-20 18:00:00,2619.687,2622.263,2617.914,2621.728,6825,Buy
2024-09-20 19:00:00,2621.691,2623.449,2620.732,2621.167,6087,Sell
2024-09-20 20:00:00,2621.209,2622.589,2619.18,2622.178,3387,Buy
2024-09-22 22:00:00,2621.024,2622.199,2619.82,2620.556,2841,Sell
2024-09-22 23:00:00,2620.551,2621.591,2619.71,2620.314,2747,Sell
2024-09-23 00:00:00,2620.282,2620.526,2618.228,2618.448,3546,Sell
2024-09-23 01:00:00,2618.405,2621.585,2616.096,2620.198,7997,No Trade
2024-09-23 02:00:00,2620.221,2626.912,2618.925,2625.484,6849,No Trade
2024-09-23 03:00:00,2625.441,2631.208,2624.937,2628.633,5838,No Trade
2024-09-23 04:00:00,2628.638,2631.109,2628.085,2629.452,3612,No Trade
2024-09-23 05:00:00,2629.5,2631.475,2626.903,2630.091,5727,No Trade
2024-09-23 06:00:00,2630.057,2630.24,2624.522,2624.522,8093,Sell
2024-09-23 07:00:00,2624.496,2625.137,2613.879,2615.23,12861,Sell
2024-09-23 08:00:00,2615.193,2619.731,2614.644,2616.948,8242,Sell
2024-09-23 09:00:00,2616.95,2622.106,2615.389,2621.664,6215,No Trade
2024-09-23 10:00:00,2621.635,2623.726,2620.731,2621.675,6167,Sell
2024-09-23 11:00:00,2621.714,2625.866,2621.004,2624.143,6703,No Trade
2024-09-23 12:00:00,2624.136,2628.317,2620.098,2627.037,9024,Buy
2024-09-23 13:00:00,2627.08,2634.408,2625.63,2631.932,14891,No Trade
2024-09-23 14:00:00,2631.907,2634.961,2627.982,2630.471,15393,Sell
2024-09-23 15:00:00,2630.5,2632.053,2625.867,2629.322,10652,No Trade
2024-09-23 16:00:00,2629.281,2631.001,2626.666,2628.212,8706,Sell
2024-09-23 17:00:00,2628.247,2629.19,2626.476,2628.045,5805,No Trade
2024-09-23 18:00:00,2628.013,2628.887,2625.977,2627.459,4934,No Trade
2024-09-23 19:00:00,2627.46,2628.017,2625.745,2626.32,4344,Sell
2024-09-23 20:00:00,2626.363,2628.581,2626.277,2628.382,2199,Buy
2024-09-23 22:00:00,2627.258,2628.4,2627.012,2627.578,1750,Sell
2024-09-23 23:00:00,2627.587,2627.587,2625.894,2626.38,2440,Sell
2024-09-24 00:00:00,2626.375,2626.694,2623.8,2625.18,4524,Sell
2024-09-24 01:00:00,2625.22,2630.302,2624.915,2629.155,9356,No Trade
2024-09-24 02:00:00,2629.119,2629.348,2626.812,2628.943,6025,Buy
2024-09-24 03:00:00,2628.978,2636.236,2628.814,2634.179,6591,No Trade
2024-09-24 04:00:00,2634.17,2638.37,2632.101,2638.152,5641,No Trade
2024-09-24 05:00:00,2638.137,2640.172,2625.249,2625.476,10115,Sell
2024-09-24 06:00:00,2625.51,2630.053,2624.489,2628.78,13198,No Trade
2024-09-24 07:00:00,2628.845,2630.351,2622.604,2629.076,9957,Buy
2024-09-24 08:00:00,2629.085,2629.65,2625.972,2629.052,6640,Buy
2024-09-24 09:00:00,2629.014,2631.002,2627.094,2630.809,6203,Buy
2024-09-24 10:00:00,2630.869,2636.392,2630.638,2633.458,6874,Sell
2024-09-24 11:00:00,2633.429,2633.515,2623.419,2626.447,10367,Sell
2024-09-24 12:00:00,2626.491,2633.413,2623.543,2633.209,11759,No Trade
2024-09-24 13:00:00,2633.234,2637.42,2631.026,2635.584,16105,No Trade
2024-09-24 14:00:00,2635.597,2647.244,2634.648,2643.689,18308,No Trade
2024-09-24 15:00:00,2643.726,2648.584,2639.858,2643.223,14360,No Trade
2024-09-24 16:00:00,2643.233,2655.358,2642.43,2653.555,13159,No Trade
2024-09-24 17:00:00,2653.581,2654.646,2649.853,2654.055,8114,Buy
2024-09-24 18:00:00,2654.051,2657.834,2653.448,2657.346,6048,No Trade
2024-09-24 19:00:00,2657.306,2664.446,2656.429,2662.702,7165,No Trade
2024-09-24 20:00:00,2662.668,2663.827,2656.497,2656.935,4389,Sell
2024-09-24 22:00:00,2658.952,2659.974,2657.67,2659.189,2752,No Trade
2024-09-24 23:00:00,2659.201,2659.363,2656.713,2658.284,3697,No Trade
2024-09-25 00:00:00,2658.243,2661.195,2656.676,2660.831,5089,No Trade
2024-09-25 01:00:00,2660.833,2663.02,2655.507,2660.109,14141,No Trade
2024-09-25 02:00:00,2660.084,2670.709,2659.679,2670.236,9297,Buy
2024-09-25 03:00:00,2670.191,2670.32,2659.885,2661.519,7374,Sell
2024-09-25 04:00:00,2661.565,2661.797,2657.676,2659.012,5056,Sell
2024-09-25 05:00:00,2659.02,2659.949,2654.45,2657.258,7693,Sell
2024-09-25 06:00:00,2657.256,2659.897,2653.566,2654.822,9848,Sell
2024-09-25 07:00:00,2654.855,2657.712,2651.424,2657.099,8906,Buy
2024-09-25 08:00:00,2657.105,2658.681,2654.683,2655.981,7236,Sell
2024-09-25 09:00:00,2655.996,2657.783,2652.806,2656.958,6375,Buy
2024-09-25 10:00:00,2656.986,2658.272,2654.44,2655.606,6862,Sell
2024-09-25 11:00:00,2655.648,2658.101,2653.922,2657.511,6172,No Trade
2024-09-25 12:00:00,2657.46,2660.915,2656.99,2659.441,9633,No Trade
2024-09-25 13:00:00,2659.483,2666.187,2658.398,2664.47,15815,No Trade
2024-09-25 14:00:00,2664.503,2667.528,2654.235,2659.019,18166,Sell
2024-09-25 15:00:00,2659.106,2660.963,2655.349,2657.758,14075,No Trade
2024-09-25 16:00:00,2657.732,2658.942,2649.668,2653.789,10395,Sell
2024-09-25 17:00:00,2653.751,2663.142,2653.16,2660.76,8010,No Trade
2024-09-25 18:00:00,2660.721,2661.842,2659.156,2660.46,4936,No Trade
2024-09-25 19:00:00,2660.414,2661.626,2659.471,2659.834,4191,Sell
2024-09-25 20:00:00,2659.882,2660.378,2656.408,2657.255,3525,Sell
2024-09-25 22:00:00,2657.375,2659.836,2657.05,2658.367,2706,Sell
2024-09-25 23:00:00,2658.372,2659.557,2656.283,2656.32,2767,Sell
2024-09-26 00:00:00,2656.439,2660.524,2655.361,2659.101,5090,No Trade
2024-09-26 01:00:00,2659.081,2661.547,2657.765,2660.924,7525,No Trade
2024-09-26 02:00:00,2660.91,2661.669,2657.122,2658.208,6316,Sell
2024-09-26 03:00:00,2658.169,2662.617,2657.744,2662.596,5629,Buy
2024-09-26 04:00:00,2662.625,2663.025,2660.263,2660.752,3664,Sell
2024-09-26 05:00:00,2660.782,2663.541,2659.856,2661.468,6343,No Trade
2024-09-26 06:00:00,2661.436,2662.686,2658.01,2661.77,8056,Buy
2024-09-26 07:00:00,2661.794,2667.004,2659.557,2664.764,8422,No Trade
2024-09-26 08:00:00,2664.73,2670.575,2664.683,2669.115,8230,No Trade
2024-09-26 09:00:00,2669.136,2669.942,2666.95,2668.888,6667,No Trade
2024-09-26 10:00:00,2668.886,2675.703,2667.569,2672.764,9285,No Trade
2024-09-26 11:00:00,2672.729,2685.691,2672.314,2682.844,12117,No Trade
2024-09-26 12:00:00,2682.877,2684.333,2668.64,2677.448,23119,No Trade
2024-09-26 13:00:00,2677.406,2679.823,2654.797,2660.937,36783,Sell
2024-09-26 14:00:00,2660.972,2669.647,2659.676,2665.903,22504,No Trade
2024-09-26 15:00:00,2665.87,2673.202,2662.494,2671.428,14030,No Trade
2024-09-26 16:00:00,2671.476,2672.55,2663.026,2668.329,12083,No Trade
2024-09-26 17:00:00,2668.28,2672.326,2667.625,2671.03,8137,No Trade
2024-09-26 18:00:00,2671.066,2677.232,2670.103,2676.039,6715,No Trade
2024-09-26 19:00:00,2676.068,2678.018,2672.36,2673.755,5751,Sell
2024-09-26 20:00:00,2673.795,2674.157,2670.91,2672.345,3032,Sell
2024-09-26 22:00:00,2671.965,2673.282,2671.884,2672.473,1871,Sell
2024-09-26 23:00:00,2672.514,2673.333,2672.039,2672.681,2502,No Trade
2024-09-27 00:00:00,2672.69,2672.787,2669.364,2669.93,5000,Sell
2024-09-27 01:00:00,2669.891,2672.905,2666.27,2669.522,10398,No Trade
2024-09-27 02:00:00,2669.522,2671.097,2667.258,2669.072,7107,No Trade
2024-09-27 03:00:00,2669.022,2674.056,2668.689,2673.709,5350,Buy
2024-09-27 04:00:00,2673.729,2674.024,2669.379,2670.574,4128,Sell
2024-09-27 05:00:00,2670.568,2671.461,2662.432,2664.875,9896,Sell
2024-09-27 06:00:00,2664.909,2669.59,2664.058,2665.845,11818,Sell
2024-09-27 07:00:00,2665.813,2668.406,2660.97,2664.828,9846,No Trade
2024-09-27 08:00:00,2664.781,2665.483,2661.862,2662.642,7980,Sell
2024-09-27 09:00:00,2662.552,2665.053,2658.364,2663.789,8289,Buy
2024-09-27 10:00:00,2663.815,2665.673,2662.128,2664.447,6707,No Trade
2024-09-27 11:00:00,2664.429,2669.257,2664.385,2666.239,6593,Sell
2024-09-27 12:00:00,2666.205,2674.349,2662.427,2670.143,14809,No Trade
2024-09-27 13:00:00,2670.106,2671.24,2664.139,2666.306,19058,Sell
2024-09-27 14:00:00,2666.233,2666.975,2649.439,2649.568,21200,Sell
2024-09-27 15:00:00,2649.528,2654.766,2644.785,2649.878,22075,No Trade
2024-09-27 16:00:00,2649.831,2656.404,2646.052,2651.925,12039,No Trade
2024-09-27 17:00:00,2651.915,2652.499,2643.074,2645.228,9508,Sell
2024-09-27 18:00:00,2645.213,2648.997,2643.436,2647.99,6864,No Trade
2024-09-27 19:00:00,2648.029,2652.916,2645.657,2652.159,6389,Buy
2024-09-27 20:00:00,2652.116,2660.054,2651.206,2658.063,4318,No Trade
2024-09-29 22:00:00,2661.794,2663.662,2659.842,2662.796,4914,No Trade
2024-09-29 23:00:00,2662.758,2665.186,2661.708,2663.623,4907,No Trade
2024-09-30 00:00:00,2663.66,2666.149,2661.369,2661.724,7288,Sell
2024-09-30 01:00:00,2661.76,2664.46,2647.344,2652.743,15789,Sell
2024-09-30 02:00:00,2652.712,2656.444,2650.275,2652.661,8923,No Trade
2024-09-30 03:00:00,2652.685,2655.724,2652.163,2653.697,5875,Sell
2024-09-30 04:00:00,2653.653,2655.998,2652.209,2655.945,4786,Buy
2024-09-30 05:00:00,2655.976,2659.399,2654.463,2657.961,6884,No Trade
2024-09-30 06:00:00,2657.833,2660.136,2655.64,2657.901,8301,No Trade
2024-09-30 07:00:00,2657.936,2660.699,2650.71,2651.067,7597,Sell
2024-09-30 08:00:00,2651.03,2656.678,2650.726,2653.64,7221,Sell
2024-09-30 09:00:00,2653.665,2653.775,2648.374,2649.723,7440,Sell
2024-09-30 10:00:00,2649.795,2650.16,2635.828,2637.027,9952,Sell
2024-09-30 11:00:00,2636.991,2642.894,2634.49,2641.622,8959,No Trade
2024-09-30 12:00:00,2641.603,2644.255,2634.959,2638.993,10184,Sell
2024-09-30 13:00:00,2639.035,2642.162,2630.478,2635.765,17544,Sell
2024-09-30 14:00:00,2635.739,2636.232,2628.738,2633.285,19186,No Trade
2024-09-30 15:00:00,2633.325,2636.585,2630.342,2633.948,11069,No Trade
2024-09-30 16:00:00,2633.954,2639.509,2633.434,2639.133,8017,Buy
2024-09-30 17:00:00,2639.19,2641.973,2636.465,2637.909,7067,Sell
2024-09-30 18:00:00,2637.884,2638.407,2624.759,2631.547,15403,Sell
2024-09-30 19:00:00,2631.511,2631.814,2626.51,2631.002,7398,Buy
2024-09-30 20:00:00,2631.043,2635.202,2630.793,2634.928,3182,Buy
2024-09-30 22:00:00,2633.628,2635.127,2632.61,2635.127,2116,Buy
2024-09-30 23:00:00,2635.074,2636.342,2634.639,2635.714,2618,No Trade
2024-10-01 00:00:00,2635.74,2637.278,2633.991,2636.544,4252,No Trade
2024-10-01 01:00:00,2636.518,2639.892,2635.574,2639.839,4495,No Trade
2024-10-01 02:00:00,2639.868,2640.088,2635.075,2636.561,4608,Sell
2024-10-01 03:00:00,2636.574,2638.735,2634.56,2638.002,4296,Buy
2024-10-01 04:00:00,2638.035,2640.59,2637.486,2639.599,3886,No Trade
2024-10-01 05:00:00,2639.635,2644.459,2639.6,2643.128,5349,No Trade
2024-10-01 06:00:00,2643.092,2645.67,2642.616,2645.41,6127,No Trade
2024-10-01 07:00:00,2645.434,2647.538,2641.746,2645.639,8853,No Trade
2024-10-01 08:00:00,2645.673,2646.905,2642.517,2646.615,7028,Buy
2024-10-01 09:00:00,2646.572,2649.414,2645.464,2648.746,6582,No Trade
2024-10-01 10:00:00,2648.778,2650.599,2648.32,2650.471,5463,No Trade
2024-10-01 11:00:00,2650.464,2652.162,2646.96,2650.309,6439,No Trade
2024-10-01 12:00:00,2650.349,2656.758,2650.222,2651.644,9686,Sell
2024-10-01 13:00:00,2651.613,2671.963,2648.09,2668.554,27594,No Trade
2024-10-01 14:00:00,2668.634,2670.037,2657.431,2659.364,27227,Sell
2024-10-01 15:00:00,2659.286,2665.547,2653.924,2663.418,17567,No Trade
2024-10-01 16:00:00,2663.383,2673.302,2661.246,2666.492,14413,Sell
2024-10-01 17:00:00,2666.54,2671.892,2661.265,2662.494,15756,Sell
2024-10-01 18:00:00,2662.527,2664.977,2657.629,2661.101,8226,Sell
2024-10-01 19:00:00,2661.07,2664.405,2658.208,2658.771,6340,Sell
2024-10-01 20:00:00,2658.81,2664.057,2657.917,2663.655,3112,No Trade
2024-10-01 22:00:00,2661.914,2662.975,2661.252,2662.206,2231,No Trade
2024-10-01 23:00:00,2662.207,2662.361,2660.217,2660.441,2669,Sell
2024-10-02 00:00:00,2660.47,2660.743,2657.035,2657.532,5121,Sell
2024-10-02 01:00:00,2657.576,2662.097,2656.374,2660.736,5837,No Trade
2024-10-02 02:00:00,2660.691,2661.236,2658.815,2660.238,4894,No Trade
2024-10-02 03:00:00,2660.18,2661.648,2655.159,2655.456,5340,Sell
2024-10-02 04:00:00,2655.431,2656.63,2652.641,2654.207,5173,Sell
2024-10-02 05:00:00,2654.198,2656.282,2644.575,2648.054,9161,Sell
2024-10-02 06:00:00,2648.103,2650.939,2647.227,2649.84,6794,No Trade
2024-10-02 07:00:00,2649.794,2655.635,2649.477,2655.503,8528,Buy
2024-10-02 08:00:00,2655.562,2655.951,2648.655,2652.438,7389,Sell
2024-10-02 09:00:00,2652.439,2655.681,2651.589,2652.956,6600,Sell
2024-10-02 10:00:00,2652.991,2654.421,2648.819,2649.226,5576,Sell
2024-10-02 11:00:00,2649.177,2652.696,2648.021,2649.657,6272,No Trade
2024-10-02 12:00:00,2649.699,2653.059,2643.773,2649.677,12126,No Trade
2024-10-02 13:00:00,2649.589,2660.901,2649.245,2659.482,17409,No Trade
2024-10-02 14:00:00,2659.526,2663.467,2647.43,2648.253,17516,Sell
2024-10-02 15:00:00,2648.281,2650.828,2641.118,2649.97,14631,Buy
2024-10-02 16:00:00,2649.998,2652.422,2648.144,2649.811,7969,No Trade
2024-10-02 17:00:00,2649.831,2652.883,2647.193,2652.231,5878,Buy
2024-10-02 18:00:00,2652.216,2656.026,2651.221,2654.184,5600,No Trade
2024-10-02 19:00:00,2654.141,2659.066,2653.763,2658.72,4629,Buy
2024-10-02 20:00:00,2658.702,2659.984,2658.345,2658.905,2972,No Trade
2024-10-02 22:00:00,2659.047,2660.428,2658.455,2659.53,2402,No Trade
2024-10-02 23:00:00,2659.534,2661.316,2659.455,2660.408,3004,Sell
2024-10-03 00:00:00,2660.379,2663.048,2657.478,2657.831,5565,Sell
2024-10-03 01:00:00,2657.809,2659.012,2655.074,2658.259,6148,Buy
2024-10-03 02:00:00,2658.301,2658.756,2655.406,2655.907,4879,Sell
2024-10-03 03:00:00,2655.865,2658.067,2653.353,2656.081,5148,No Trade
2024-10-03 04:00:00,2656.046,2656.631,2654.685,2655.119,3955,Sell
2024-10-03 05:00:00,2655.08,2656.761,2651.884,2653.348,6294,Sell
2024-10-03 06:00:00,2653.306,2657.571,2651.35,2655.959,7087,No Trade
2024-10-03 07:00:00,2656.033,2656.284,2643.571,2645.267,9908,Sell
2024-10-03 08:00:00,2645.289,2647.562,2641.752,2645.287,7771,No Trade
2024-10-03 09:00:00,2645.243,2647.634,2641.038,2644.935,7805,No Trade
2024-10-03 10:00:00,2644.904,2648.155,2644.043,2646.886,6929,No Trade
2024-10-03 11:00:00,2646.819,2649.14,2643.635,2648.098,6781,Buy
2024-10-03 12:00:00,2648.064,2654.525,2642.094,2642.478,14347,Sell
2024-10-03 13:00:00,2642.44,2651.421,2641.619,2647.967,15810,No Trade
2024-10-03 14:00:00,2647.731,2654.54,2638.065,2650.325,29288,Buy
2024-10-03 15:00:00,2650.288,2654.705,2648.011,2648.878,11168,Sell
2024-10-03 16:00:00,2648.922,2661.403,2648.57,2660.08,9637,Buy
2024-10-03 17:00:00,2660.077,2662.241,2655.237,2656.825,8396,Sell
2024-10-03 18:00:00,2656.821,2659.853,2655.441,2657.671,5306,No Trade
2024-10-03 19:00:00,2657.666,2659.609,2657.054,2658.054,5215,No Trade
2024-10-03 20:00:00,2658.089,2658.089,2655.856,2656.326,2411,Sell
2024-10-03 22:00:00,2657.205,2657.248,2654.436,2656.066,2431,No Trade
2024-10-03 23:00:00,2656.126,2656.763,2654.399,2655.884,2109,No Trade
2024-10-04 00:00:00,2655.88,2657.654,2655.532,2657.314,4017,No Trade
2024-10-04 01:00:00,2657.323,2659.304,2656.786,2658.415,5172,No Trade
2024-10-04 02:00:00,2658.371,2663.595,2658.045,2662.175,4880,No Trade
2024-10-04 03:00:00,2662.179,2663.671,2660.766,2661.217,4780,Sell
2024-10-04 04:00:00,2661.208,2666.006,2660.702,2664.19,4226,No Trade
2024-10-04 05:00:00,2664.16,2667.944,2664.16,2667.474,4768,No Trade
2024-10-04 06:00:00,2667.471,2667.661,2659.741,2660.308,5918,Sell
2024-10-04 07:00:00,2660.355,2663.215,2658.783,2661.16,7810,No Trade
2024-10-04 08:00:00,2661.13,2661.675,2658.852,2659.101,5698,Sell
2024-10-04 09:00:00,2659.14,2660.317,2656.863,2657.535,5443,Sell
2024-10-04 10:00:00,2657.507,2660.822,2657.211,2658.359,4895,Sell
2024-10-04 11:00:00,2658.334,2662.638,2657.426,2661.422,5802,No Trade
2024-10-04 12:00:00,2661.399,2661.636,2632.111,2638.898,27374,Sell
2024-10-04 13:00:00,2638.934,2655.297,2637.508,2651.967,27425,No Trade
2024-10-04 14:00:00,2651.984,2661.279,2646.498,2658.373,20692,No Trade
2024-10-04 15:00:00,2658.418,2670.247,2647.88,2653.281,27115,Sell
2024-10-04 16:00:00,2653.307,2653.929,2641.893,2645.383,12890,Sell
2024-10-04 17:00:00,2645.418,2650.525,2643.939,2650.149,8464,No Trade
2024-10-04 18:00:00,2650.148,2650.834,2644.39,2645.731,6945,Sell
2024-10-04 19:00:00,2645.766,2652.156,2642.843,2651.704,6015,No Trade
2024-10-04 20:00:00,2651.737,2654.075,2649.916,2653.599,3385,Buy
2024-10-06 22:00:00,2651.655,2652.292,2649.99,2650.906,3429,Sell
2024-10-06 23:00:00,2650.905,2652.477,2649.755,2650.238,3395,Sell
2024-10-07 00:00:00,2650.183,2651.224,2647.817,2649.353,4662,Sell
2024-10-07 01:00:00,2649.337,2651.998,2643.868,2646.198,7414,Sell
2024-10-07 02:00:00,2646.248,2648.701,2645.291,2645.38,6235,Sell
2024-10-07 03:00:00,2645.349,2647.579,2643.971,2647.501,5216,No Trade
2024-10-07 04:00:00,2647.479,2648.716,2646.422,2646.895,3641,Buy
2024-10-07 05:00:00,2646.81,2646.874,2640.023,2640.8,5458,Sell
2024-10-07 06:00:00,2640.768,2643.971,2639.667,2643.302,7441,No Trade
2024-10-07 07:00:00,2643.238,2652.912,2642.125,2652.054,8913,No Trade
2024-10-07 08:00:00,2652.096,2656.434,2651.648,2652.367,8313,Sell
2024-10-07 09:00:00,2652.339,2657.42,2650.677,2656.625,6607,No Trade
2024-10-07 10:00:00,2656.579,2658.588,2655.265,2655.521,6460,Sell
2024-10-07 11:00:00,2655.478,2659.693,2655.134,2656.993,6753,Sell
2024-10-07 12:00:00,2657.029,2659.286,2637.808,2640.084,15622,Sell
2024-10-07 13:00:00,2640.043,2653.846,2639.72,2642.83,20343,Sell
2024-10-07 14:00:00,2642.855,2647.872,2640.431,2640.932,15882,Sell
2024-10-07 15:00:00,2640.901,2650.231,2639.131,2645.808,10834,No Trade
2024-10-07 16:00:00,2645.767,2647.006,2642.692,2646.877,6568,Buy
2024-10-07 17:00:00,2646.876,2648.816,2644.202,2647.944,5319,No Trade
2024-10-07 18:00:00,2647.982,2648.19,2639.766,2640.988,6434,Sell
2024-10-07 19:00:00,2641.011,2644.75,2640.464,2643.34,5523,No Trade
2024-10-07 20:00:00,2643.304,2643.783,2641.855,2642.647,2664,Sell
2024-10-07 22:00:00,2643.167,2649.236,2641.841,2644.329,3930,Sell
2024-10-07 23:00:00,2644.354,2644.936,2642.469,2643.024,3473,Sell
2024-10-08 00:00:00,2643.042,2645.213,2642.417,2643.721,5054,No Trade
2024-10-08 01:00:00,2643.745,2647.978,2637.941,2647.377,14670,Buy
2024-10-08 02:00:00,2647.333,2648.397,2633.803,2635.813,15924,No Trade
2024-10-08 03:00:00,2635.779,2645.87,2635.259,2643.07,9488,No Trade
2024-10-08 04:00:00,2643.002,2643.923,2641.347,2643.149,4776,No Trade
2024-10-08 05:00:00,2643.107,2646.455,2641.607,2645.094,7340,No Trade
2024-10-08 06:00:00,2645.078,2646.509,2635.635,2636.49,9824,Sell
2024-10-08 07:00:00,2636.454,2638.594,2631.156,2634.031,12071,Sell
2024-10-08 08:00:00,2634.047,2640.402,2628.567,2638.053,10649,No Trade
2024-10-08 09:00:00,2638.043,2642.051,2635.798,2641.42,7338,Buy
2024-10-08 10:00:00,2641.419,2647.514,2639.825,2646.314,7493,No Trade
2024-10-08 11:00:00,2646.349,2651.977,2646.231,2650.825,8853,No Trade
2024-10-08 12:00:00,2650.819,2653.092,2639.818,2646.039,13725,Sell
2024-10-08 13:00:00,2645.999,2647.775,2636.669,2639.712,20883,Sell
2024-10-08 14:00:00,2639.754,2640.444,2619.571,2621.021,28981,Sell
2024-10-08 15:00:00,2621.053,2621.202,2604.766,2613.038,20982,Sell
2024-10-08 16:00:00,2613.105,2616.345,2606.743,2609.072,11017,Sell
2024-10-08 17:00:00,2609.111,2618.173,2605.523,2614.638,11006,No Trade
2024-10-08 18:00:00,2614.603,2617.025,2613.842,2615.741,6318,No Trade
2024-10-08 19:00:00,2615.75,2623.654,2614.944,2622.978,6290,Buy
2024-10-08 20:00:00,2623.01,2623.156,2618.891,2621.952,3911,No Trade
2024-10-08 22:00:00,2621.866,2622.49,2620.622,2622.009,2122,No Trade
2024-10-08 23:00:00,2622.031,2623.893,2621.231,2621.948,3247,No Trade
2024-10-09 00:00:00,2621.948,2623.317,2621.043,2621.22,4731,Sell
2024-10-09 01:00:00,2621.247,2624.339,2618.367,2620.072,10621,Sell
2024-10-09 02:00:00,2620.108,2620.471,2616.916,2618.508,7448,Sell
2024-10-09 03:00:00,2618.488,2618.973,2614.928,2617.152,6395,No Trade
2024-10-09 04:00:00,2617.115,2618.725,2615.484,2616.029,3531,Sell
2024-10-09 05:00:00,2615.999,2624.401,2615.736,2619.757,8668,Sell
2024-10-09 06:00:00,2619.724,2619.724,2610.662,2612.839,9379,Sell
2024-10-09 07:00:00,2612.888,2615.718,2609.219,2611.708,8316,No Trade
2024-10-09 08:00:00,2611.749,2617.431,2610.485,2616.29,7971,No Trade
2024-10-09 09:00:00,2616.264,2618.636,2614.662,2618.036,6516,No Trade
2024-10-09 10:00:00,2618.076,2621.614,2616.087,2621.084,5707,No Trade
2024-10-09 11:00:00,2621.056,2622.516,2616.99,2619.102,6361,Sell
2024-10-09 12:00:00,2619.141,2622.538,2615.406,2618.939,9780,No Trade
2024-10-09 13:00:00,2618.97,2620.805,2606.955,2609.692,19378,Sell
2024-10-09 14:00:00,2609.666,2611.98,2605.269,2609.906,15431,No Trade
2024-10-09 15:00:00,2609.864,2618.013,2609.475,2614.9,12172,No Trade
2024-10-09 16:00:00,2614.941,2615.954,2607.89,2608.764,8043,Sell
2024-10-09 17:00:00,2608.782,2610.024,2606.452,2609.734,6754,Buy
2024-10-09 18:00:00,2609.803,2611.18,2605.196,2606.496,6008,Sell
2024-10-09 19:00:00,2606.531,2610.235,2606.346,2609.167,4752,No Trade
2024-10-09 20:00:00,2609.218,2609.557,2606.962,2607.821,2849,Sell
2024-10-09 22:00:00,2608.285,2609.052,2607.466,2608.884,2177,Buy
2024-10-09 23:00:00,2608.963,2609.52,2607.975,2608.556,2175,Sell
2024-10-10 00:00:00,2608.518,2610.28,2605.984,2609.408,4681,No Trade
2024-10-10 01:00:00,2609.406,2612.574,2606.849,2609.167,9032,No Trade
2024-10-10 02:00:00,2609.132,2615.678,2607.993,2615.314,7346,No Trade
2024-10-10 03:00:00,2615.347,2616.98,2611.47,2611.842,6896,Sell
2024-10-10 04:00:00,2611.804,2614.775,2611.54,2613.936,4041,No Trade
2024-10-10 05:00:00,2613.972,2615.611,2612.541,2613.349,5975,Sell
2024-10-10 06:00:00,2613.36,2616.476,2610.625,2612.435,6623,Sell
2024-10-10 07:00:00,2612.478,2617.21,2610.282,2616.737,7764,No Trade
2024-10-10 08:00:00,2616.775,2617.432,2613.632,2615.495,6046,Sell
2024-10-10 09:00:00,2615.58,2618.548,2614.385,2617.221,5243,No Trade
2024-10-10 10:00:00,2617.253,2618.528,2615.599,2617.994,4805,Buy
2024-10-10 11:00:00,2617.968,2618.992,2611.36,2613.06,7123,Sell
2024-10-10 12:00:00,2613.093,2627.382,2602.362,2625.161,24213,No Trade
2024-10-10 13:00:00,2625.126,2628.014,2615.762,2626.737,26387,Buy
2024-10-10 14:00:00,2626.789,2629.862,2622.7,2625.473,19166,No Trade
2024-10-10 15:00:00,2625.511,2626.311,2618.802,2623.672,11307,No Trade
2024-10-10 16:00:00,2623.699,2629.211,2618.75,2619.343,10145,Sell
2024-10-10 17:00:00,2619.31,2626.352,2616.522,2623.872,9697,No Trade
2024-10-10 18:00:00,2623.948,2629.191,2623.371,2626.574,6154,Sell
2024-10-10 19:00:00,2626.58,2631.451,2625.988,2629.24,5365,Sell
2024-10-10 20:00:00,2629.215,2631.565,2628.884,2629.718,3207,No Trade
2024-10-10 22:00:00,2629.222,2629.276,2628.151,2628.312,2243,Sell
2024-10-10 23:00:00,2628.317,2636.099,2628.317,2633.229,4678,No Trade
2024-10-11 00:00:00,2633.241,2634.552,2632.032,2633.988,5787,Buy
2024-10-11 01:00:00,2633.99,2638.044,2632.982,2637.825,8730,No Trade
2024-10-11 02:00:00,2637.792,2644.236,2635.338,2642.436,8477,No Trade
2024-10-11 03:00:00,2642.404,2646.139,2640.73,2645.563,6075,No Trade
2024-10-11 04:00:00,2645.59,2646.19,2643.964,2645.69,3734,Buy
2024-10-11 05:00:00,2645.65,2646.039,2643.246,2644.762,4765,No Trade
2024-10-11 06:00:00,2644.803,2647.289,2638.117,2639.631,8740,Sell
2024-10-11 07:00:00,2639.586,2645.632,2638.363,2645.435,6324,No Trade
2024-10-11 08:00:00,2645.397,2646.32,2639.083,2639.319,5502,Sell
2024-10-11 09:00:00,2639.327,2641.722,2636.206,2637.973,5993,Sell
2024-10-11 10:00:00,2637.95,2642.369,2637.056,2641.721,4951,No Trade
2024-10-11 11:00:00,2641.751,2644.856,2638.738,2644.715,5962,Buy
2024-10-11 12:00:00,2644.679,2650.229,2640.69,2643.056,13369,Sell
2024-10-11 13:00:00,2643.089,2653.476,2642.696,2649.85,15752,No Trade
2024-10-11 14:00:00,2649.682,2655.439,2646.503,2653.114,13330,No Trade
2024-10-11 15:00:00,2653.107,2659.398,2653.107,2658.856,8820,Buy
2024-10-11 16:00:00,2658.864,2661.542,2657.937,2660.555,7038,No Trade
2024-10-11 17:00:00,2660.567,2661.276,2656.384,2659.554,5994,No Trade
2024-10-11 18:00:00,2659.52,2659.604,2656.189,2658.677,4829,No Trade
2024-10-11 19:00:00,2658.667,2658.911,2655.32,2656.202,4587,Sell
2024-10-11 20:00:00,2656.24,2657.287,2654.748,2656.944,2826,Buy
2024-10-13 22:00:00,2650.187,2652.552,2646.946,2650.455,5921,No Trade
2024-10-13 23:00:00,2650.458,2650.781,2647.703,2648.171,3889,Sell
2024-10-14 00:00:00,2648.211,2648.431,2645.192,2646.763,4931,Sell
2024-10-14 01:00:00,2646.762,2648.518,2643.636,2646.144,10518,No Trade
2024-10-14 02:00:00,2646.111,2655.548,2643.155,2655.211,9058,No Trade
2024-10-14 03:00:00,2655.204,2657.535,2653.838,2655.633,6194,No Trade
2024-10-14 04:00:00,2655.633,2660.483,2655.274,2659.233,3717,No Trade
2024-10-14 05:00:00,2659.252,2660.803,2657.186,2659.098,5345,No Trade
2024-10-14 06:00:00,2659.059,2666.918,2657.518,2664.138,9686,No Trade
2024-10-14 07:00:00,2664.099,2665.246,2659.181,2660.475,7250,Sell
2024-10-14 08:00:00,2660.476,2661.993,2658.358,2659.532,5814,Sell
2024-10-14 09:00:00,2659.556,2663.075,2656.812,2658.603,5604,Sell
2024-10-14 10:00:00,2658.599,2660.999,2655.823,2655.893,5797,Sell
2024-10-14 11:00:00,2655.908,2656.932,2651.067,2652.264,7177,Sell
2024-10-14 12:00:00,2652.254,2654.696,2649.242,2651.432,8904,No Trade
2024-10-14 13:00:00,2651.387,2661.242,2647.72,2655.663,15548,No Trade
2024-10-14 14:00:00,2655.623,2657.118,2644.779,2645.77,15222,Sell
2024-10-14 15:00:00,2645.805,2649.172,2644.02,2646.813,8725,No Trade
2024-10-14 16:00:00,2646.875,2649.789,2645.825,2648.629,5438,No Trade
2024-10-14 17:00:00,2648.597,2649.966,2647.333,2648.684,4342,No Trade
2024-10-14 18:00:00,2648.69,2651.02,2648.469,2649.291,3516,Sell
2024-10-14 19:00:00,2649.337,2652.655,2647.009,2652.475,5041,Buy
2024-10-14 20:00:00,2652.517,2653.403,2646.155,2648.94,3339,Sell
2024-10-14 22:00:00,2647.977,2650.426,2647.499,2650.093,2177,No Trade
2024-10-14 23:00:00,2650.091,2651.07,2649.005,2649.437,2648,Sell
2024-10-15 00:00:00,2649.499,2650.312,2647.893,2648.225,4309,Sell
2024-10-15 01:00:00,2648.201,2651.329,2647.345,2648.509,7346,Sell
2024-10-15 02:00:00,2648.547,2652.856,2648.162,2651.729,6389,No Trade
2024-10-15 03:00:00,2651.773,2651.773,2644.529,2645.785,6209,Sell
2024-10-15 04:00:00,2645.823,2645.823,2642.97,2644.452,5053,Sell
2024-10-15 05:00:00,2644.454,2644.454,2638.055,2641.904,8675,No Trade
2024-10-15 06:00:00,2641.893,2649.3,2641.399,2648.69,8276,No Trade
2024-10-15 07:00:00,2648.722,2654.027,2647.991,2650.838,8717,Sell
2024-10-15 08:00:00,2650.82,2655.858,2649.8,2653.939,7401,No Trade
2024-10-15 09:00:00,2653.939,2655.589,2651.112,2653.649,6358,No Trade
2024-10-15 10:00:00,2653.691,2656.891,2652.682,2653.106,5641,Sell
2024-10-15 11:00:00,2653.145,2654.623,2645.684,2647.809,7630,Sell
2024-10-15 12:00:00,2647.806,2657.55,2647.248,2648.367,10987,Sell
2024-10-15 13:00:00,2648.359,2653.39,2646.127,2648.689,17109,No Trade
2024-10-15 14:00:00,2648.641,2664.256,2647.865,2659.845,19191,No Trade
2024-10-15 15:00:00,2659.888,2665.267,2657.316,2664.717,12190,No Trade
2024-10-15 16:00:00,2664.753,2669.01,2661.131,2661.953,8295,Sell
2024-10-15 17:00:00,2661.873,2664.317,2659.039,2663.693,6823,Buy
2024-10-15 18:00:00,2663.688,2665.93,2663.435,2665.232,4855,No Trade
2024-10-15 19:00:00,2665.191,2666.538,2659.504,2661.682,5842,Sell
2024-10-15 20:00:00,2661.72,2663.19,2660.349,2663.06,2830,Buy
2024-10-15 22:00:00,2662.122,2662.952,2661.621,2662.183,1833,No Trade
2024-10-15 23:00:00,2662.212,2662.67,2660.493,2660.58,2485,Sell
2024-10-16 00:00:00,2660.578,2660.603,2658.802,2660.241,4101,Buy
2024-10-16 01:00:00,2660.247,2668.1,2660.165,2668.1,10423,Buy
2024-10-16 02:00:00,2668.055,2670.26,2665.586,2668.162,7721,No Trade
2024-10-16 03:00:00,2668.154,2669.314,2665.378,2667.236,6212,No Trade
2024-10-16 04:00:00,2667.2,2668.365,2665.625,2666.766,4108,No Trade
2024-10-16 05:00:00,2666.801,2670.666,2666.186,2669.499,6192,No Trade
2024-10-16 06:00:00,2669.54,2677.784,2667.151,2677.248,13001,No Trade
2024-10-16 07:00:00,2677.215,2677.593,2673.33,2676.195,7359,No Trade
2024-10-16 08:00:00,2676.193,2680.231,2674.604,2679.545,6191,No Trade
2024-10-16 09:00:00,2679.586,2682.811,2678.129,2680.301,6522,No Trade
2024-10-16 10:00:00,2680.333,2681.086,2673.207,2674.343,7762,Sell
2024-10-16 11:00:00,2674.387,2680.715,2673.003,2678.427,7647,No Trade
2024-10-16 12:00:00,2678.392,2682.049,2676.559,2681.791,10135,No Trade
2024-10-16 13:00:00,2681.751,2685.474,2672.43,2675.135,18895,No Trade
2024-10-16 14:00:00,2675.161,2681.58,2670.11,2672.21,18597,No Trade
2024-10-16 15:00:00,2672.234,2675.783,2667.621,2670.065,12093,No Trade
2024-10-16 16:00:00,2670.023,2674.297,2666.729,2674.223,8308,No Trade
2024-10-16 17:00:00,2674.267,2676.425,2673.152,2675.32,6138,No Trade
2024-10-16 18:00:00,2675.297,2676.784,2674.668,2675.075,4026,No Trade
2024-10-16 19:00:00,2675.03,2675.093,2672.845,2674.77,4062,Buy
2024-10-16 20:00:00,2674.815,2675.068,2673.158,2673.694,1923,Sell
2024-10-16 22:00:00,2674.611,2675.076,2673.372,2673.81,2112,Sell
2024-10-16 23:00:00,2673.801,2674.819,2673.536,2674.167,1901,No Trade
2024-10-17 00:00:00,2674.202,2678.033,2674.149,2677.908,4145,Buy
2024-10-17 01:00:00,2677.974,2683.102,2676.562,2683.079,8343,No Trade
2024-10-17 02:00:00,2683.104,2685.023,2678.923,2682.021,10761,No Trade
2024-10-17 03:00:00,2681.985,2682.322,2674.561,2676.69,7463,Sell
2024-10-17 04:00:00,2676.743,2679.842,2676.476,2679.159,4621,No Trade
2024-10-17 05:00:00,2679.138,2684.374,2678.124,2683.587,7739,No Trade
2024-10-17 06:00:00,2683.616,2685.836,2680.061,2681.201,10543,Sell
2024-10-17 07:00:00,2681.243,2683.872,2678.958,2682.033,9005,No Trade
2024-10-17 08:00:00,2682.061,2683.969,2680.097,2681.905,6329,No Trade
2024-10-17 09:00:00,2681.883,2682.165,2677.029,2679.569,6636,Sell
2024-10-17 10:00:00,2679.538,2688.938,2679.067,2687.56,6606,No Trade
2024-10-17 11:00:00,2687.506,2688.528,2680.858,2681.378,6586,No Trade
2024-10-17 12:00:00,2681.338,2682.339,2673.235,2680.726,17936,Buy
2024-10-17 13:00:00,2680.683,2690.219,2677.86,2688.797,19458,No Trade
2024-10-17 14:00:00,2688.833,2696.621,2684.811,2695.723,19979,No Trade
2024-10-17 15:00:00,2695.682,2696.868,2687.559,2693.376,13662,No Trade
2024-10-17 16:00:00,2693.445,2693.493,2684.039,2692.282,10103,Buy
2024-10-17 17:00:00,2692.314,2694.282,2690.451,2692.07,6718,No Trade
2024-10-17 18:00:00,2692.051,2692.308,2689.258,2689.657,5130,Sell
2024-10-17 19:00:00,2689.652,2692.685,2688.938,2692.034,3906,No Trade
2024-10-17 20:00:00,2692.086,2693.038,2691.047,2692.799,2401,Buy
2024-10-17 22:00:00,2692.525,2693.455,2692.429,2692.697,1626,Sell
2024-10-17 23:00:00,2692.698,2694.491,2692.383,2693.786,1999,No Trade
2024-10-18 00:00:00,2693.749,2695.907,2692.81,2693.141,4525,Sell
2024-10-18 01:00:00,2693.098,2706.873,2692.869,2704.665,11757,No Trade
2024-10-18 02:00:00,2704.609,2712.044,2704.057,2708.237,11784,Sell
2024-10-18 03:00:00,2708.142,2710.97,2707.0,2710.039,7044,No Trade
2024-10-18 04:00:00,2710.024,2711.493,2708.831,2710.222,4020,No Trade
2024-10-18 05:00:00,2710.244,2714.198,2710.124,2711.547,7476,Sell
2024-10-18 06:00:00,2711.509,2711.678,2702.723,2707.417,13812,Sell
2024-10-18 07:00:00,2707.462,2709.267,2702.287,2702.352,7732,Sell
2024-10-18 08:00:00,2702.361,2706.344,2701.762,2706.335,5826,Buy
2024-10-18 09:00:00,2706.323,2713.282,2706.215,2711.463,7094,No Trade
2024-10-18 10:00:00,2711.492,2713.26,2708.024,2712.594,6573,Buy
2024-10-18 11:00:00,2712.586,2713.21,2708.029,2709.859,8419,Sell
2024-10-18 12:00:00,2709.888,2717.155,2709.17,2709.685,10093,Sell
2024-10-18 13:00:00,2709.646,2715.873,2705.001,2713.729,21395,No Trade
2024-10-18 14:00:00,2713.704,2720.275,2712.171,2717.546,15445,No Trade
2024-10-18 15:00:00,2717.443,2719.259,2713.66,2714.893,10809,Sell
2024-10-18 16:00:00,2714.926,2719.079,2714.766,2717.629,6936,No Trade
2024-10-18 17:00:00,2717.665,2720.103,2713.656,2716.004,6871,Sell
2024-10-18 18:00:00,2716.003,2721.361,2715.57,2720.305,5577,No Trade
2024-10-18 19:00:00,2720.349,2720.584,2718.108,2719.704,5606,No Trade
2024-10-18 20:00:00,2719.745,2722.713,2719.261,2721.858,3655,No Trade
2024-10-20 22:00:00,2723.172,2723.932,2720.281,2723.644,3426,Buy
2024-10-20 23:00:00,2723.607,2725.225,2722.438,2723.496,4007,No Trade
2024-10-21 00:00:00,2723.537,2725.91,2721.505,2721.696,6490,Sell
2024-10-21 01:00:00,2721.739,2729.371,2721.12,2726.509,17198,No Trade
2024-10-21 02:00:00,2726.522,2731.562,2724.83,2730.821,9700,No Trade
2024-10-21 03:00:00,2730.777,2732.906,2729.428,2731.592,6648,No Trade
2024-10-21 04:00:00,2731.594,2732.069,2729.635,2730.461,3888,Sell
2024-10-21 05:00:00,2730.465,2730.502,2724.516,2724.966,7633,Sell
2024-10-21 06:00:00,2724.931,2730.718,2723.634,2730.32,8347,No Trade
2024-10-21 07:00:00,2730.364,2732.533,2725.374,2730.392,7717,No Trade
2024-10-21 08:00:00,2730.402,2733.2,2729.437,2731.408,6525,No Trade
2024-10-21 09:00:00,2731.421,2736.987,2730.794,2734.599,7798,No Trade
2024-10-21 10:00:00,2734.62,2735.045,2727.838,2733.442,8262,Buy
2024-10-21 11:00:00,2733.397,2738.208,2733.035,2734.499,8771,Sell
2024-10-21 12:00:00,2734.538,2739.938,2732.811,2738.768,12821,No Trade
2024-10-21 13:00:00,2738.793,2740.632,2733.742,2739.089,19409,Buy
2024-10-21 14:00:00,2739.125,2739.625,2722.316,2725.307,24100,Sell
2024-10-21 15:00:00,2725.348,2727.196,2716.913,2720.199,18680,Sell
2024-10-21 16:00:00,2720.173,2724.089,2718.166,2723.579,8472,No Trade
2024-10-21 17:00:00,2723.619,2725.737,2721.676,2722.876,6994,Sell
2024-10-21 18:00:00,2722.868,2723.333,2715.373,2716.515,6086,Sell
2024-10-21 19:00:00,2716.544,2721.105,2714.284,2719.934,7653,No Trade
2024-10-21 20:00:00,2719.89,2721.06,2718.903,2719.953,3166,No Trade
2024-10-21 22:00:00,2718.872,2721.89,2718.809,2720.84,2069,No Trade
2024-10-21 23:00:00,2720.806,2722.672,2720.46,2721.563,2579,No Trade
2024-10-22 00:00:00,2721.563,2725.264,2720.713,2724.91,5407,No Trade
2024-10-22 01:00:00,2724.946,2730.384,2723.997,2728.241,9662,No Trade
2024-10-22 02:00:00,2728.2,2730.749,2727.744,2728.869,6193,Sell
2024-10-22 03:00:00,2728.843,2733.183,2728.74,2731.067,5876,Sell
2024-10-22 04:00:00,2731.049,2736.076,2731.049,2734.773,5599,No Trade
2024-10-22 05:00:00,2734.797,2735.197,2729.095,2730.515,6212,Sell
2024-10-22 06:00:00,2730.477,2737.221,2729.655,2735.133,7567,No Trade
2024-10-22 07:00:00,2735.089,2736.4,2732.52,2733.729,5889,Sell
2024-10-22 08:00:00,2733.697,2738.447,2731.513,2734.997,6945,No Trade
2024-10-22 09:00:00,2734.995,2736.165,2729.889,2731.542,6695,Sell
2024-10-22 10:00:00,2731.515,2739.47,2730.584,2738.923,7803,No Trade
2024-10-22 11:00:00,2738.967,2739.363,2729.516,2732.056,8230,Sell
2024-10-22 12:00:00,2732.09,2738.116,2731.581,2736.244,11303,No Trade
2024-10-22 13:00:00,2736.282,2742.127,2735.485,2735.88,16330,Sell
2024-10-22 14:00:00,2735.935,2743.303,2733.793,2741.894,16606,Sell
2024-10-22 15:00:00,2741.931,2744.286,2736.868,2737.642,10554,No Trade
2024-10-22 16:00:00,2737.601,2745.63,2737.224,2745.339,7824,Buy
2024-10-22 17:00:00,2745.381,2748.455,2743.608,2746.764,7718,No Trade
2024-10-22 18:00:00,2746.798,2747.307,2744.182,2744.739,5471,Sell
2024-10-22 19:00:00,2744.701,2748.988,2743.907,2748.386,5121,No Trade
2024-10-22 20:00:00,2748.434,2748.943,2746.835,2748.665,3548,Buy
2024-10-22 22:00:00,2747.955,2748.453,2747.101,2747.385,1774,Sell
2024-10-22 23:00:00,2747.384,2748.191,2745.909,2746.633,2059,Sell
2024-10-23 00:00:00,2746.637,2747.117,2744.832,2745.293,3958,Sell
2024-10-23 01:00:00,2745.335,2747.279,2738.0,2738.703,9280,Sell
2024-10-23 02:00:00,2738.655,2741.139,2737.845,2739.032,7012,No Trade
2024-10-23 03:00:00,2738.986,2747.134,2738.27,2746.134,6788,No Trade
2024-10-23 04:00:00,2746.134,2750.801,2745.427,2750.001,6211,No Trade
2024-10-23 05:00:00,2750.008,2753.397,2748.919,2751.521,7457,No Trade
2024-10-23 06:00:00,2751.486,2753.268,2748.176,2750.593,7552,No Trade
2024-10-23 07:00:00,2750.55,2755.712,2749.334,2754.954,6366,No Trade
2024-10-23 08:00:00,2754.993,2758.588,2754.654,2756.925,5624,No Trade
2024-10-23 09:00:00,2756.97,2757.688,2749.91,2750.702,7902,Sell
2024-10-23 10:00:00,2750.723,2752.599,2749.755,2750.822,6283,Sell
2024-10-23 11:00:00,2750.816,2752.991,2749.214,2750.047,6725,Sell
2024-10-23 12:00:00,2750.012,2750.56,2740.814,2743.449,12356,Sell
2024-10-23 13:00:00,2743.487,2744.271,2731.701,2737.55,25694,Sell
2024-10-23 14:00:00,2737.588,2738.753,2716.482,2717.881,29534,Sell
2024-10-23 15:00:00,2717.907,2722.643,2708.71,2721.806,19484,Buy
2024-10-23 16:00:00,2721.772,2723.33,2718.55,2719.443,10265,Sell
2024-10-23 17:00:00,2719.398,2720.767,2713.819,2716.764,9111,Sell
2024-10-23 18:00:00,2716.739,2716.739,2712.013,2714.182,8137,Sell
2024-10-23 19:00:00,2714.097,2718.295,2713.294,2716.282,6132,Sell
2024-10-23 20:00:00,2716.316,2716.721,2714.223,2715.624,3468,No Trade
2024-10-23 22:00:00,2715.292,2718.386,2715.257,2718.08,2455,Buy
2024-10-23 23:00:00,2718.13,2721.965,2718.13,2721.338,3464,No Trade
2024-10-24 00:00:00,2721.299,2721.481,2717.832,2721.279,5776,Buy
2024-10-24 01:00:00,2721.362,2726.778,2720.372,2723.817,11001,No Trade
2024-10-24 02:00:00,2723.82,2724.568,2720.261,2723.457,7903,No Trade
2024-10-24 03:00:00,2723.462,2724.114,2721.476,2722.957,4977,No Trade
2024-10-24 04:00:00,2722.962,2727.198,2722.885,2726.596,4446,No Trade
2024-10-24 05:00:00,2726.587,2729.826,2725.859,2729.023,5827,No Trade
2024-10-24 06:00:00,2729.051,2736.672,2728.389,2735.29,8569,No Trade
2024-10-24 07:00:00,2735.249,2737.165,2732.215,2733.62,7833,Sell
2024-10-24 08:00:00,2733.693,2737.974,2732.561,2736.887,6952,No Trade
2024-10-24 09:00:00,2736.848,2739.284,2735.898,2736.549,5772,Sell
2024-10-24 10:00:00,2736.618,2739.279,2736.264,2736.802,5167,Sell
2024-10-24 11:00:00,2736.847,2739.763,2735.154,2738.636,6631,No Trade
2024-10-24 12:00:00,2738.544,2741.671,2734.762,2739.185,10579,No Trade
2024-10-24 13:00:00,2739.218,2743.288,2729.636,2733.641,17682,Sell
2024-10-24 14:00:00,2733.687,2736.237,2722.466,2732.419,20189,No Trade
2024-10-24 15:00:00,2732.382,2734.425,2726.83,2731.179,12394,No Trade
2024-10-24 16:00:00,2731.171,2735.642,2725.774,2733.658,10620,Buy
2024-10-24 17:00:00,2733.612,2737.147,2732.886,2735.425,8026,No Trade
2024-10-24 18:00:00,2735.461,2737.813,2734.463,2735.658,6088,No Trade
2024-10-24 19:00:00,2735.691,2737.092,2733.53,2737.061,5109,Buy
2024-10-24 20:00:00,2737.141,2737.224,2735.107,2735.786,2561,Sell
2024-10-24 22:00:00,2735.785,2736.182,2734.609,2734.657,1760,Sell
2024-10-24 23:00:00,2734.664,2735.634,2733.711,2733.924,2194,Sell
2024-10-25 00:00:00,2733.965,2734.964,2731.353,2732.51,4136,Sell
2024-10-25 01:00:00,2732.552,2735.262,2729.868,2730.102,8262,Sell
2024-10-25 02:00:00,2730.059,2730.236,2726.216,2728.503,6714,No Trade
2024-10-25 03:00:00,2728.46,2728.46,2724.436,2726.121,5323,Sell
2024-10-25 04:00:00,2726.157,2727.826,2723.943,2726.074,4572,No Trade
2024-10-25 05:00:00,2726.113,2729.93,2726.076,2728.544,6499,Sell
2024-10-25 06:00:00,2728.557,2732.647,2725.041,2732.266,7782,Buy
2024-10-25 07:00:00,2732.228,2732.228,2725.96,2726.459,6778,Sell
2024-10-25 08:00:00,2726.544,2727.088,2718.908,2719.465,8552,Sell
2024-10-25 09:00:00,2719.4,2721.48,2717.036,2721.34,7087,Sell
2024-10-25 10:00:00,2721.406,2722.75,2717.246,2722.297,6378,Buy
2024-10-25 11:00:00,2722.304,2729.471,2721.293,2724.261,8208,Sell
2024-10-25 12:00:00,2724.288,2732.625,2723.326,2731.515,8943,No Trade
2024-10-25 13:00:00,2731.554,2732.189,2725.236,2727.718,14948,Sell
2024-10-25 14:00:00,2727.785,2740.643,2727.75,2738.524,16079,No Trade
2024-10-25 15:00:00,2738.503,2742.108,2736.528,2737.211,9407,Sell
2024-10-25 16:00:00,2737.173,2739.474,2733.938,2739.253,7934,Buy
2024-10-25 17:00:00,2739.278,2745.102,2738.773,2744.326,6341,No Trade
2024-10-25 18:00:00,2744.365,2744.799,2741.314,2742.139,5313,Sell
2024-10-25 19:00:00,2742.142,2744.49,2740.39,2742.599,5421,No Trade
2024-10-25 20:00:00,2742.641,2747.854,2742.549,2747.103,4207,No Trade
2024-10-27 22:00:00,2733.523,2736.262,2730.42,2734.626,7090,No Trade
2024-10-27 23:00:00,2734.651,2740.256,2734.631,2735.895,5686,Sell
2024-10-28 00:00:00,2735.863,2736.386,2732.225,2732.546,6187,Sell
2024-10-28 01:00:00,2732.513,2733.042,2724.711,2732.344,12801,Buy
2024-10-28 02:00:00,2732.341,2735.686,2730.76,2734.251,6590,No Trade
2024-10-28 03:00:00,2734.281,2734.763,2729.664,2729.782,5489,Sell
2024-10-28 04:00:00,2729.761,2733.56,2729.173,2732.99,4086,No Trade
2024-10-28 05:00:00,2733.034,2738.859,2731.174,2738.465,6144,No Trade
2024-10-28 06:00:00,2738.473,2744.59,2737.552,2740.653,8710,Sell
2024-10-28 07:00:00,2740.668,2743.751,2735.875,2738.999,7126,Sell
2024-10-28 08:00:00,2739.006,2740.99,2731.43,2732.033,8316,Sell
2024-10-28 09:00:00,2732.003,2734.089,2728.466,2729.374,7551,Sell
2024-10-28 10:00:00,2729.336,2733.431,2727.882,2732.314,6738,No Trade
2024-10-28 11:00:00,2732.322,2732.955,2729.763,2732.399,6076,Buy
2024-10-28 12:00:00,2732.392,2734.964,2731.251,2734.423,7804,No Trade
2024-10-28 13:00:00,2734.379,2743.569,2732.891,2740.968,13923,No Trade
2024-10-28 14:00:00,2740.931,2745.997,2738.953,2744.306,12542,No Trade
2024-10-28 15:00:00,2744.375,2744.746,2739.74,2740.784,9852,Sell
2024-10-28 16:00:00,2740.751,2745.063,2740.065,2742.75,6304,Sell
2024-10-28 17:00:00,2742.738,2744.976,2740.35,2743.438,5802,No Trade
2024-10-28 18:00:00,2743.476,2743.55,2740.249,2741.891,4827,Sell
2024-10-28 19:00:00,2741.931,2743.567,2740.393,2742.578,4421,No Trade
2024-10-28 20:00:00,2742.544,2743.103,2741.43,2742.414,2517,No Trade
2024-10-28 22:00:00,2741.826,2742.418,2739.886,2742.099,2209,Buy
2024-10-28 23:00:00,2742.089,2744.507,2741.268,2744.507,2770,No Trade
2024-10-29 00:00:00,2744.459,2746.876,2743.283,2745.838,4244,No Trade
2024-10-29 01:00:00,2745.826,2752.532,2745.634,2752.102,8730,Buy
2024-10-29 02:00:00,2752.151,2757.842,2750.546,2753.005,9655,No Trade
2024-10-29 03:00:00,2753.014,2753.422,2748.641,2751.769,6727,No Trade
2024-10-29 04:00:00,2751.76,2755.379,2751.373,2754.788,4228,No Trade
2024-10-29 05:00:00,2754.832,2756.946,2749.812,2750.088,7413,Sell
2024-10-29 06:00:00,2750.04,2756.632,2748.978,2755.839,7370,No Trade
2024-10-29 07:00:00,2755.802,2756.419,2751.998,2752.539,5951,Sell
2024-10-29 08:00:00,2752.579,2755.134,2746.319,2754.634,9363,Buy
2024-10-29 09:00:00,2754.673,2756.719,2750.176,2752.531,7417,Sell
2024-10-29 10:00:00,2752.574,2753.268,2747.47,2749.932,6863,Sell
2024-10-29 11:00:00,2749.958,2753.446,2746.328,2751.887,7507,No Trade
2024-10-29 12:00:00,2751.886,2753.824,2749.017,2749.18,8301,Sell
2024-10-29 13:00:00,2749.153,2764.097,2748.222,2760.875,16318,No Trade
2024-10-29 14:00:00,2760.891,2771.779,2760.891,2769.616,19287,No Trade
2024-10-29 15:00:00,2769.651,2770.532,2760.858,2764.321,14438,Sell
2024-10-29 16:00:00,2764.299,2770.362,2764.145,2769.425,8510,No Trade
2024-10-29 17:00:00,2769.423,2772.68,2766.353,2769.858,9322,No Trade
2024-10-29 18:00:00,2769.888,2773.598,2768.287,2773.005,5967,No Trade
2024-10-29 19:00:00,2772.999,2774.84,2771.08,2772.276,4950,No Trade
2024-10-29 20:00:00,2772.245,2774.853,2771.9,2774.427,3032,Sell
2024-10-29 22:00:00,2773.661,2775.485,2773.028,2774.627,2237,Buy
2024-10-29 23:00:00,2774.641,2775.213,2773.447,2774.995,2742,Buy
2024-10-30 00:00:00,2775.023,2779.243,2774.858,2778.18,5009,No Trade
2024-10-30 01:00:00,2778.225,2782.23,2777.036,2781.753,8681,No Trade
2024-10-30 02:00:00,2781.787,2781.952,2776.144,2780.497,7242,No Trade
2024-10-30 03:00:00,2780.542,2781.338,2777.267,2779.004,6043,Sell
2024-10-30 04:00:00,2779.01,2781.087,2777.486,2780.241,3668,No Trade
2024-10-30 05:00:00,2780.219,2785.055,2778.016,2783.194,6075,No Trade
2024-10-30 06:00:00,2783.204,2789.901,2781.287,2787.129,7833,No Trade
2024-10-30 07:00:00,2787.167,2788.183,2780.496,2782.302,6941,Sell
2024-10-30 08:00:00,2782.337,2784.667,2779.61,2782.062,7330,No Trade
2024-10-30 09:00:00,2781.922,2784.709,2780.355,2784.637,5608,No Trade
2024-10-30 10:00:00,2784.64,2786.625,2780.212,2780.276,5543,Sell
2024-10-30 11:00:00,2780.24,2782.159,2778.293,2778.66,6388,Sell
2024-10-30 12:00:00,2778.636,2783.521,2773.698,2782.523,11688,Buy
2024-10-30 13:00:00,2782.618,2787.589,2770.884,2777.516,23305,Sell
2024-10-30 14:00:00,2777.535,2781.878,2775.201,2780.382,17803,No Trade
2024-10-30 15:00:00,2780.348,2786.032,2772.036,2784.714,13182,Buy
2024-10-30 16:00:00,2784.755,2787.567,2783.047,2785.484,8000,No Trade
2024-10-30 17:00:00,2785.426,2789.655,2783.967,2788.7,6846,No Trade
2024-10-30 18:00:00,2788.655,2790.155,2787.345,2787.843,5079,Sell
2024-10-30 19:00:00,2787.881,2788.237,2784.55,2787.365,5173,No Trade
2024-10-30 20:00:00,2787.413,2788.14,2784.857,2786.514,3541,No Trade
2024-10-30 22:00:00,2787.56,2788.206,2786.302,2787.571,2655,No Trade
2024-10-30 23:00:00,2787.533,2788.16,2785.231,2785.57,2491,Sell
2024-10-31 00:00:00,2785.569,2788.345,2784.699,2787.615,3763,No Trade
2024-10-31 01:00:00,2787.652,2790.164,2783.634,2784.719,7071,Sell
2024-10-31 02:00:00,2784.735,2789.087,2784.421,2787.188,6163,No Trade
2024-10-31 03:00:00,2787.156,2788.502,2784.401,2784.627,4439,Sell
2024-10-31 04:00:00,2784.678,2785.514,2782.162,2784.532,4403,No Trade
2024-10-31 05:00:00,2784.513,2786.664,2782.671,2785.162,6696,No Trade
2024-10-31 06:00:00,2785.166,2786.086,2779.764,2779.943,7447,Sell
2024-10-31 07:00:00,2779.899,2784.131,2778.103,2782.129,6938,No Trade
2024-10-31 08:00:00,2782.107,2783.233,2776.973,2779.093,6695,Sell
2024-10-31 09:00:00,2779.177,2780.261,2777.073,2778.325,5869,No Trade
2024-10-31 10:00:00,2778.293,2781.245,2773.375,2780.897,7145,Buy
2024-10-31 11:00:00,2780.945,2782.687,2776.789,2779.493,6625,Sell
2024-10-31 12:00:00,2779.494,2782.021,2771.991,2773.791,11759,Sell
2024-10-31 13:00:00,2773.691,2774.016,2754.567,2755.466,24490,Sell
2024-10-31 14:00:00,2755.428,2756.987,2734.665,2734.855,27624,Sell
2024-10-31 15:00:00,2734.829,2741.079,2731.595,2740.656,18035,No Trade
2024-10-31 16:00:00,2740.697,2743.813,2738.084,2740.817,10527,No Trade
2024-10-31 17:00:00,2740.842,2743.895,2738.286,2739.653,7334,Sell
2024-10-31 18:00:00,2739.648,2748.09,2739.648,2747.029,8534,No Trade
2024-10-31 19:00:00,2746.998,2749.827,2745.762,2746.522,6457,Sell
2024-10-31 20:00:00,2746.551,2748.248,2743.349,2743.971,4010,Sell
2024-10-31 22:00:00,2744.047,2747.76,2744.028,2746.237,2499,No Trade
2024-10-31 23:00:00,2746.254,2747.994,2745.491,2746.771,3082,Sell
2024-11-01 00:00:00,2746.752,2747.421,2744.895,2745.125,4221,Sell
2024-11-01 01:00:00,2745.125,2750.076,2744.862,2749.717,9248,Buy
2024-11-01 02:00:00,2749.685,2751.036,2745.836,2748.757,7886,No Trade
2024-11-01 03:00:00,2748.788,2751.958,2747.506,2751.85,5845,No Trade
2024-11-01 04:00:00,2751.808,2753.042,2750.766,2752.29,3430,No Trade
2024-11-01 05:00:00,2752.289,2755.27,2751.685,2755.068,5640,No Trade
2024-11-01 06:00:00,2755.039,2757.74,2751.33,2752.134,7824,Sell
2024-11-01 07:00:00,2752.13,2753.199,2747.119,2749.722,5931,Sell
2024-11-01 08:00:00,2749.707,2755.155,2748.598,2753.434,7402,No Trade
2024-11-01 09:00:00,2753.468,2755.56,2748.129,2751.391,6789,Sell
2024-11-01 10:00:00,2751.426,2751.957,2744.898,2749.67,6450,No Trade
2024-11-01 11:00:00,2749.71,2754.195,2749.673,2752.953,6515,No Trade
2024-11-01 12:00:00,2752.979,2759.978,2749.569,2753.879,17342,No Trade
2024-11-01 13:00:00,2753.914,2762.341,2752.19,2756.096,19600,Sell
2024-11-01 14:00:00,2756.071,2758.989,2739.754,2747.233,24935,Sell
2024-11-01 15:00:00,2747.259,2750.35,2742.634,2744.8,12743,Sell
2024-11-01 16:00:00,2744.786,2746.264,2740.461,2743.208,9468,No Trade
2024-11-01 17:00:00,2743.241,2744.017,2735.081,2736.385,8487,Sell
2024-11-01 18:00:00,2736.376,2738.103,2733.536,2736.284,6943,No Trade
2024-11-01 19:00:00,2736.26,2737.102,2733.193,2734.201,6084,Sell
2024-11-01 20:00:00,2734.157,2736.96,2733.346,2736.77,3637,No Trade
2024-11-03 23:00:00,2732.947,2740.414,2732.669,2738.432,5443,No Trade
2024-11-04 00:00:00,2738.459,2741.071,2737.047,2740.478,5001,No Trade
2024-11-04 01:00:00,2740.441,2741.453,2735.423,2740.017,9837,No Trade
2024-11-04 02:00:00,2739.982,2741.057,2736.993,2740.046,6501,Buy
2024-11-04 03:00:00,2740.049,2742.481,2739.362,2741.069,5522,No Trade
2024-11-04 04:00:00,2741.032,2742.315,2739.7,2741.056,3741,No Trade
2024-11-04 05:00:00,2741.049,2743.812,2737.724,2741.596,6233,No Trade
2024-11-04 06:00:00,2741.595,2741.705,2735.808,2741.463,6835,Buy
2024-11-04 07:00:00,2741.502,2744.861,2735.15,2735.917,6709,Sell
2024-11-04 08:00:00,2735.886,2738.509,2731.908,2733.435,7950,Sell
2024-11-04 09:00:00,2733.422,2744.173,2732.591,2743.319,8192,Buy
2024-11-04 10:00:00,2743.386,2745.384,2737.3,2738.707,6792,Sell
2024-11-04 11:00:00,2738.686,2741.091,2736.453,2740.688,6158,Buy
2024-11-04 12:00:00,2740.634,2744.101,2739.523,2743.496,6433,No Trade
2024-11-04 13:00:00,2743.429,2746.843,2738.804,2746.771,11660,Buy
2024-11-04 14:00:00,2746.801,2748.295,2737.972,2743.41,12768,No Trade
2024-11-04 15:00:00,2743.41,2745.648,2737.713,2738.621,13975,Sell
2024-11-04 16:00:00,2738.591,2739.068,2732.39,2734.189,9905,Sell
2024-11-04 17:00:00,2734.225,2738.555,2731.822,2738.442,7458,No Trade
2024-11-04 18:00:00,2738.476,2739.368,2735.688,2738.294,6492,No Trade
2024-11-04 19:00:00,2738.334,2739.786,2737.268,2738.388,4907,No Trade
2024-11-04 20:00:00,2738.321,2738.651,2736.362,2737.446,4679,Sell
2024-11-04 21:00:00,2737.423,2737.677,2736.134,2736.572,1963,Sell
2024-11-04 23:00:00,2737.764,2737.972,2736.081,2736.081,2300,Sell
2024-11-05 00:00:00,2736.126,2736.757,2734.114,2735.172,3605,Sell
2024-11-05 01:00:00,2735.172,2736.218,2732.966,2734.292,6952,Sell
2024-11-05 02:00:00,2734.278,2735.353,2724.775,2728.464,9979,Sell
2024-11-05 03:00:00,2728.431,2736.121,2727.736,2735.373,6723,Buy
2024-11-05 04:00:00,2735.32,2736.439,2733.179,2734.516,4759,Sell
2024-11-05 05:00:00,2734.451,2737.371,2731.925,2732.664,5709,Sell
2024-11-05 06:00:00,2732.67,2738.934,2731.731,2737.852,7023,No Trade
2024-11-05 07:00:00,2737.816,2741.464,2735.17,2736.612,5600,No Trade
2024-11-05 08:00:00,2736.572,2743.313,2732.17,2742.527,7723,No Trade
2024-11-05 09:00:00,2742.567,2745.123,2738.936,2739.953,6529,Sell
2024-11-05 10:00:00,2739.919,2740.275,2735.675,2738.001,6358,Sell
2024-11-05 11:00:00,2738.032,2743.099,2738.032,2741.68,6411,No Trade
2024-11-05 12:00:00,2741.777,2743.212,2737.589,2738.042,5691,Sell
2024-11-05 13:00:00,2738.076,2746.839,2736.354,2744.723,10095,No Trade
2024-11-05 14:00:00,2744.694,2749.997,2741.517,2746.816,11912,No Trade
2024-11-05 15:00:00,2746.808,2746.808,2733.001,2742.037,15705,No Trade
2024-11-05 16:00:00,2742.081,2744.688,2736.423,2739.063,8889,Sell
2024-11-05 17:00:00,2739.094,2743.773,2738.261,2742.067,6310,No Trade
2024-11-05 18:00:00,2742.054,2744.036,2739.438,2741.345,6305,No Trade
2024-11-05 19:00:00,2741.312,2742.373,2739.559,2740.593,4903,Sell
2024-11-05 20:00:00,2740.629,2743.555,2739.697,2743.078,4575,No Trade
2024-11-05 21:00:00,2743.113,2745.034,2742.619,2743.916,2336,Sell
2024-11-05 23:00:00,2742.672,2746.521,2742.54,2745.787,3356,No Trade
2024-11-06 00:00:00,2745.764,2745.764,2735.379,2737.945,9881,Sell
2024-11-06 01:00:00,2738.053,2749.761,2732.664,2747.152,17380,No Trade
2024-11-06 02:00:00,2747.125,2748.493,2736.858,2737.565,17860,Sell
2024-11-06 03:00:00,2737.598,2743.644,2730.74,2734.194,17510,Sell
2024-11-06 04:00:00,2734.206,2743.163,2733.236,2741.886,10312,No Trade
2024-11-06 05:00:00,2741.932,2743.788,2736.467,2739.11,12317,Sell
2024-11-06 06:00:00,2739.086,2739.408,2701.399,2707.168,33893,Sell
2024-11-06 07:00:00,2707.145,2733.25,2704.215,2726.043,21766,No Trade
2024-11-06 08:00:00,2726.001,2733.891,2722.801,2724.586,16075,Sell
2024-11-06 09:00:00,2724.553,2728.627,2716.506,2724.639,12459,No Trade
2024-11-06 10:00:00,2724.615,2727.235,2718.71,2720.299,9141,Sell
2024-11-06 11:00:00,2720.342,2722.86,2696.098,2699.392,16697,Sell
2024-11-06 12:00:00,2699.352,2708.146,2693.326,2695.209,19534,Sell
2024-11-06 13:00:00,2695.221,2695.221,2659.172,2664.237,43101,Sell
2024-11-06 14:00:00,2664.18,2670.503,2652.415,2659.829,33738,Sell
2024-11-06 15:00:00,2659.891,2676.012,2657.463,2675.795,25668,No Trade
2024-11-06 16:00:00,2675.832,2678.353,2662.947,2666.326,15320,Sell
2024-11-06 17:00:00,2666.329,2669.298,2661.643,2663.327,9949,Sell
2024-11-06 18:00:00,2663.338,2669.651,2662.885,2665.687,10100,No Trade
2024-11-06 19:00:00,2665.727,2668.585,2665.005,2667.164,7413,No Trade
2024-11-06 20:00:00,2667.137,2667.799,2659.37,2660.756,6465,Sell
2024-11-06 21:00:00,2660.714,2662.423,2659.038,2659.06,2847,Sell
2024-11-06 23:00:00,2660.244,2664.428,2659.991,2664.128,3684,No Trade
2024-11-07 00:00:00,2664.115,2664.341,2660.985,2661.592,4871,Sell
2024-11-07 01:00:00,2661.563,2664.028,2643.297,2649.532,18527,Sell
2024-11-07 02:00:00,2649.517,2657.729,2649.517,2657.497,10592,Buy
2024-11-07 03:00:00,2657.54,2661.308,2655.639,2659.259,7841,No Trade
2024-11-07 04:00:00,2659.279,2659.758,2654.199,2654.635,5579,Sell
2024-11-07 05:00:00,2654.688,2660.78,2654.688,2659.28,6749,No Trade
2024-11-07 06:00:00,2659.255,2659.606,2652.874,2657.095,8904,No Trade
2024-11-07 07:00:00,2657.056,2667.676,2656.264,2663.348,9756,No Trade
2024-11-07 08:00:00,2663.429,2666.742,2657.461,2657.718,9011,Sell
2024-11-07 09:00:00,2657.686,2666.098,2657.506,2661.756,7522,Sell
2024-11-07 10:00:00,2661.716,2668.512,2659.888,2666.68,7493,No Trade
2024-11-07 11:00:00,2666.621,2668.155,2663.851,2666.239,6333,No Trade
2024-11-07 12:00:00,2666.346,2674.21,2664.356,2673.671,9364,No Trade
2024-11-07 13:00:00,2673.721,2685.199,2672.428,2684.566,19255,No Trade
2024-11-07 14:00:00,2684.607,2695.06,2682.428,2691.913,17619,No Trade
2024-11-07 15:00:00,2691.886,2700.24,2690.163,2698.778,15718,No Trade
2024-11-07 16:00:00,2698.767,2699.597,2690.647,2695.797,13627,No Trade
2024-11-07 17:00:00,2695.836,2700.37,2694.304,2699.407,7887,No Trade
2024-11-07 18:00:00,2699.355,2699.501,2694.021,2695.592,6836,Sell
2024-11-07 19:00:00,2695.727,2698.102,2687.556,2694.346,24002,No Trade
2024-11-07 20:00:00,2694.388,2710.397,2692.93,2704.51,14555,No Trade
2024-11-07 21:00:00,2704.475,2708.673,2703.699,2707.226,4013,No Trade
2024-11-07 23:00:00,2704.754,2708.088,2704.188,2706.946,3515,No Trade
2024-11-08 00:00:00,2706.95,2710.498,2705.626,2706.369,4760,Sell
2024-11-08 01:00:00,2706.418,2707.67,2699.121,2699.993,11495,Sell
2024-11-08 02:00:00,2699.948,2701.148,2695.147,2697.634,8824,Sell
2024-11-08 03:00:00,2697.596,2700.653,2694.114,2695.193,6521,Sell
2024-11-08 04:00:00,2695.184,2696.189,2693.317,2693.662,4969,Sell
2024-11-08 05:00:00,2693.667,2696.442,2693.66,2695.28,5867,Sell
2024-11-08 06:00:00,2695.263,2695.843,2686.046,2686.52,9608,Sell
2024-11-08 07:00:00,2686.488,2687.922,2680.366,2687.442,8388,Buy
2024-11-08 08:00:00,2687.475,2691.919,2682.013,2688.775,14392,No Trade
2024-11-08 09:00:00,2688.742,2691.137,2687.113,2689.351,8224,No Trade
2024-11-08 10:00:00,2689.356,2689.406,2682.063,2688.619,7609,Buy
2024-11-08 11:00:00,2688.657,2695.057,2686.773,2691.992,7136,No Trade
2024-11-08 12:00:00,2692.017,2693.228,2686.229,2692.02,7878,Buy
2024-11-08 13:00:00,2691.989,2701.163,2687.93,2697.634,16268,No Trade
2024-11-08 14:00:00,2697.678,2704.141,2687.854,2691.582,18717,Sell
2024-11-08 15:00:00,2691.575,2692.965,2683.459,2687.632,17523,Sell
2024-11-08 16:00:00,2687.583,2689.363,2682.917,2683.432,10881,Sell
2024-11-08 17:00:00,2683.465,2688.723,2683.465,2687.911,8545,No Trade
2024-11-08 18:00:00,2687.913,2688.903,2683.903,2684.965,7131,Sell
2024-11-08 19:00:00,2685.018,2687.566,2683.321,2687.137,5555,No Trade
2024-11-08 20:00:00,2687.103,2688.629,2685.028,2685.22,5541,Sell
2024-11-08 21:00:00,2685.178,2685.916,2683.016,2684.838,5217,No Trade
2024-11-10 23:00:00,2683.241,2685.73,2681.606,2685.685,3709,No Trade
2024-11-11 00:00:00,2685.718,2686.221,2682.633,2684.067,4220,Sell
2024-11-11 01:00:00,2684.041,2684.96,2671.91,2673.116,13498,Sell
2024-11-11 02:00:00,2673.1,2675.315,2666.524,2671.981,9461,No Trade
2024-11-11 03:00:00,2672.017,2672.026,2668.025,2670.349,5582,No Trade
2024-11-11 04:00:00,2670.352,2672.447,2668.906,2672.235,5157,Buy
2024-11-11 05:00:00,2672.253,2674.362,2666.989,2669.314,7230,Sell
2024-11-11 06:00:00,2669.327,2674.143,2668.468,2673.277,6485,No Trade
2024-11-11 07:00:00,2673.309,2674.138,2668.887,2669.641,7332,Sell
2024-11-11 08:00:00,2669.596,2671.793,2667.63,2669.638,8021,No Trade
2024-11-11 09:00:00,2669.603,2670.901,2663.879,2666.918,8545,Sell
2024-11-11 10:00:00,2666.855,2675.457,2660.961,2662.064,8944,Sell
2024-11-11 11:00:00,2662.02,2667.067,2659.008,2662.727,9214,No Trade
2024-11-11 12:00:00,2662.752,2663.312,2656.782,2657.401,8688,Sell
2024-11-11 13:00:00,2657.362,2657.666,2634.345,2635.632,23148,Sell
2024-11-11 14:00:00,2635.675,2635.781,2617.784,2622.538,27318,Sell
2024-11-11 15:00:00,2622.563,2626.37,2613.47,2614.679,16183,Sell
2024-11-11 16:00:00,2614.638,2618.182,2612.667,2615.323,11028,No Trade
2024-11-11 17:00:00,2615.299,2617.071,2611.487,2612.681,7931,Sell
2024-11-11 18:00:00,2612.644,2619.456,2610.61,2618.98,6573,No Trade
2024-11-11 19:00:00,2619.018,2620.752,2617.885,2619.346,5258,No Trade
2024-11-11 20:00:00,2619.371,2626.267,2619.313,2622.123,5232,Sell
2024-11-11 21:00:00,2622.088,2623.216,2619.356,2619.693,2850,Sell
2024-11-11 23:00:00,2620.235,2624.204,2619.847,2624.118,2802,Buy
2024-11-12 00:00:00,2624.106,2625.36,2622.275,2624.132,4431,No Trade
2024-11-12 01:00:00,2624.175,2627.242,2619.222,2624.159,10398,No Trade
2024-11-12 02:00:00,2624.123,2625.579,2620.485,2622.147,8105,Sell
2024-11-12 03:00:00,2622.128,2623.869,2618.797,2619.004,5468,Sell
2024-11-12 04:00:00,2618.955,2619.164,2615.638,2617.774,5640,Sell
2024-11-12 05:00:00,2617.82,2618.254,2605.421,2606.94,11543,Sell
2024-11-12 06:00:00,2606.903,2610.207,2603.437,2608.009,11895,No Trade
2024-11-12 07:00:00,2607.966,2609.081,2595.228,2598.317,14101,Sell
2024-11-12 08:00:00,2598.353,2606.591,2598.199,2600.728,11985,Sell
2024-11-12 09:00:00,2600.662,2600.868,2590.841,2593.377,11912,No Trade
2024-11-12 10:00:00,2593.383,2598.692,2589.676,2596.722,10133,No Trade
2024-11-12 11:00:00,2596.685,2599.294,2592.711,2597.925,11527,No Trade
2024-11-12 12:00:00,2597.9,2607.198,2597.9,2605.284,15148,No Trade
2024-11-12 13:00:00,2605.33,2616.499,2604.475,2611.607,18483,No Trade
2024-11-12 14:00:00,2611.646,2617.148,2608.892,2610.509,17768,Sell
2024-11-12 15:00:00,2610.441,2611.836,2597.467,2598.517,16762,Sell
2024-11-12 16:00:00,2598.559,2604.273,2597.888,2600.894,13025,Sell
2024-11-12 17:00:00,2600.879,2601.222,2592.51,2597.511,10089,No Trade
2024-11-12 18:00:00,2597.555,2602.204,2596.527,2599.263,7977,No Trade
2024-11-12 19:00:00,2599.297,2601.482,2597.943,2598.271,5761,Sell
2024-11-12 20:00:00,2598.246,2601.467,2595.183,2599.876,6035,No Trade
2024-11-12 21:00:00,2599.901,2600.838,2597.253,2598.42,3423,Sell
2024-11-12 23:00:00,2598.15,2599.888,2597.738,2599.036,2321,No Trade
2024-11-13 00:00:00,2599.091,2600.015,2598.082,2599.428,3513,No Trade
2024-11-13 01:00:00,2599.469,2611.263,2599.469,2608.146,11014,No Trade
2024-11-13 02:00:00,2608.186,2612.634,2605.234,2612.165,7601,No Trade
2024-11-13 03:00:00,2612.132,2613.387,2606.499,2611.642,6591,Buy
2024-11-13 04:00:00,2611.659,2612.485,2606.143,2606.299,5332,Sell
2024-11-13 05:00:00,2606.359,2608.028,2603.57,2605.888,6617,No Trade
2024-11-13 06:00:00,2605.848,2607.541,2604.256,2605.514,6972,No Trade
2024-11-13 07:00:00,2605.474,2607.526,2604.358,2606.195,6233,No Trade
2024-11-13 08:00:00,2606.246,2610.807,2601.111,2607.741,9685,No Trade
2024-11-13 09:00:00,2607.702,2611.745,2607.353,2608.746,7398,Sell
2024-11-13 10:00:00,2608.703,2610.498,2607.01,2609.136,6060,No Trade
2024-11-13 11:00:00,2609.137,2611.739,2605.869,2610.869,6015,Buy
2024-11-13 12:00:00,2610.906,2612.789,2608.918,2609.772,7057,Sell
2024-11-13 13:00:00,2609.806,2618.921,2607.226,2612.39,22243,Sell
2024-11-13 14:00:00,2612.303,2616.466,2601.107,2602.111,22617,Sell
2024-11-13 15:00:00,2602.087,2606.971,2593.628,2605.465,22675,Buy
2024-11-13 16:00:00,2605.421,2606.055,2584.775,2585.816,17158,Sell
2024-11-13 17:00:00,2585.919,2586.883,2577.587,2583.489,14181,No Trade
2024-11-13 18:00:00,2583.444,2585.584,2579.593,2582.777,10269,No Trade
2024-11-13 19:00:00,2582.739,2584.996,2580.634,2581.084,6789,Sell
2024-11-13 20:00:00,2581.051,2581.275,2573.006,2573.91,7984,Sell
2024-11-13 21:00:00,2573.863,2577.165,2572.68,2573.144,3690,Sell
2024-11-13 23:00:00,2572.028,2581.49,2569.294,2571.069,9166,Sell
2024-11-14 00:00:00,2571.092,2574.84,2569.692,2572.537,5041,Sell
2024-11-14 01:00:00,2572.538,2573.055,2561.58,2562.65,13829,Sell
2024-11-14 02:00:00,2562.613,2564.663,2558.955,2560.676,9059,Sell
2024-11-14 03:00:00,2560.645,2565.17,2559.957,2560.788,6237,No Trade
2024-11-14 04:00:00,2560.798,2565.336,2559.32,2565.21,5206,No Trade
2024-11-14 05:00:00,2565.214,2565.214,2555.36,2558.655,8357,Sell
2024-11-14 06:00:00,2558.623,2560.594,2551.973,2555.076,9273,Sell
2024-11-14 07:00:00,2555.117,2559.027,2550.441,2557.094,10253,No Trade
2024-11-14 08:00:00,2557.052,2559.863,2554.578,2556.215,9272,Sell
2024-11-14 09:00:00,2556.188,2558.445,2536.835,2543.592,15202,No Trade
2024-11-14 10:00:00,2543.648,2548.117,2539.109,2547.096,10496,Buy
2024-11-14 11:00:00,2547.135,2555.124,2545.204,2553.659,11094,No Trade
2024-11-14 12:00:00,2553.701,2556.928,2550.116,2552.292,10638,Sell
2024-11-14 13:00:00,2552.254,2560.395,2551.271,2557.133,20819,No Trade
2024-11-14 14:00:00,2557.109,2566.066,2554.271,2559.813,21228,No Trade
2024-11-14 15:00:00,2559.77,2573.071,2558.622,2570.259,18573,No Trade
2024-11-14 16:00:00,2570.283,2577.527,2569.272,2573.992,11101,No Trade
2024-11-14 17:00:00,2574.036,2575.968,2567.499,2573.056,9829,No Trade
2024-11-14 18:00:00,2573.094,2573.522,2567.166,2570.001,7944,Sell
2024-11-14 19:00:00,2569.977,2577.039,2569.902,2576.05,6347,No Trade
2024-11-14 20:00:00,2576.061,2576.612,2563.946,2567.322,15956,Sell
2024-11-14 21:00:00,2567.36,2569.637,2564.173,2565.39,4690,Sell
2024-11-14 23:00:00,2565.007,2567.366,2565.007,2566.979,2814,No Trade
2024-11-15 00:00:00,2566.968,2567.761,2565.922,2566.959,4297,No Trade
2024-11-15 01:00:00,2566.957,2571.757,2563.107,2565.16,8735,Sell
2024-11-15 02:00:00,2565.092,2571.146,2564.923,2570.207,7196,No Trade
2024-11-15 03:00:00,2570.176,2571.237,2567.688,2567.836,5167,Sell
2024-11-15 04:00:00,2567.799,2569.618,2567.078,2567.131,3512,Sell
2024-11-15 05:00:00,2567.155,2567.308,2559.776,2560.069,6295,No Trade
2024-11-15 06:00:00,2560.033,2563.638,2554.486,2561.558,9265,Buy
2024-11-15 07:00:00,2561.514,2564.994,2559.363,2563.785,7125,No Trade
2024-11-15 08:00:00,2563.772,2569.087,2560.926,2566.863,9073,No Trade
2024-11-15 09:00:00,2566.808,2569.06,2564.006,2564.076,7660,Sell
2024-11-15 10:00:00,2564.045,2570.488,2563.037,2567.932,8750,No Trade
2024-11-15 11:00:00,2567.908,2573.473,2566.662,2570.861,7971,No Trade
2024-11-15 12:00:00,2570.88,2571.162,2565.515,2569.166,7982,No Trade
2024-11-15 13:00:00,2569.21,2575.825,2561.277,2565.406,23918,Sell
2024-11-15 14:00:00,2565.364,2575.714,2564.267,2572.876,22562,No Trade
2024-11-15 15:00:00,2572.908,2576.14,2565.086,2570.813,18024,No Trade
2024-11-15 16:00:00,2570.822,2573.371,2562.074,2562.257,12551,Sell
2024-11-15 17:00:00,2562.24,2564.837,2560.181,2563.021,9480,No Trade
2024-11-15 18:00:00,2563.075,2567.868,2559.501,2567.582,7791,Buy
2024-11-15 19:00:00,2567.533,2568.13,2562.777,2563.929,5626,Sell
2024-11-15 20:00:00,2563.929,2563.942,2559.838,2562.362,6542,No Trade
2024-11-15 21:00:00,2562.322,2563.782,2561.19,2563.049,3287,No Trade
2024-11-17 23:00:00,2568.107,2575.603,2568.107,2571.521,5698,Sell
2024-11-18 00:00:00,2571.483,2577.264,2569.946,2576.653,5846,No Trade
2024-11-18 01:00:00,2576.568,2597.494,2576.568,2587.059,19621,Sell
2024-11-18 02:00:00,2587.053,2595.215,2586.9,2591.189,10130,No Trade
2024-11-18 03:00:00,2591.106,2592.61,2587.808,2589.979,6152,Sell
2024-11-18 04:00:00,2589.983,2593.277,2589.336,2592.265,4386,No Trade
2024-11-18 05:00:00,2592.336,2592.463,2585.158,2585.674,6832,Sell
2024-11-18 06:00:00,2585.691,2587.758,2580.5,2586.062,9737,Buy
2024-11-18 07:00:00,2586.11,2587.182,2581.72,2582.918,7088,Sell
2024-11-18 08:00:00,2582.876,2590.125,2582.087,2585.741,9185,Sell
2024-11-18 09:00:00,2585.7,2597.376,2583.848,2595.731,9650,No Trade
2024-11-18 10:00:00,2595.728,2596.786,2589.566,2594.047,8418,No Trade
2024-11-18 11:00:00,2594.086,2595.485,2590.508,2594.493,7333,Buy
2024-11-18 12:00:00,2594.402,2597.255,2590.438,2595.192,8543,No Trade
2024-11-18 13:00:00,2595.191,2605.111,2592.95,2604.019,13150,No Trade
2024-11-18 14:00:00,2604.044,2610.36,2602.805,2608.235,15345,No Trade
2024-11-18 15:00:00,2608.272,2613.426,2605.968,2613.016,11669,No Trade
2024-11-18 16:00:00,2613.052,2615.184,2609.431,2611.667,8990,Sell
2024-11-18 17:00:00,2611.703,2612.003,2607.413,2610.564,6667,Buy
2024-11-18 18:00:00,2610.567,2612.104,2607.756,2611.186,5845,Buy
2024-11-18 19:00:00,2611.224,2612.707,2608.359,2609.929,5470,Sell
2024-11-18 20:00:00,2609.885,2611.62,2608.272,2610.302,5036,No Trade
2024-11-18 21:00:00,2610.34,2612.441,2609.922,2611.801,3329,No Trade
2024-11-18 23:00:00,2611.113,2613.187,2610.44,2612.784,2264,No Trade
2024-11-19 00:00:00,2612.811,2613.826,2611.137,2613.412,3697,Buy
2024-11-19 01:00:00,2613.424,2617.939,2611.614,2615.702,9937,No Trade
2024-11-19 02:00:00,2615.725,2624.251,2615.725,2622.507,8244,No Trade
2024-11-19 03:00:00,2622.472,2625.659,2621.401,2624.515,6450,No Trade
2024-11-19 04:00:00,2624.536,2625.214,2621.578,2623.028,4575,Sell
2024-11-19 05:00:00,2622.983,2623.545,2620.881,2622.596,6291,No Trade
2024-11-19 06:00:00,2622.555,2626.731,2621.451,2625.18,7149,No Trade
2024-11-19 07:00:00,2625.264,2625.404,2617.742,2619.137,7803,Sell
2024-11-19 08:00:00,2619.101,2627.125,2618.754,2626.44,10288,Buy
2024-11-19 09:00:00,2626.369,2634.563,2625.361,2630.32,14175,No Trade
2024-11-19 10:00:00,2630.296,2636.556,2629.925,2635.128,8425,No Trade
2024-11-19 11:00:00,2635.141,2636.106,2629.103,2629.719,7690,Sell
2024-11-19 12:00:00,2629.747,2639.422,2628.759,2639.285,9282,No Trade
2024-11-19 13:00:00,2639.316,2639.553,2629.321,2635.324,17123,No Trade
2024-11-19 14:00:00,2635.296,2637.006,2622.846,2623.598,21323,Sell
2024-11-19 15:00:00,2623.561,2628.738,2620.992,2624.523,15233,No Trade
2024-11-19 16:00:00,2624.558,2628.526,2622.375,2626.48,10978,No Trade
2024-11-19 17:00:00,2626.444,2633.224,2625.702,2628.194,7924,Sell
2024-11-19 18:00:00,2628.228,2630.467,2626.319,2630.185,6616,Buy
2024-11-19 19:00:00,2630.22,2631.625,2628.917,2630.745,5370,No Trade
2024-11-19 20:00:00,2630.794,2634.654,2630.494,2633.763,4527,No Trade
2024-11-19 21:00:00,2633.731,2633.99,2630.642,2632.147,3537,No Trade
2024-11-19 23:00:00,2632.235,2635.634,2632.075,2635.246,2843,Buy
2024-11-20 00:00:00,2635.237,2639.182,2634.766,2637.87,4491,No Trade
2024-11-20 01:00:00,2637.913,2641.567,2635.852,2639.691,8912,No Trade
2024-11-20 02:00:00,2639.703,2641.927,2638.454,2640.305,6332,No Trade
2024-11-20 03:00:00,2640.276,2641.292,2637.621,2638.057,4939,Sell
2024-11-20 04:00:00,2638.092,2638.885,2636.189,2636.65,3781,Sell
2024-11-20 05:00:00,2636.64,2638.568,2634.968,2636.933,5838,No Trade
2024-11-20 06:00:00,2636.902,2637.166,2628.601,2629.6,9460,Sell
2024-11-20 07:00:00,2629.588,2630.258,2621.312,2621.671,8414,Sell
2024-11-20 08:00:00,2621.635,2624.535,2618.944,2624.208,8405,Buy
2024-11-20 09:00:00,2624.275,2625.791,2621.132,2622.046,7357,Sell
2024-11-20 10:00:00,2622.024,2626.305,2620.952,2625.186,6811,No Trade
2024-11-20 11:00:00,2625.143,2628.211,2621.478,2628.165,7311,Buy
2024-11-20 12:00:00,2628.203,2632.505,2627.145,2631.873,7852,No Trade
2024-11-20 13:00:00,2631.831,2640.554,2631.245,2636.104,11587,Sell
2024-11-20 14:00:00,2636.143,2646.546,2634.206,2643.219,14634,No Trade
2024-11-20 15:00:00,2643.207,2649.012,2640.864,2648.89,10987,No Trade
2024-11-20 16:00:00,2648.888,2650.904,2646.125,2650.683,9834,Buy
2024-11-20 17:00:00,2650.703,2655.513,2649.279,2651.91,8198,No Trade
2024-11-20 18:00:00,2651.861,2652.229,2645.437,2648.653,8604,Sell
2024-11-20 19:00:00,2648.648,2653.257,2648.524,2650.952,5992,Sell
2024-11-20 20:00:00,2650.921,2651.269,2647.35,2648.988,6131,Sell
2024-11-20 21:00:00,2648.963,2650.591,2648.131,2650.035,4004,No Trade
2024-11-20 23:00:00,2651.304,2653.017,2649.051,2652.204,2970,No Trade
2024-11-21 00:00:00,2652.233,2658.957,2651.856,2658.538,4678,Buy
2024-11-21 01:00:00,2658.574,2660.546,2651.887,2653.408,8482,Sell
2024-11-21 02:00:00,2653.378,2658.286,2652.592,2653.778,6282,Sell
2024-11-21 03:00:00,2653.782,2657.328,2650.405,2656.981,5377,Buy
2024-11-21 04:00:00,2656.953,2659.077,2656.894,2657.009,3800,Sell
2024-11-21 05:00:00,2657.052,2658.22,2654.7,2656.93,5571,No Trade
2024-11-21 06:00:00,2657.001,2662.316,2656.617,2661.492,6729,No Trade
2024-11-21 07:00:00,2661.454,2664.803,2660.072,2663.179,6876,No Trade
2024-11-21 08:00:00,2663.14,2670.382,2662.089,2668.906,8103,No Trade
2024-11-21 09:00:00,2668.933,2671.779,2663.5,2668.892,8846,No Trade
2024-11-21 10:00:00,2668.891,2670.432,2665.144,2669.957,6626,Buy
2024-11-21 11:00:00,2669.998,2673.602,2668.392,2671.528,6728,No Trade
2024-11-21 12:00:00,2671.571,2671.896,2662.977,2663.416,7827,Sell
2024-11-21 13:00:00,2663.356,2667.802,2660.434,2665.465,16184,No Trade
2024-11-21 14:00:00,2665.5,2671.677,2661.429,2665.036,16196,No Trade
2024-11-21 15:00:00,2665.119,2670.585,2664.444,2667.716,14288,No Trade
2024-11-21 16:00:00,2667.754,2669.851,2661.386,2664.768,12868,Sell
2024-11-21 17:00:00,2664.796,2672.883,2661.857,2671.795,8794,No Trade
2024-11-21 18:00:00,2671.838,2673.206,2669.074,2672.421,7127,Buy
2024-11-21 19:00:00,2672.46,2673.596,2667.894,2669.764,6319,Sell
2024-11-21 20:00:00,2669.798,2671.898,2668.631,2671.524,5293,No Trade
2024-11-21 21:00:00,2671.568,2671.986,2668.138,2669.69,3723,Sell
2024-11-21 23:00:00,2669.941,2670.076,2668.226,2669.239,2977,No Trade
2024-11-22 00:00:00,2669.207,2673.665,2668.933,2673.149,4585,Buy
2024-11-22 01:00:00,2673.198,2679.585,2673.133,2677.927,9546,No Trade
2024-11-22 02:00:00,2677.894,2686.505,2677.359,2686.065,7597,Buy
2024-11-22 03:00:00,2686.062,2690.599,2681.493,2686.233,8363,No Trade
2024-11-22 04:00:00,2686.266,2692.46,2683.049,2688.781,6353,No Trade
2024-11-22 05:00:00,2688.823,2689.194,2683.142,2686.688,8203,No Trade
2024-11-22 06:00:00,2686.716,2693.305,2685.955,2692.946,8208,No Trade
2024-11-22 07:00:00,2692.977,2699.033,2690.532,2696.537,8404,No Trade
2024-11-22 08:00:00,2696.568,2700.545,2694.785,2697.342,11532,No Trade
2024-11-22 09:00:00,2697.382,2707.538,2693.634,2703.402,13292,No Trade
2024-11-22 10:00:00,2703.438,2708.67,2702.702,2707.719,9586,No Trade
2024-11-22 11:00:00,2707.758,2710.207,2697.069,2698.947,10813,Sell
2024-11-22 12:00:00,2698.906,2705.098,2697.076,2703.077,9491,No Trade
2024-11-22 13:00:00,2703.037,2704.243,2689.381,2693.037,18636,Sell
2024-11-22 14:00:00,2692.995,2696.414,2684.484,2694.852,20049,Buy
2024-11-22 15:00:00,2694.721,2705.128,2694.57,2703.796,16299,No Trade
2024-11-22 16:00:00,2703.818,2706.694,2700.887,2705.201,10737,Buy
2024-11-22 17:00:00,2705.3,2707.4,2703.608,2706.826,7712,No Trade
2024-11-22 18:00:00,2706.867,2711.498,2706.76,2710.858,7464,No Trade
2024-11-22 19:00:00,2710.903,2711.537,2707.017,2708.301,5839,Sell
2024-11-22 20:00:00,2708.26,2708.929,2705.165,2705.921,6324,Sell
2024-11-22 21:00:00,2705.886,2715.738,2705.787,2715.653,5267,Buy
2024-11-24 23:00:00,2711.266,2721.485,2710.828,2719.836,8444,No Trade
2024-11-25 00:00:00,2719.807,2720.216,2709.786,2710.716,8221,Sell
2024-11-25 01:00:00,2710.752,2711.236,2694.935,2701.288,22985,Sell
2024-11-25 02:00:00,2701.325,2704.59,2692.338,2695.344,11518,Sell
2024-11-25 03:00:00,2695.334,2697.514,2659.077,2672.316,25317,Sell
2024-11-25 04:00:00,2672.271,2676.455,2663.905,2672.623,11079,No Trade
2024-11-25 05:00:00,2672.667,2674.106,2658.268,2664.741,16359,Sell
2024-11-25 06:00:00,2664.791,2670.243,2661.71,2666.895,15458,No Trade
2024-11-25 07:00:00,2666.938,2672.665,2663.865,2667.854,11601,No Trade
2024-11-25 08:00:00,2667.889,2673.652,2667.178,2672.043,11588,No Trade
2024-11-25 09:00:00,2672.068,2675.306,2669.921,2673.94,8765,No Trade
2024-11-25 10:00:00,2673.906,2678.202,2668.914,2677.745,7701,Buy
2024-11-25 11:00:00,2677.709,2688.848,2677.676,2686.856,8764,No Trade
2024-11-25 12:00:00,2686.886,2687.176,2680.031,2681.035,9670,Sell
2024-11-25 13:00:00,2681.044,2687.943,2676.688,2678.319,18470,Sell
2024-11-25 14:00:00,2678.361,2678.801,2633.59,2641.299,44311,Sell
2024-11-25 15:00:00,2641.343,2641.82,2626.301,2628.484,24592,Sell
2024-11-25 16:00:00,2628.515,2639.472,2628.393,2632.067,15401,Sell
2024-11-25 17:00:00,2632.059,2634.295,2624.555,2627.887,11041,Sell
2024-11-25 18:00:00,2627.794,2628.585,2615.599,2618.903,12687,Sell
2024-11-25 19:00:00,2618.855,2626.299,2618.413,2625.884,7541,Buy
2024-11-25 20:00:00,2625.91,2628.819,2622.733,2626.21,7023,No Trade
2024-11-25 21:00:00,2626.178,2628.445,2625.18,2625.722,3420,Sell
2024-11-25 23:00:00,2625.909,2628.644,2605.192,2610.541,11277,Sell
2024-11-26 00:00:00,2610.607,2624.636,2608.531,2619.896,13757,No Trade
2024-11-26 01:00:00,2619.871,2632.296,2618.101,2628.195,17241,No Trade
2024-11-26 02:00:00,2628.152,2630.613,2624.973,2625.456,10067,Sell
2024-11-26 03:00:00,2625.37,2631.157,2622.979,2630.456,7502,No Trade
2024-11-26 04:00:00,2630.416,2631.531,2625.107,2626.496,5063,Sell
2024-11-26 05:00:00,2626.49,2626.619,2617.912,2624.388,8960,No Trade
2024-11-26 06:00:00,2624.431,2626.094,2621.148,2622.211,9074,Sell
2024-11-26 07:00:00,2622.168,2622.939,2610.911,2614.116,9268,Sell
2024-11-26 08:00:00,2614.15,2618.363,2612.497,2613.551,10649,No Trade
2024-11-26 09:00:00,2613.5,2627.227,2612.941,2626.049,10163,No Trade
2024-11-26 10:00:00,2626.073,2633.233,2625.182,2631.461,9100,No Trade
2024-11-26 11:00:00,2631.474,2633.306,2627.66,2633.272,8017,Buy
2024-11-26 12:00:00,2633.329,2634.899,2629.346,2631.041,9195,Sell
2024-11-26 13:00:00,2631.009,2642.073,2624.022,2630.005,19299,No Trade
2024-11-26 14:00:00,2629.957,2633.916,2616.744,2622.701,22207,Sell
2024-11-26 15:00:00,2622.729,2632.926,2620.362,2629.592,15798,No Trade
2024-11-26 16:00:00,2629.59,2631.565,2626.405,2628.791,10023,No Trade
2024-11-26 17:00:00,2628.758,2628.758,2625.019,2625.019,7954,Sell
2024-11-26 18:00:00,2624.989,2624.989,2619.578,2623.492,9131,No Trade
2024-11-26 19:00:00,2623.455,2629.098,2622.777,2628.105,7156,No Trade
2024-11-26 20:00:00,2628.145,2632.953,2627.509,2631.822,5642,No Trade
2024-11-26 21:00:00,2631.847,2633.667,2630.825,2632.8,3341,No Trade
2024-11-26 23:00:00,2631.365,2634.231,2630.859,2632.334,3189,Sell
2024-11-27 00:00:00,2632.333,2633.226,2627.264,2627.757,3825,Sell
2024-11-27 01:00:00,2627.783,2632.821,2627.097,2631.467,8700,No Trade
2024-11-27 02:00:00,2631.432,2640.567,2631.218,2637.59,8285,No Trade
2024-11-27 03:00:00,2637.623,2639.533,2635.948,2637.802,5953,No Trade
2024-11-27 04:00:00,2637.808,2640.736,2636.635,2639.076,3928,No Trade
2024-11-27 05:00:00,2639.059,2645.866,2638.201,2642.104,6721,No Trade
2024-11-27 06:00:00,2642.155,2648.018,2639.007,2647.745,9000,No Trade
2024-11-27 07:00:00,2647.8,2648.583,2645.951,2646.705,6748,Sell
2024-11-27 08:00:00,2646.62,2653.756,2645.157,2653.52,9645,No Trade
2024-11-27 09:00:00,2653.567,2653.97,2647.842,2648.51,6795,Sell
2024-11-27 10:00:00,2648.469,2650.095,2647.776,2648.621,5901,No Trade
2024-11-27 11:00:00,2648.655,2652.461,2643.267,2651.183,7364,Buy
2024-11-27 12:00:00,2651.195,2655.093,2649.536,2651.23,7223,No Trade
2024-11-27 13:00:00,2651.275,2658.286,2645.828,2656.284,14797,Buy
2024-11-27 14:00:00,2656.303,2656.976,2649.059,2651.423,13684,Sell
2024-11-27 15:00:00,2651.458,2651.612,2635.608,2642.676,21004,Sell
2024-11-27 16:00:00,2642.731,2644.368,2638.095,2639.052,12376,Sell
2024-11-27 17:00:00,2639.026,2642.922,2635.309,2637.384,8875,Sell
2024-11-27 18:00:00,2637.361,2640.831,2636.579,2638.939,6108,No Trade
2024-11-27 19:00:00,2638.978,2639.535,2633.773,2634.786,5145,Sell
2024-11-27 20:00:00,2634.835,2639.11,2634.302,2637.115,5288,Sell
2024-11-27 21:00:00,2637.109,2637.594,2634.809,2635.786,2793,Sell
2024-11-27 23:00:00,2637.196,2638.021,2636.314,2637.248,2151,No Trade
2024-11-28 00:00:00,2637.143,2638.512,2635.126,2635.758,3805,Sell
2024-11-28 01:00:00,2635.764,2636.395,2620.924,2628.809,19297,Sell
2024-11-28 02:00:00,2628.845,2630.258,2625.671,2628.246,7416,No Trade
2024-11-28 03:00:00,2628.209,2632.266,2625.717,2630.355,5473,No Trade
2024-11-28 04:00:00,2630.366,2634.138,2629.385,2631.304,3902,No Trade
2024-11-28 05:00:00,2631.311,2634.171,2630.171,2633.435,5890,No Trade
2024-11-28 06:00:00,2633.464,2639.708,2631.914,2636.81,6724,No Trade
2024-11-28 07:00:00,2636.815,2639.389,2634.594,2637.424,5930,No Trade
2024-11-28 08:00:00,2637.355,2646.359,2635.748,2644.198,7027,No Trade
2024-11-28 09:00:00,2644.128,2648.057,2642.787,2646.169,6470,No Trade
2024-11-28 10:00:00,2646.173,2649.754,2644.846,2647.566,5132,No Trade
2024-11-28 11:00:00,2647.629,2649.583,2644.941,2646.964,5059,No Trade
2024-11-28 12:00:00,2646.961,2647.308,2643.925,2646.171,5412,No Trade
2024-11-28 13:00:00,2646.139,2647.977,2642.817,2647.089,9367,Buy
2024-11-28 14:00:00,2647.122,2648.055,2640.894,2641.404,6506,Sell
2024-11-28 15:00:00,2641.317,2643.165,2636.295,2638.184,7347,Sell
2024-11-28 16:00:00,2638.15,2642.538,2637.576,2642.083,5239,No Trade
2024-11-28 17:00:00,2642.12,2642.367,2639.629,2640.992,3344,Sell
2024-11-28 18:00:00,2641.003,2641.152,2639.622,2640.677,527,No Trade
2024-11-28 23:00:00,2638.76,2639.348,2637.224,2638.847,2369,Buy
2024-11-29 00:00:00,2638.806,2639.283,2635.692,2636.128,4404,Sell
2024-11-29 01:00:00,2636.145,2647.291,2634.049,2645.006,10947,No Trade
2024-11-29 02:00:00,2644.985,2662.882,2644.842,2657.53,12239,No Trade
2024-11-29 03:00:00,2657.564,2660.707,2654.787,2660.127,7096,Buy
2024-11-29 04:00:00,2660.1,2664.412,2658.403,2659.921,5450,Sell
2024-11-29 05:00:00,2659.872,2664.14,2659.399,2662.458,6784,No Trade
2024-11-29 06:00:00,2662.416,2666.463,2661.719,2665.232,7616,No Trade
2024-11-29 07:00:00,2665.278,2665.562,2659.076,2660.602,6211,Sell
2024-11-29 08:00:00,2660.637,2662.646,2654.551,2657.404,7087,Sell
2024-11-29 09:00:00,2657.369,2664.781,2655.915,2664.282,7600,No Trade
2024-11-29 10:00:00,2664.238,2665.997,2661.39,2662.835,6646,Sell
2024-11-29 11:00:00,2662.815,2664.376,2659.481,2659.69,6359,Sell
2024-11-29 12:00:00,2659.731,2665.049,2659.029,2659.986,7067,Sell
2024-11-29 13:00:00,2660.03,2663.367,2656.2,2658.018,12329,Sell
2024-11-29 14:00:00,2658.068,2662.796,2651.905,2653.589,13563,Sell
2024-11-29 15:00:00,2653.627,2659.026,2650.617,2659.026,12801,No Trade
2024-11-29 16:00:00,2659.082,2662.356,2658.0,2662.222,9661,No Trade
2024-11-29 17:00:00,2662.234,2662.327,2657.576,2660.639,7184,No Trade
2024-11-29 18:00:00,2660.684,2660.788,2655.31,2655.31,3230,No Trade
2024-12-01 23:00:00,2649.134,2650.404,2643.133,2645.739,5596,Sell
2024-12-02 00:00:00,2645.836,2647.747,2630.034,2637.51,10399,Sell
2024-12-02 01:00:00,2637.472,2639.312,2622.977,2635.97,19957,Buy
2024-12-02 02:00:00,2635.956,2638.16,2625.578,2626.829,12473,Sell
2024-12-02 03:00:00,2626.861,2631.129,2624.113,2629.352,9825,No Trade
2024-12-02 04:00:00,2629.315,2630.621,2626.232,2628.622,5765,No Trade
2024-12-02 05:00:00,2628.629,2628.875,2621.962,2623.287,9352,No Trade
2024-12-02 06:00:00,2623.25,2627.777,2621.918,2626.061,9463,No Trade
2024-12-02 07:00:00,2626.038,2633.744,2625.295,2629.978,8053,Sell
2024-12-02 08:00:00,2629.939,2632.921,2626.594,2629.564,10267,No Trade
2024-12-02 09:00:00,2629.591,2636.925,2628.612,2633.746,9258,No Trade
2024-12-02 10:00:00,2633.704,2637.762,2633.398,2635.872,7245,No Trade
2024-12-02 11:00:00,2635.851,2646.45,2635.728,2641.965,11446,No Trade
2024-12-02 12:00:00,2641.917,2645.258,2639.174,2641.114,8688,No Trade
2024-12-02 13:00:00,2641.071,2648.946,2637.128,2647.001,15693,No Trade
2024-12-02 14:00:00,2646.975,2651.874,2642.511,2645.773,16034,Sell
2024-12-02 15:00:00,2645.866,2649.518,2640.337,2642.398,15897,Sell
2024-12-02 16:00:00,2642.439,2644.452,2638.657,2641.439,11531,No Trade
2024-12-02 17:00:00,2641.396,2642.085,2637.401,2638.9,8300,Sell
2024-12-02 18:00:00,2638.914,2639.004,2633.626,2637.027,7511,No Trade
2024-12-02 19:00:00,2637.077,2640.285,2636.656,2637.691,5488,Sell
2024-12-02 20:00:00,2637.657,2644.317,2635.347,2637.214,7967,No Trade
2024-12-02 21:00:00,2637.184,2639.175,2636.569,2638.793,2933,No Trade
2024-12-02 23:00:00,2638.683,2643.022,2638.48,2642.291,2871,No Trade
2024-12-03 00:00:00,2642.308,2644.404,2640.577,2641.171,4685,Sell
2024-12-03 01:00:00,2641.187,2645.405,2634.113,2636.588,11147,Sell
2024-12-03 02:00:00,2636.603,2639.175,2634.503,2637.138,8542,No Trade
2024-12-03 03:00:00,2637.102,2640.719,2636.274,2640.507,5568,No Trade
2024-12-03 04:00:00,2640.521,2643.084,2638.394,2639.975,4845,No Trade
2024-12-03 05:00:00,2639.938,2642.064,2637.16,2641.229,5672,Buy
2024-12-03 06:00:00,2641.265,2650.146,2641.265,2646.987,9899,No Trade
2024-12-03 07:00:00,2647.013,2647.732,2644.494,2644.702,6726,Sell
2024-12-03 08:00:00,2644.677,2645.502,2639.249,2645.086,9878,Buy
2024-12-03 09:00:00,2645.12,2648.135,2643.934,2644.019,9950,Sell
2024-12-03 10:00:00,2644.035,2645.682,2642.545,2642.893,6153,Sell
2024-12-03 11:00:00,2642.875,2645.664,2642.753,2643.743,5294,Sell
2024-12-03 12:00:00,2643.751,2644.364,2638.239,2639.861,6469,Sell
2024-12-03 13:00:00,2639.889,2653.831,2637.762,2652.916,12294,No Trade
2024-12-03 14:00:00,2652.954,2655.745,2645.784,2646.703,15960,Sell
2024-12-03 15:00:00,2646.716,2647.324,2635.261,2640.515,18266,Sell
2024-12-03 16:00:00,2640.524,2648.759,2638.917,2648.386,10901,No Trade
2024-12-03 17:00:00,2648.41,2648.881,2643.489,2647.059,8305,No Trade
2024-12-03 18:00:00,2647.026,2649.244,2643.133,2645.899,6785,No Trade
2024-12-03 19:00:00,2645.938,2646.34,2640.229,2641.078,5760,Sell
2024-12-03 20:00:00,2641.016,2644.306,2640.706,2642.159,4800,Sell
2024-12-03 21:00:00,2642.194,2644.095,2641.979,2643.638,2889,No Trade
2024-12-03 23:00:00,2642.986,2643.248,2641.212,2642.801,2538,Buy
2024-12-04 00:00:00,2642.805,2643.643,2639.614,2640.589,3679,Sell
2024-12-04 01:00:00,2640.628,2643.4,2637.706,2642.322,9083,Buy
2024-12-04 02:00:00,2642.296,2648.173,2642.06,2645.861,7804,No Trade
2024-12-04 03:00:00,2645.904,2647.951,2643.233,2644.581,5973,Sell
2024-12-04 04:00:00,2644.56,2648.761,2643.759,2648.447,4465,No Trade
2024-12-04 05:00:00,2648.414,2651.235,2647.636,2649.775,6296,No Trade
2024-12-04 06:00:00,2649.797,2651.483,2647.421,2649.273,6688,No Trade
2024-12-04 07:00:00,2649.309,2649.42,2640.414,2641.433,6894,Sell
2024-12-04 08:00:00,2641.401,2642.331,2636.67,2641.348,8250,Buy
2024-12-04 09:00:00,2641.391,2642.815,2638.692,2640.965,7260,No Trade
2024-12-04 10:00:00,2641.01,2644.609,2640.287,2644.44,7084,No Trade
2024-12-04 11:00:00,2644.455,2647.815,2643.478,2646.248,6964,No Trade
2024-12-04 12:00:00,2646.283,2646.625,2636.29,2637.158,8638,Sell
2024-12-04 13:00:00,2637.13,2649.316,2632.41,2648.549,18758,No Trade
2024-12-04 14:00:00,2648.509,2653.605,2645.142,2649.489,15914,No Trade
2024-12-04 15:00:00,2649.514,2657.264,2648.781,2655.115,19067,No Trade
2024-12-04 16:00:00,2655.064,2655.661,2647.023,2649.764,11247,Sell
2024-12-04 17:00:00,2649.789,2653.067,2648.536,2651.405,8085,No Trade
2024-12-04 18:00:00,2651.413,2653.054,2648.879,2649.181,6826,Sell
2024-12-04 19:00:00,2649.205,2655.567,2646.905,2651.791,8137,No Trade
2024-12-04 20:00:00,2651.759,2652.042,2648.146,2650.081,5571,Sell
2024-12-04 21:00:00,2650.124,2651.28,2648.983,2649.977,2969,No Trade
2024-12-04 23:00:00,2649.932,2651.718,2648.789,2650.477,2620,No Trade
2024-12-05 00:00:00,2650.484,2650.554,2647.765,2648.462,3878,Sell
2024-12-05 01:00:00,2648.496,2650.797,2646.247,2647.154,7446,Sell
2024-12-05 02:00:00,2647.193,2649.784,2645.339,2646.609,6278,No Trade
2024-12-05 03:00:00,2646.602,2649.414,2644.655,2648.962,4999,Buy
2024-12-05 04:00:00,2648.946,2649.733,2645.831,2646.396,3718,Sell
2024-12-05 05:00:00,2646.364,2655.598,2645.58,2653.284,7177,No Trade
2024-12-05 06:00:00,2653.239,2654.246,2646.646,2647.042,7775,Sell
2024-12-05 07:00:00,2647.006,2650.984,2645.405,2648.655,6681,No Trade
2024-12-05 08:00:00,2648.702,2650.252,2642.085,2643.238,7127,Sell
2024-12-05 09:00:00,2643.243,2646.243,2641.901,2644.905,6533,No Trade
2024-12-05 10:00:00,2644.916,2650.458,2644.786,2648.831,5806,No Trade
2024-12-05 11:00:00,2648.807,2652.794,2648.198,2651.387,5742,No Trade
2024-12-05 12:00:00,2651.431,2653.477,2647.551,2653.3,6976,Buy
2024-12-05 13:00:00,2653.331,2654.597,2644.373,2648.968,14087,Sell
2024-12-05 14:00:00,2648.975,2650.334,2639.624,2640.475,14271,Sell
2024-12-05 15:00:00,2640.436,2641.991,2631.855,2640.336,16789,Buy
2024-12-05 16:00:00,2640.351,2643.475,2632.915,2635.276,10855,Sell
2024-12-05 17:00:00,2635.308,2636.016,2623.742,2628.024,12198,Sell
2024-12-05 18:00:00,2628.032,2629.76,2623.524,2629.561,8589,Buy
2024-12-05 19:00:00,2629.603,2631.809,2628.699,2629.88,6206,No Trade
2024-12-05 20:00:00,2629.854,2631.818,2628.016,2631.415,5524,Buy
2024-12-05 21:00:00,2631.437,2632.587,2631.055,2631.901,2528,No Trade
2024-12-05 23:00:00,2632.147,2633.912,2631.498,2633.793,2510,No Trade
2024-12-06 00:00:00,2633.801,2633.864,2628.295,2628.636,3596,Sell
2024-12-06 01:00:00,2628.672,2630.553,2613.011,2617.684,17057,Sell
2024-12-06 02:00:00,2617.676,2625.648,2616.946,2625.351,7875,Buy
2024-12-06 03:00:00,2625.39,2642.671,2624.941,2640.957,11053,No Trade
2024-12-06 04:00:00,2640.955,2644.657,2640.185,2642.361,6082,No Trade
2024-12-06 05:00:00,2642.386,2642.776,2635.393,2638.031,7493,Sell
2024-12-06 06:00:00,2637.976,2642.359,2636.435,2639.45,7549,No Trade
2024-12-06 07:00:00,2639.408,2640.264,2635.995,2639.762,5858,Buy
2024-12-06 08:00:00,2639.735,2645.33,2637.793,2644.233,7276,No Trade
2024-12-06 09:00:00,2644.278,2645.813,2639.843,2640.758,7129,Sell
2024-12-06 10:00:00,2640.788,2640.988,2633.573,2634.275,6140,Sell
2024-12-06 11:00:00,2634.283,2639.383,2632.424,2638.56,5859,No Trade
2024-12-06 12:00:00,2638.481,2641.558,2635.796,2638.574,7857,No Trade
2024-12-06 13:00:00,2638.531,2643.616,2631.306,2635.837,25043,Sell
2024-12-06 14:00:00,2635.81,2639.016,2624.099,2635.681,28312,Buy
2024-12-06 15:00:00,2635.707,2640.668,2632.639,2637.61,17900,No Trade
2024-12-06 16:00:00,2637.643,2641.734,2635.609,2640.48,10875,No Trade
2024-12-06 17:00:00,2640.514,2640.692,2634.26,2635.01,8443,Sell
2024-12-06 18:00:00,2635.056,2639.082,2634.154,2637.076,5328,No Trade
2024-12-06 19:00:00,2637.183,2637.353,2633.089,2634.703,3163,Sell
2024-12-06 20:00:00,2634.82,2636.304,2631.386,2632.067,3110,No Trade
2024-12-06 21:00:00,2632.139,2633.744,2631.031,2633.081,1955,Sell
2024-12-08 23:00:00,2643.043,2648.604,2636.396,2640.144,8040,Sell
2024-12-09 00:00:00,2640.144,2640.144,2627.541,2631.102,8793,Sell
2024-12-09 01:00:00,2631.053,2650.665,2630.948,2646.783,16183,No Trade
2024-12-09 02:00:00,2646.81,2648.707,2641.036,2646.157,9022,No Trade
2024-12-09 03:00:00,2646.115,2646.725,2638.336,2638.969,7948,Sell
2024-12-09 04:00:00,2638.922,2639.443,2634.633,2636.0,7052,Sell
2024-12-09 05:00:00,2636.03,2640.473,2635.936,2638.452,6865,No Trade
2024-12-09 06:00:00,2638.422,2644.646,2638.19,2643.899,7669,No Trade
2024-12-09 07:00:00,2643.9,2651.325,2643.108,2650.57,8282,No Trade
2024-12-09 08:00:00,2650.603,2651.217,2646.174,2649.376,8050,No Trade
2024-12-09 09:00:00,2649.362,2657.536,2648.849,2655.732,7819,No Trade
2024-12-09 10:00:00,2655.748,2658.472,2653.557,2657.531,7081,No Trade
2024-12-09 11:00:00,2657.523,2660.491,2653.459,2656.307,7140,Sell
2024-12-09 12:00:00,2656.264,2658.387,2653.422,2656.26,7355,No Trade
2024-12-09 13:00:00,2656.299,2666.409,2654.763,2665.571,14775,No Trade
2024-12-09 14:00:00,2665.597,2675.332,2662.703,2674.124,15710,No Trade
2024-12-09 15:00:00,2674.074,2676.525,2666.675,2668.337,15567,Sell
2024-12-09 16:00:00,2668.301,2670.649,2665.67,2667.688,11474,Sell
2024-12-09 17:00:00,2667.677,2669.421,2663.644,2664.58,7064,Sell
2024-12-09 18:00:00,2664.637,2664.711,2661.717,2663.062,6503,Sell
2024-12-09 19:00:00,2663.034,2663.388,2658.939,2660.246,5160,Sell
2024-12-09 20:00:00,2660.285,2660.322,2656.729,2657.967,5032,No Trade
2024-12-09 21:00:00,2657.998,2661.042,2657.912,2660.338,3373,No Trade
2024-12-09 23:00:00,2660.867,2661.757,2659.699,2660.529,3047,No Trade
2024-12-10 00:00:00,2660.569,2665.553,2658.038,2665.041,4685,No Trade
2024-12-10 01:00:00,2665.071,2668.742,2660.584,2667.546,10493,Buy
2024-12-10 02:00:00,2667.58,2671.574,2666.251,2669.093,9108,No Trade
2024-12-10 03:00:00,2669.057,2671.862,2665.516,2669.998,7602,No Trade
2024-12-10 04:00:00,2670.022,2673.939,2669.649,2670.389,5636,Sell
2024-12-10 05:00:00,2670.415,2671.757,2668.327,2669.02,6680,Sell
2024-12-10 06:00:00,2668.977,2671.065,2665.755,2670.071,6763,Buy
2024-12-10 07:00:00,2670.057,2670.928,2663.712,2664.769,6090,Sell
2024-12-10 08:00:00,2664.695,2665.741,2661.203,2663.303,8384,Sell
2024-12-10 09:00:00,2663.26,2667.058,2661.713,2664.992,8013,No Trade
2024-12-10 10:00:00,2665.018,2676.919,2664.536,2675.523,8704,No Trade
2024-12-10 11:00:00,2675.54,2675.588,2669.824,2674.576,8529,Buy
2024-12-10 12:00:00,2674.619,2679.452,2672.713,2677.794,10663,No Trade
2024-12-10 13:00:00,2677.835,2682.041,2672.388,2680.46,12351,Buy
2024-12-10 14:00:00,2680.496,2691.857,2679.574,2689.044,15484,No Trade
2024-12-10 15:00:00,2688.997,2690.561,2684.52,2687.526,12546,No Trade
2024-12-10 16:00:00,2687.526,2692.627,2684.633,2692.345,10240,No Trade
2024-12-10 17:00:00,2692.363,2695.603,2690.512,2694.381,6403,No Trade
2024-12-10 18:00:00,2694.347,2695.291,2691.93,2692.542,6150,Sell
2024-12-10 19:00:00,2692.515,2694.627,2691.14,2692.091,5059,Sell
2024-12-10 20:00:00,2692.056,2693.183,2690.957,2691.794,4340,No Trade
2024-12-10 21:00:00,2691.838,2694.54,2691.67,2693.735,3009,No Trade
2024-12-10 23:00:00,2693.738,2698.458,2693.664,2696.066,3837,Sell
2024-12-11 00:00:00,2695.991,2701.97,2693.496,2701.126,7599,No Trade
2024-12-11 01:00:00,2701.162,2703.89,2696.691,2700.041,13889,No Trade
2024-12-11 02:00:00,2700.097,2704.428,2698.37,2699.132,13198,Sell
2024-12-11 03:00:00,2699.097,2702.364,2692.44,2695.784,14705,Sell
2024-12-11 04:00:00,2695.727,2696.33,2683.026,2684.914,21544,No Trade
2024-12-11 05:00:00,2684.859,2693.758,2675.646,2688.689,24876,No Trade
2024-12-11 06:00:00,2688.615,2698.322,2686.699,2696.522,21593,No Trade
2024-12-11 07:00:00,2696.557,2696.594,2688.155,2690.724,15479,Sell
2024-12-11 08:00:00,2690.515,2696.105,2690.023,2691.262,7499,Sell
2024-12-11 09:00:00,2691.214,2696.203,2686.333,2695.792,3524,Buy
2024-12-11 10:00:00,2695.942,2699.844,2692.431,2694.59,3480,Sell
2024-12-11 11:00:00,2694.768,2697.702,2692.87,2696.522,3244,No Trade
2024-12-11 12:00:00,2696.644,2697.608,2693.822,2695.77,3245,No Trade
2024-12-11 13:00:00,2695.814,2702.473,2690.751,2701.075,3711,Buy
2024-12-11 14:00:00,2701.343,2706.975,2696.671,2706.661,3728,No Trade
2024-12-11 15:00:00,2706.445,2716.016,2705.36,2713.185,3883,No Trade
2024-12-11 16:00:00,2713.297,2718.595,2711.27,2715.245,3531,No Trade
2024-12-11 17:00:00,2715.209,2719.994,2714.295,2718.153,3263,No Trade
2024-12-11 18:00:00,2718.044,2721.136,2713.984,2714.492,3256,Sell
2024-12-11 19:00:00,2714.21,2719.753,2713.393,2718.027,3242,No Trade
2024-12-11 20:00:00,2718.23,2720.149,2716.237,2717.258,3020,Sell
2024-12-11 21:00:00,2717.31,2718.914,2716.138,2718.188,1755,No Trade
2024-12-11 23:00:00,2718.727,2720.513,2716.999,2720.002,1940,Buy
2024-12-12 00:00:00,2720.064,2724.421,2718.912,2724.27,2515,No Trade
2024-12-12 01:00:00,2724.174,2726.286,2700.352,2711.16,3649,Sell
2024-12-12 02:00:00,2711.086,2711.531,2703.885,2706.071,3041,No Trade
2024-12-12 03:00:00,2706.091,2711.52,2705.265,2710.569,2808,No Trade
2024-12-12 04:00:00,2710.588,2715.989,2709.769,2712.786,2681,Sell
2024-12-12 05:00:00,2712.764,2716.381,2711.657,2713.745,2766,Sell
2024-12-12 06:00:00,2713.701,2718.596,2710.156,2718.518,2910,No Trade
2024-12-12 07:00:00,2718.532,2720.476,2715.418,2716.127,3000,Sell
2024-12-12 08:00:00,2716.299,2719.508,2714.953,2718.122,3341,No Trade
2024-12-12 09:00:00,2718.222,2718.765,2714.11,2714.988,3343,Sell
2024-12-12 10:00:00,2714.852,2715.817,2709.866,2711.664,3317,Sell
2024-12-12 11:00:00,2711.411,2713.48,2707.39,2711.014,3539,No Trade
2024-12-12 12:00:00,2711.077,2712.472,2706.088,2706.796,3307,Sell
2024-12-12 13:00:00,2706.99,2711.594,2697.397,2697.43,4195,Sell
2024-12-12 14:00:00,2697.594,2699.645,2681.0,2686.725,4815,Sell
2024-12-12 15:00:00,2686.563,2688.333,2675.157,2679.865,4587,Sell
2024-12-12 16:00:00,2679.677,2683.838,2677.328,2683.6,3566,No Trade
2024-12-12 17:00:00,2683.612,2686.693,2681.5,2686.365,3387,No Trade
2024-12-12 18:00:00,2686.376,2687.12,2682.857,2684.369,3205,Sell
2024-12-12 19:00:00,2684.348,2686.841,2682.621,2683.213,2958,Sell
2024-12-12 20:00:00,2683.267,2683.656,2679.535,2679.928,2983,Sell
2024-12-12 21:00:00,2679.924,2683.022,2679.812,2680.779,2187,No Trade
2024-12-12 23:00:00,2680.93,2681.679,2679.917,2680.703,1664,No Trade
2024-12-13 00:00:00,2680.697,2685.66,2678.951,2685.568,2514,No Trade
2024-12-13 01:00:00,2685.314,2692.858,2685.314,2690.03,3507,No Trade
2024-12-13 02:00:00,2690.019,2691.309,2684.491,2686.708,3450,Sell
2024-12-13 03:00:00,2686.656,2691.393,2686.152,2688.201,2992,No Trade
2024-12-13 04:00:00,2688.047,2688.731,2685.597,2687.454,2660,Sell
2024-12-13 05:00:00,2687.447,2689.494,2685.163,2688.429,2950,Buy
2024-12-13 06:00:00,2688.593,2690.607,2683.404,2689.665,3145,Buy
2024-12-13 07:00:00,2689.742,2690.238,2681.191,2683.282,3174,Sell
2024-12-13 08:00:00,2683.074,2684.862,2674.533,2675.105,3360,Sell
2024-12-13 09:00:00,2674.926,2677.099,2667.597,2668.976,3592,Sell
2024-12-13 10:00:00,2669.154,2670.149,2665.227,2666.771,3184,Sell
2024-12-13 11:00:00,2666.851,2669.577,2664.47,2665.073,3136,Sell
2024-12-13 12:00:00,2664.88,2672.775,2662.897,2672.496,3380,No Trade
2024-12-13 13:00:00,2672.514,2672.962,2659.711,2662.276,3954,No Trade
2024-12-13 14:00:00,2662.036,2664.14,2657.423,2660.213,3912,Sell
2024-12-13 15:00:00,2660.202,2662.68,2654.643,2659.968,3766,No Trade
2024-12-13 16:00:00,2659.906,2664.646,2658.811,2662.126,3367,No Trade
2024-12-13 17:00:00,2662.365,2662.377,2655.7,2656.448,3055,No Trade
2024-12-13 18:00:00,2656.431,2657.185,2652.214,2654.262,3125,Sell
2024-12-13 19:00:00,2654.43,2655.387,2652.37,2653.121,2789,Sell
2024-12-13 20:00:00,2653.053,2653.61,2646.511,2647.905,2981,No Trade
2024-12-13 21:00:00,2647.716,2649.969,2646.126,2648.472,2323,No Trade
2024-12-15 23:00:00,2649.494,2653.207,2648.873,2651.559,1932,No Trade
2024-12-16 00:00:00,2651.564,2651.837,2643.603,2647.152,2516,Sell
2024-12-16 01:00:00,2647.166,2655.691,2646.883,2653.504,3356,No Trade
2024-12-16 02:00:00,2653.507,2654.796,2650.538,2651.948,2938,Sell
2024-12-16 03:00:00,2651.912,2655.664,2651.768,2653.951,2730,No Trade
2024-12-16 04:00:00,2653.954,2654.604,2652.046,2652.882,2306,Sell
2024-12-16 05:00:00,2652.84,2653.535,2649.625,2652.872,2836,Buy
2024-12-16 06:00:00,2652.874,2654.919,2652.171,2653.794,2678,No Trade
2024-12-16 07:00:00,2653.804,2655.948,2651.773,2653.767,2793,No Trade
2024-12-16 08:00:00,2653.616,2662.123,2652.39,2658.092,5400,No Trade
2024-12-16 09:00:00,2658.049,2660.181,2655.867,2658.267,6360,No Trade
2024-12-16 10:00:00,2658.273,2661.212,2657.997,2658.958,6120,Sell
2024-12-16 11:00:00,2658.982,2664.248,2657.795,2663.622,6378,No Trade
2024-12-16 12:00:00,2663.659,2664.527,2657.478,2660.035,6836,Sell
2024-12-16 13:00:00,2660.048,2664.331,2658.92,2662.05,11378,No Trade
2024-12-16 14:00:00,2662.085,2663.115,2654.178,2654.921,11373,Sell
2024-12-16 15:00:00,2654.959,2657.017,2650.913,2654.552,10676,No Trade
2024-12-16 16:00:00,2654.518,2655.859,2648.587,2652.275,7584,Sell
2024-12-16 17:00:00,2652.239,2655.5,2651.767,2652.233,5658,No Trade
2024-12-16 18:00:00,2652.192,2655.723,2651.417,2655.417,5187,No Trade
2024-12-16 19:00:00,2655.447,2655.864,2652.116,2653.379,4332,Sell
2024-12-16 20:00:00,2653.338,2653.714,2652.011,2652.822,4199,No Trade
2024-12-16 21:00:00,2652.861,2653.184,2651.54,2652.93,2379,Buy
2024-12-16 23:00:00,2652.565,2653.093,2651.688,2651.824,2324,Sell
2024-12-17 00:00:00,2651.842,2655.576,2651.201,2655.32,3660,No Trade
2024-12-17 01:00:00,2655.287,2658.705,2654.393,2658.095,7084,No Trade
2024-12-17 02:00:00,2658.059,2658.719,2654.02,2655.053,5747,Sell
2024-12-17 03:00:00,2655.056,2656.294,2651.369,2653.696,5098,No Trade
2024-12-17 04:00:00,2653.658,2655.379,2650.938,2651.794,3562,Sell
2024-12-17 05:00:00,2651.766,2654.903,2649.08,2653.871,6281,Buy
2024-12-17 06:00:00,2653.904,2654.726,2646.497,2648.904,7274,Sell
2024-12-17 07:00:00,2648.916,2657.173,2648.202,2653.833,6018,No Trade
2024-12-17 08:00:00,2653.807,2653.856,2641.578,2644.315,9333,Sell
2024-12-17 09:00:00,2644.313,2646.201,2638.094,2639.861,11366,Sell
2024-12-17 10:00:00,2639.825,2643.359,2638.167,2638.195,7600,Sell
2024-12-17 11:00:00,2638.234,2642.599,2636.287,2642.267,6672,No Trade
2024-12-17 12:00:00,2642.288,2645.618,2640.763,2642.821,6909,No Trade
2024-12-17 13:00:00,2642.792,2647.048,2634.829,2637.205,15110,Sell
2024-12-17 14:00:00,2637.219,2642.156,2633.046,2636.816,15545,No Trade
2024-12-17 15:00:00,2636.837,2643.058,2636.016,2640.246,10690,No Trade
2024-12-17 16:00:00,2640.321,2641.625,2636.709,2638.964,8465,No Trade
2024-12-17 17:00:00,2638.928,2647.143,2637.923,2646.081,6403,No Trade
2024-12-17 18:00:00,2646.121,2649.159,2645.071,2647.429,5449,No Trade
2024-12-17 19:00:00,2647.405,2648.336,2645.203,2645.465,4050,Sell
2024-12-17 20:00:00,2645.507,2647.011,2643.163,2643.685,4407,Sell
2024-12-17 21:00:00,2643.725,2646.444,2643.603,2646.048,2494,No Trade
2024-12-17 23:00:00,2646.045,2647.761,2644.884,2647.458,2155,Buy
2024-12-18 00:00:00,2647.445,2650.445,2646.638,2650.082,3809,No Trade
2024-12-18 01:00:00,2650.16,2651.826,2648.081,2651.088,6920,No Trade
2024-12-18 02:00:00,2651.103,2651.135,2647.041,2647.504,5322,Sell
2024-12-18 03:00:00,2647.47,2648.99,2645.309,2645.749,4877,Sell
2024-12-18 04:00:00,2645.712,2646.044,2642.772,2645.184,4203,No Trade
2024-12-18 05:00:00,2645.185,2649.631,2643.964,2647.488,4992,No Trade
2024-12-18 06:00:00,2647.505,2648.025,2644.6,2646.753,5621,No Trade
2024-12-18 07:00:00,2646.749,2647.455,2643.41,2644.69,5078,Sell
2024-12-18 08:00:00,2644.665,2649.814,2642.154,2648.057,6761,No Trade
2024-12-18 09:00:00,2648.02,2649.41,2645.602,2646.937,5877,No Trade
2024-12-18 10:00:00,2646.931,2649.497,2646.241,2648.543,4461,No Trade
2024-12-18 11:00:00,2648.545,2649.541,2645.864,2646.176,4353,Sell
2024-12-18 12:00:00,2646.192,2647.798,2643.498,2644.141,4605,Sell
2024-12-18 13:00:00,2644.079,2647.604,2641.082,2644.057,9105,No Trade
2024-12-18 14:00:00,2644.02,2645.071,2636.973,2638.089,11161,Sell
2024-12-18 15:00:00,2638.048,2638.389,2633.774,2638.225,8718,Buy
2024-12-18 16:00:00,2638.189,2639.582,2633.114,2634.792,6903,Sell
2024-12-18 17:00:00,2634.817,2640.071,2634.616,2636.118,5767,Sell
2024-12-18 18:00:00,2636.139,2639.012,2635.363,2637.22,5111,No Trade
2024-12-18 19:00:00,2637.074,2637.074,2604.1,2604.623,30391,Sell
2024-12-18 20:00:00,2604.661,2609.393,2587.246,2592.499,25154,Sell
2024-12-18 21:00:00,2592.548,2595.472,2583.8,2586.035,9203,Sell
2024-12-18 23:00:00,2584.031,2592.39,2583.492,2588.305,6286,No Trade
2024-12-19 00:00:00,2588.336,2597.281,2588.037,2595.44,6932,No Trade
2024-12-19 01:00:00,2595.397,2618.24,2593.418,2612.046,17136,No Trade
2024-12-19 02:00:00,2612.045,2614.051,2606.365,2612.232,10699,Buy
2024-12-19 03:00:00,2612.291,2613.531,2607.699,2610.535,6967,No Trade
2024-12-19 04:00:00,2610.559,2611.667,2606.964,2609.243,5244,No Trade
2024-12-19 05:00:00,2609.21,2610.711,2606.633,2607.285,5440,Sell
2024-12-19 06:00:00,2607.245,2614.344,2603.376,2612.979,7605,No Trade
2024-12-19 07:00:00,2613.028,2622.78,2611.88,2616.58,10500,Sell
2024-12-19 08:00:00,2616.623,2619.32,2613.293,2618.538,8393,Buy
2024-12-19 09:00:00,2618.53,2623.0,2618.5,2620.449,8445,Sell
2024-12-19 10:00:00,2620.459,2626.51,2617.438,2619.542,8027,Sell
2024-12-19 11:00:00,2619.545,2622.072,2616.163,2616.89,6696,Sell
2024-12-19 12:00:00,2616.851,2616.871,2604.43,2606.314,9850,No Trade
2024-12-19 13:00:00,2606.269,2606.329,2595.334,2596.336,17481,No Trade
2024-12-19 14:00:00,2596.304,2600.887,2591.944,2592.697,18097,Sell
2024-12-19 15:00:00,2592.543,2596.02,2587.031,2588.526,14763,Sell
2024-12-19 16:00:00,2588.502,2596.711,2587.214,2591.733,11301,No Trade
2024-12-19 17:00:00,2591.779,2594.302,2590.738,2592.645,7924,No Trade
2024-12-19 18:00:00,2592.69,2599.983,2591.942,2599.77,8432,No Trade
2024-12-19 19:00:00,2599.716,2601.063,2596.725,2596.871,6563,Sell
2024-12-19 20:00:00,2596.912,2600.423,2596.489,2596.974,6545,Sell
2024-12-19 21:00:00,2596.937,2597.135,2593.211,2594.073,3092,No Trade
2024-12-19 23:00:00,2594.807,2595.992,2592.387,2593.599,2633,Sell
2024-12-20 00:00:00,2593.576,2595.41,2590.606,2590.949,3929,Sell
2024-12-20 01:00:00,2590.975,2603.965,2589.673,2603.865,10870,No Trade
2024-12-20 02:00:00,2603.875,2604.073,2595.542,2597.151,9099,Sell
2024-12-20 03:00:00,2597.142,2599.167,2595.782,2598.551,5115,Sell
2024-12-20 04:00:00,2598.547,2601.121,2597.439,2598.043,4160,Sell
2024-12-20 05:00:00,2598.042,2601.384,2596.502,2600.355,4927,No Trade
2024-12-20 06:00:00,2600.328,2605.489,2598.963,2604.837,6398,No Trade
2024-12-20 07:00:00,2604.8,2607.596,2602.414,2606.333,6216,No Trade
2024-12-20 08:00:00,2606.377,2607.823,2604.423,2605.611,7765,Sell
2024-12-20 09:00:00,2605.573,2606.797,2603.21,2605.148,6854,No Trade
2024-12-20 10:00:00,2605.191,2607.023,2604.054,2604.299,5589,Sell
2024-12-20 11:00:00,2604.282,2604.91,2600.121,2603.774,5870,Buy
2024-12-20 12:00:00,2603.748,2606.275,2602.194,2603.567,6155,No Trade
2024-12-20 13:00:00,2603.59,2614.259,2600.42,2609.646,12902,No Trade
2024-12-20 14:00:00,2609.607,2618.424,2608.499,2617.306,16654,No Trade
2024-12-20 15:00:00,2617.267,2631.281,2616.495,2630.394,16836,No Trade
2024-12-20 16:00:00,2630.431,2631.955,2622.395,2625.299,12856,Sell
2024-12-20 17:00:00,2625.326,2627.633,2622.222,2625.627,8909,No Trade
2024-12-20 18:00:00,2625.603,2627.465,2623.448,2626.185,9667,No Trade
2024-12-20 19:00:00,2626.152,2629.397,2624.986,2627.961,6952,No Trade
2024-12-20 20:00:00,2627.925,2628.198,2622.296,2622.866,8735,Sell
2024-12-20 21:00:00,2622.83,2624.114,2619.282,2622.723,2197,Buy
2024-12-22 23:00:00,2623.409,2624.987,2621.811,2624.373,1858,Buy
2024-12-23 00:00:00,2624.479,2625.279,2617.579,2621.72,2511,No Trade
2024-12-23 01:00:00,2621.682,2624.269,2618.494,2620.88,3106,No Trade
2024-12-23 02:00:00,2620.873,2627.523,2620.598,2626.002,2885,No Trade
2024-12-23 03:00:00,2626.27,2627.002,2622.39,2624.175,2665,Sell
2024-12-23 04:00:00,2624.198,2626.456,2623.942,2625.59,2262,No Trade
2024-12-23 05:00:00,2625.851,2629.377,2625.051,2626.771,2617,No Trade
2024-12-23 06:00:00,2626.716,2633.056,2624.617,2631.644,2846,No Trade
2024-12-23 07:00:00,2631.668,2633.339,2629.486,2630.31,2736,Sell
2024-12-23 08:00:00,2630.264,2632.209,2626.118,2629.937,6783,No Trade
2024-12-23 09:00:00,2629.898,2630.813,2626.071,2626.516,5674,No Trade
2024-12-23 10:00:00,2626.479,2626.988,2619.032,2619.571,6797,No Trade
2024-12-23 11:00:00,2619.533,2620.233,2613.039,2616.34,6982,No Trade
2024-12-23 12:00:00,2616.372,2618.768,2614.145,2615.145,6639,No Trade
2024-12-23 13:00:00,2615.116,2619.945,2614.025,2617.386,8707,No Trade
2024-12-23 14:00:00,2617.413,2619.978,2613.71,2615.799,9229,Sell
2024-12-23 15:00:00,2615.797,2616.696,2609.294,2609.842,12193,Sell
2024-12-23 16:00:00,2609.878,2616.177,2608.197,2616.022,11043,No Trade
2024-12-23 17:00:00,2616.058,2616.689,2610.726,2611.303,7799,Sell
2024-12-23 18:00:00,2611.274,2612.872,2609.995,2610.497,6259,Sell
2024-12-23 19:00:00,2610.537,2612.63,2609.66,2611.164,4757,No Trade
2024-12-23 20:00:00,2611.209,2612.676,2609.227,2610.91,4387,No Trade
2024-12-23 21:00:00,2610.948,2613.889,2610.265,2613.5,2029,No Trade
2024-12-23 23:00:00,2613.887,2617.12,2613.188,2615.572,2966,No Trade
2024-12-24 00:00:00,2615.626,2617.485,2613.581,2616.796,3113,Buy
2024-12-24 01:00:00,2616.838,2618.08,2614.609,2617.685,6253,Buy
2024-12-24 02:00:00,2617.638,2619.983,2616.753,2616.995,4875,Sell
2024-12-24 03:00:00,2616.959,2618.777,2615.737,2618.777,4179,No Trade
2024-12-24 04:00:00,2618.809,2620.587,2618.338,2620.265,3585,No Trade
2024-12-24 05:00:00,2620.3,2621.488,2618.427,2619.354,4456,Sell
2024-12-24 06:00:00,2619.313,2619.892,2616.502,2619.062,5039,Buy
2024-12-24 07:00:00,2619.055,2621.552,2618.029,2618.536,4613,Sell
2024-12-24 08:00:00,2618.599,2619.886,2616.898,2617.475,4589,Sell
2024-12-24 09:00:00,2617.444,2618.417,2613.463,2613.631,4709,Sell
2024-12-24 10:00:00,2613.631,2617.981,2613.168,2615.653,4714,No Trade
2024-12-24 11:00:00,2615.616,2616.343,2612.486,2615.232,4349,No Trade
2024-12-24 12:00:00,2615.279,2616.487,2612.606,2613.866,5294,Sell
2024-12-24 13:00:00,2613.827,2614.8,2611.35,2614.307,7268,Buy
2024-12-24 14:00:00,2614.349,2617.346,2610.147,2611.013,8057,Sell
2024-12-24 15:00:00,2611.003,2613.558,2610.099,2611.746,7817,No Trade
2024-12-24 16:00:00,2611.791,2617.891,2611.572,2616.035,6417,No Trade
2024-12-24 17:00:00,2615.986,2619.415,2615.283,2617.152,9338,No Trade
2024-12-24 18:00:00,2617.214,2617.964,2614.934,2616.793,2173,No Trade
2024-12-25 23:00:00,2615.701,2620.195,2615.451,2618.736,2408,No Trade
2024-12-26 00:00:00,2618.727,2622.877,2618.691,2621.618,3289,No Trade
2024-12-26 01:00:00,2621.655,2627.867,2620.884,2626.743,6516,No Trade
2024-12-26 02:00:00,2626.712,2627.923,2625.856,2627.618,4136,Buy
2024-12-26 03:00:00,2627.648,2629.161,2625.798,2626.973,4417,Sell
2024-12-26 04:00:00,2626.973,2629.332,2626.378,2627.458,3116,Sell
2024-12-26 05:00:00,2627.463,2628.417,2626.043,2626.503,4114,Sell
2024-12-26 06:00:00,2626.404,2627.429,2624.703,2626.235,3905,No Trade
2024-12-26 07:00:00,2626.247,2629.793,2623.677,2625.493,4617,Sell
2024-12-26 08:00:00,2625.478,2629.122,2625.191,2627.554,4730,No Trade
2024-12-26 09:00:00,2627.548,2628.374,2625.912,2627.448,3503,No Trade
2024-12-26 10:00:00,2627.491,2629.475,2626.822,2628.796,3740,No Trade
2024-12-26 11:00:00,2628.798,2630.099,2627.862,2627.962,4260,Sell
2024-12-26 12:00:00,2627.935,2628.538,2624.72,2626.766,4912,No Trade
2024-12-26 13:00:00,2626.726,2631.243,2621.798,2623.184,9542,Sell
2024-12-26 14:00:00,2623.203,2630.229,2622.554,2630.059,8152,Buy
2024-12-26 15:00:00,2630.044,2639.257,2629.128,2636.559,8485,No Trade
2024-12-26 16:00:00,2636.607,2636.918,2631.554,2632.198,7054,Sell
2024-12-26 17:00:00,2632.237,2632.343,2627.965,2629.435,6160,Sell
2024-12-26 18:00:00,2629.394,2636.06,2629.263,2634.841,6623,No Trade
2024-12-26 19:00:00,2634.815,2635.892,2632.772,2635.03,4582,Buy
2024-12-26 20:00:00,2634.953,2636.242,2633.824,2634.485,5828,Sell
2024-12-26 21:00:00,2634.512,2634.669,2633.197,2633.566,2582,Sell
2024-12-26 23:00:00,2628.54,2634.57,2624.8,2632.764,3810,No Trade
2024-12-27 00:00:00,2632.769,2634.113,2631.383,2631.467,3054,Sell
2024-12-27 01:00:00,2631.431,2633.946,2630.704,2632.234,6016,No Trade
2024-12-27 02:00:00,2632.208,2633.818,2628.966,2633.011,5358,Buy
2024-12-27 03:00:00,2632.991,2635.592,2631.727,2633.785,5452,No Trade
2024-12-27 04:00:00,2633.824,2634.08,2632.055,2633.575,3396,Buy
2024-12-27 05:00:00,2633.593,2634.316,2631.418,2631.422,3925,No Trade
2024-12-27 06:00:00,2631.391,2637.109,2631.336,2634.774,5513,No Trade
2024-12-27 07:00:00,2634.822,2638.394,2633.207,2633.718,5986,Sell
2024-12-27 08:00:00,2633.679,2633.679,2626.152,2626.275,6499,No Trade
2024-12-27 09:00:00,2626.278,2627.787,2623.715,2624.124,4830,Sell
2024-12-27 10:00:00,2624.091,2628.143,2623.532,2626.756,5006,No Trade
2024-12-27 11:00:00,2626.791,2628.936,2625.212,2628.722,4776,No Trade
2024-12-27 12:00:00,2628.718,2631.655,2625.738,2626.308,5684,Sell
2024-12-27 13:00:00,2626.374,2627.357,2618.132,2618.858,11354,No Trade
2024-12-27 14:00:00,2618.908,2619.494,2611.659,2615.841,13018,No Trade
2024-12-27 15:00:00,2615.798,2619.551,2612.977,2618.214,10759,No Trade
2024-12-27 16:00:00,2618.254,2619.878,2615.373,2617.978,7443,No Trade
2024-12-27 17:00:00,2618.012,2618.383,2614.163,2615.919,7475,Sell
2024-12-27 18:00:00,2615.957,2620.228,2615.367,2618.769,5625,No Trade
2024-12-27 19:00:00,2618.747,2621.474,2617.497,2620.765,4593,No Trade
2024-12-27 20:00:00,2620.799,2620.928,2612.806,2615.579,6220,Sell
2024-12-27 21:00:00,2615.538,2622.06,2615.4,2621.703,3579,Buy
2024-12-29 23:00:00,2622.057,2626.239,2621.712,2624.115,4005,No Trade
2024-12-30 00:00:00,2624.16,2625.569,2621.533,2622.635,3314,Sell
2024-12-30 01:00:00,2622.672,2626.913,2622.193,2624.426,7613,Sell
2024-12-30 02:00:00,2624.439,2625.578,2622.44,2624.045,5090,No Trade
2024-12-30 03:00:00,2624.01,2628.191,2623.219,2626.659,4507,No Trade
2024-12-30 04:00:00,2626.647,2626.647,2621.568,2622.323,3625,No Trade
2024-12-30 05:00:00,2622.285,2624.285,2620.559,2623.828,4801,No Trade
2024-12-30 06:00:00,2623.788,2624.754,2618.399,2619.211,5518,Sell
2024-12-30 07:00:00,2619.178,2620.108,2615.893,2616.864,5189,Sell
2024-12-30 08:00:00,2616.838,2617.536,2609.314,2611.955,6626,Sell
2024-12-30 09:00:00,2612.015,2617.6,2611.484,2612.9,5931,Sell
2024-12-30 10:00:00,2612.903,2615.323,2610.595,2610.644,5283,Sell
2024-12-30 11:00:00,2610.609,2618.79,2609.172,2616.412,5634,No Trade
2024-12-30 12:00:00,2616.412,2622.527,2615.743,2621.636,4865,No Trade
2024-12-30 13:00:00,2621.609,2622.715,2606.496,2606.796,10997,No Trade
2024-12-30 14:00:00,2606.759,2613.885,2605.429,2611.597,11393,No Trade
2024-12-30 15:00:00,2611.63,2611.796,2599.677,2601.679,13840,No Trade
2024-12-30 16:00:00,2601.693,2602.878,2596.15,2599.809,9274,No Trade
2024-12-30 17:00:00,2599.859,2605.638,2599.859,2605.221,7333,Buy
2024-12-30 18:00:00,2605.261,2606.809,2603.48,2606.205,5973,Buy
2024-12-30 19:00:00,2606.2,2608.47,2603.718,2607.202,5056,No Trade
2024-12-30 20:00:00,2607.249,2609.613,2606.541,2607.869,5092,No Trade
2024-12-30 21:00:00,2607.896,2608.114,2605.908,2606.383,2133,Sell
2024-12-30 23:00:00,2606.716,2607.404,2603.94,2606.757,2238,Buy
2024-12-31 00:00:00,2606.797,2608.752,2605.099,2607.804,2387,No Trade
2024-12-31 01:00:00,2607.781,2611.686,2606.737,2609.037,5751,No Trade
2024-12-31 02:00:00,2609.032,2609.711,2606.932,2607.195,4119,Sell
2024-12-31 03:00:00,2607.132,2607.652,2603.587,2604.693,4280,Sell
2024-12-31 04:00:00,2604.692,2607.22,2604.374,2606.639,3224,No Trade
2024-12-31 05:00:00,2606.595,2608.23,2602.671,2604.435,3879,Sell
2024-12-31 06:00:00,2604.447,2608.731,2603.648,2607.946,5735,No Trade
2024-12-31 07:00:00,2607.961,2614.223,2607.405,2613.774,4874,No Trade
2024-12-31 08:00:00,2613.815,2617.876,2612.909,2616.644,5726,No Trade
2024-12-31 09:00:00,2616.644,2616.963,2613.159,2615.298,4803,No Trade
2024-12-31 10:00:00,2615.338,2615.895,2610.973,2611.866,5327,Sell
2024-12-31 11:00:00,2611.878,2614.333,2609.794,2611.131,4833,No Trade
2024-12-31 12:00:00,2611.096,2612.898,2609.403,2611.25,5395,Sell
2024-12-31 13:00:00,2611.293,2616.31,2605.383,2613.312,8869,No Trade
2024-12-31 14:00:00,2613.37,2617.923,2611.357,2613.714,9649,No Trade
2024-12-31 15:00:00,2613.678,2626.718,2612.516,2625.736,11218,No Trade
2024-12-31 16:00:00,2625.712,2627.241,2622.245,2625.475,8817,No Trade
2024-12-31 17:00:00,2625.51,2627.621,2623.24,2624.389,6459,No Trade
2024-12-31 18:00:00,2624.347,2627.313,2622.775,2624.852,6321,No Trade
2024-12-31 19:00:00,2624.959,2627.35,2622.932,2623.952,4485,Sell
2024-12-31 20:00:00,2623.92,2625.082,2622.27,2623.296,4220,Sell
2024-12-31 21:00:00,2623.261,2625.005,2622.978,2624.461,1908,No Trade
2025-01-01 23:00:00,2625.259,2625.919,2621.748,2623.846,3104,No Trade
2025-01-02 00:00:00,2623.878,2628.017,2622.834,2625.453,3976,No Trade
2025-01-02 01:00:00,2625.494,2634.466,2623.893,2633.015,11189,No Trade
2025-01-02 02:00:00,2633.026,2636.62,2632.387,2634.781,6415,No Trade
2025-01-02 03:00:00,2634.746,2635.441,2632.284,2633.724,4286,Sell
2025-01-02 04:00:00,2633.713,2634.293,2631.13,2634.005,3617,Buy
2025-01-02 05:00:00,2634.004,2636.572,2633.174,2634.116,4442,No Trade
2025-01-02 06:00:00,2634.017,2635.537,2631.306,2634.159,4885,No Trade
2025-01-02 07:00:00,2634.206,2636.074,2633.072,2635.995,4630,No Trade
2025-01-02 08:00:00,2636.033,2637.922,2631.174,2636.512,6515,Buy
2025-01-02 09:00:00,2636.497,2640.058,2635.981,2636.219,6367,Sell
2025-01-02 10:00:00,2636.208,2646.459,2632.824,2642.771,8977,No Trade
2025-01-02 11:00:00,2642.781,2644.772,2640.335,2642.056,5725,No Trade
2025-01-02 12:00:00,2642.057,2646.562,2640.385,2643.526,6298,No Trade
2025-01-02 13:00:00,2643.416,2647.413,2636.126,2643.086,13487,No Trade
2025-01-02 14:00:00,2643.044,2651.146,2640.441,2647.598,14506,No Trade
2025-01-02 15:00:00,2647.562,2655.956,2645.267,2654.19,12431,No Trade
2025-01-02 16:00:00,2654.142,2660.521,2650.115,2659.364,10720,Buy
2025-01-02 17:00:00,2659.406,2660.537,2652.595,2656.551,8042,No Trade
2025-01-02 18:00:00,2656.557,2658.854,2653.849,2655.563,7661,Sell
2025-01-02 19:00:00,2655.604,2657.241,2653.885,2654.82,5893,Sell
2025-01-02 20:00:00,2654.855,2660.543,2654.231,2659.744,5869,No Trade
2025-01-02 21:00:00,2659.701,2660.293,2656.63,2657.522,2767,Sell
2025-01-02 23:00:00,2657.476,2659.623,2657.402,2658.407,2579,Sell
2025-01-03 00:00:00,2658.408,2661.239,2658.408,2660.797,3378,No Trade
2025-01-03 01:00:00,2660.825,2662.663,2656.772,2659.494,5827,No Trade
2025-01-03 02:00:00,2659.505,2664.129,2656.189,2662.493,7741,No Trade
2025-01-03 03:00:00,2662.523,2665.333,2661.318,2662.368,5399,Sell
2025-01-03 04:00:00,2662.335,2664.489,2661.76,2662.921,3080,No Trade
2025-01-03 05:00:00,2662.946,2662.998,2655.989,2658.63,4768,No Trade
2025-01-03 06:00:00,2658.618,2660.327,2656.776,2659.69,5039,Buy
2025-01-03 07:00:00,2659.616,2659.63,2652.004,2654.275,6396,No Trade
2025-01-03 08:00:00,2654.244,2655.853,2649.97,2653.065,6992,No Trade
2025-01-03 09:00:00,2653.055,2656.086,2652.901,2653.659,5457,Sell
2025-01-03 10:00:00,2653.671,2658.056,2653.087,2657.697,4889,No Trade
2025-01-03 11:00:00,2657.66,2659.338,2656.412,2658.441,3510,No Trade
2025-01-03 12:00:00,2657.083,2657.541,2655.296,2655.371,958,Sell
2025-01-03 13:00:00,2655.337,2656.505,2643.477,2649.884,11126,Sell
2025-01-03 14:00:00,2649.914,2652.752,2645.158,2647.907,12014,Sell
2025-01-03 15:00:00,2647.81,2648.396,2641.007,2643.922,13755,Sell
2025-01-03 16:00:00,2643.892,2647.344,2639.034,2640.048,8451,Sell
2025-01-03 17:00:00,2640.041,2642.697,2639.123,2641.843,6551,No Trade
2025-01-03 18:00:00,2641.806,2642.441,2639.843,2641.907,5919,Buy
2025-01-03 19:00:00,2641.911,2643.076,2639.212,2639.51,4293,Sell
2025-01-03 20:00:00,2639.478,2640.174,2636.961,2638.243,4555,Sell
2025-01-03 21:00:00,2638.276,2640.82,2636.703,2640.45,3381,No Trade
2025-01-05 23:00:00,2639.724,2642.478,2639.724,2641.143,3236,No Trade
2025-01-06 00:00:00,2641.178,2643.423,2638.676,2643.271,4318,Buy
2025-01-06 01:00:00,2643.303,2647.506,2640.828,2641.402,8211,Sell
2025-01-06 02:00:00,2641.413,2645.375,2639.806,2644.603,5964,No Trade
2025-01-06 03:00:00,2644.567,2645.425,2639.217,2640.27,5106,Sell
2025-01-06 04:00:00,2640.283,2640.904,2634.277,2635.614,5502,Sell
2025-01-06 05:00:00,2635.611,2636.297,2631.53,2633.972,6875,Sell
2025-01-06 06:00:00,2633.959,2635.426,2630.253,2631.615,6020,Sell
2025-01-06 07:00:00,2631.54,2633.714,2625.138,2627.002,6684,Sell
2025-01-06 08:00:00,2626.932,2632.627,2625.844,2631.586,6360,No Trade
2025-01-06 09:00:00,2631.507,2635.803,2631.244,2632.779,6140,Sell
2025-01-06 10:00:00,2632.793,2635.132,2631.01,2633.905,4912,No Trade
2025-01-06 11:00:00,2633.932,2649.595,2632.59,2645.668,14629,No Trade
2025-01-06 12:00:00,2645.633,2647.941,2642.053,2645.506,8960,No Trade
2025-01-06 13:00:00,2645.446,2648.928,2621.765,2624.321,22126,Sell
2025-01-06 14:00:00,2624.301,2635.11,2614.499,2631.668,27987,No Trade
2025-01-06 15:00:00,2631.657,2639.667,2629.472,2634.472,17112,No Trade
2025-01-06 16:00:00,2634.505,2641.458,2632.586,2640.809,9587,No Trade
2025-01-06 17:00:00,2640.807,2641.128,2634.23,2636.716,6515,Sell
2025-01-06 18:00:00,2636.767,2638.656,2633.804,2634.699,6915,Sell
2025-01-06 19:00:00,2634.663,2635.597,2632.939,2634.456,5690,No Trade
2025-01-06 20:00:00,2634.49,2635.588,2633.212,2634.74,4757,No Trade
2025-01-06 21:00:00,2634.694,2637.211,2634.694,2635.827,2281,Sell
2025-01-06 23:00:00,2635.999,2636.35,2633.575,2634.756,2142,Sell
2025-01-07 00:00:00,2634.705,2635.265,2632.998,2635.155,3072,Buy
2025-01-07 01:00:00,2635.114,2641.226,2634.859,2639.097,7651,No Trade
2025-01-07 02:00:00,2639.102,2640.138,2637.0,2638.666,4985,No Trade
2025-01-07 03:00:00,2638.748,2640.282,2637.587,2639.643,3600,No Trade
2025-01-07 04:00:00,2639.64,2639.818,2637.347,2638.346,3346,Sell
2025-01-07 05:00:00,2638.36,2645.788,2637.1,2644.519,5770,No Trade
2025-01-07 06:00:00,2644.481,2646.837,2639.953,2640.326,5810,Sell
2025-01-07 07:00:00,2640.322,2642.284,2638.091,2640.567,5176,No Trade
2025-01-07 08:00:00,2640.524,2644.918,2640.124,2642.732,5790,Sell
2025-01-07 09:00:00,2642.677,2644.26,2640.196,2641.405,5095,Sell
2025-01-07 10:00:00,2641.453,2644.844,2641.409,2643.918,4756,No Trade
2025-01-07 11:00:00,2643.953,2648.769,2642.072,2648.469,5243,No Trade
2025-01-07 12:00:00,2648.428,2652.832,2647.438,2651.724,7207,No Trade
2025-01-07 13:00:00,2651.683,2664.344,2649.963,2662.594,15907,No Trade
2025-01-07 14:00:00,2662.628,2663.084,2655.882,2658.566,12776,Sell
2025-01-07 15:00:00,2658.611,2658.611,2642.012,2647.78,22216,Sell
2025-01-07 16:00:00,2647.693,2655.669,2646.463,2651.862,13650,No Trade
2025-01-07 17:00:00,2651.905,2656.101,2650.312,2652.484,9212,No Trade
2025-01-07 18:00:00,2652.459,2652.635,2647.273,2649.11,9737,No Trade
2025-01-07 19:00:00,2649.17,2650.439,2647.008,2649.326,8708,No Trade
2025-01-07 20:00:00,2649.374,2651.567,2647.253,2650.519,6402,Buy
2025-01-07 21:00:00,2650.549,2650.621,2647.811,2648.823,2263,Sell
2025-01-07 23:00:00,2649.383,2650.273,2648.435,2649.887,2446,No Trade
2025-01-08 00:00:00,2649.897,2651.592,2648.755,2650.624,3382,No Trade
2025-01-08 01:00:00,2650.666,2650.979,2647.163,2648.861,6624,No Trade
2025-01-08 02:00:00,2648.859,2650.451,2646.005,2649.008,4839,No Trade
2025-01-08 03:00:00,2649.012,2649.012,2645.649,2646.832,4153,Sell
2025-01-08 04:00:00,2646.808,2648.732,2645.282,2647.071,3246,No Trade
2025-01-08 05:00:00,2647.078,2650.874,2646.713,2650.092,4558,No Trade
2025-01-08 06:00:00,2650.122,2653.172,2648.983,2652.168,5165,No Trade
2025-01-08 07:00:00,2652.158,2654.532,2651.67,2652.699,4575,No Trade
2025-01-08 08:00:00,2652.731,2653.876,2649.658,2652.028,5908,No Trade
2025-01-08 09:00:00,2651.99,2655.081,2651.834,2653.542,5181,No Trade
2025-01-08 10:00:00,2653.622,2655.238,2652.728,2653.249,4961,Sell
2025-01-08 11:00:00,2653.209,2653.213,2647.654,2650.998,7336,No Trade
2025-01-08 12:00:00,2650.91,2652.577,2645.927,2652.09,6919,Buy
2025-01-08 13:00:00,2652.041,2660.39,2651.639,2660.292,14012,Buy
2025-01-08 14:00:00,2660.264,2667.739,2660.082,2661.485,16251,Sell
2025-01-08 15:00:00,2661.43,2667.915,2659.478,2665.898,13075,No Trade
2025-01-08 16:00:00,2665.92,2670.133,2662.721,2669.666,8918,Buy
2025-01-08 17:00:00,2669.705,2669.978,2649.47,2655.655,13143,Sell
2025-01-08 18:00:00,2655.704,2659.238,2651.844,2651.861,8776,Sell
2025-01-08 19:00:00,2653.619,2660.67,2653.453,2658.413,7841,No Trade
2025-01-08 20:00:00,2658.446,2664.139,2658.356,2663.571,6956,Buy
2025-01-08 21:00:00,2663.531,2664.135,2661.028,2661.599,4630,Sell
2025-01-08 23:00:00,2662.493,2663.296,2662.067,2662.587,2051,No Trade
2025-01-09 00:00:00,2662.606,2662.93,2659.574,2660.04,3300,Sell
2025-01-09 01:00:00,2660.076,2661.454,2657.436,2658.721,5624,Sell
2025-01-09 02:00:00,2658.679,2660.22,2656.321,2658.854,4823,No Trade
2025-01-09 03:00:00,2658.881,2662.228,2658.568,2659.449,3912,Sell
2025-01-09 04:00:00,2659.415,2659.872,2655.517,2659.003,3657,Buy
2025-01-09 05:00:00,2659.006,2661.04,2657.635,2658.344,4868,Sell
2025-01-09 06:00:00,2658.347,2667.053,2658.347,2666.782,5040,Buy
2025-01-09 07:00:00,2666.815,2666.815,2662.408,2662.53,5154,Sell
2025-01-09 08:00:00,2662.498,2667.042,2660.548,2664.489,7523,No Trade
2025-01-09 09:00:00,2664.538,2666.642,2662.382,2665.06,6236,No Trade
2025-01-09 10:00:00,2665.075,2668.64,2664.557,2667.499,5163,No Trade
2025-01-09 11:00:00,2667.551,2673.379,2665.354,2670.346,8490,No Trade
2025-01-09 12:00:00,2670.329,2675.286,2669.498,2674.101,6732,No Trade
2025-01-09 13:00:00,2674.081,2678.413,2672.065,2672.795,10426,Sell
2025-01-09 14:00:00,2672.771,2675.877,2667.276,2672.566,9580,No Trade
2025-01-09 15:00:00,2672.565,2675.507,2668.171,2668.406,9271,Sell
2025-01-09 16:00:00,2668.4,2671.07,2666.331,2667.582,7429,Sell
2025-01-09 17:00:00,2667.545,2668.688,2662.724,2666.018,7663,No Trade
2025-01-09 18:00:00,2665.977,2672.59,2665.117,2671.401,7367,No Trade
2025-01-09 19:00:00,2671.449,2671.868,2668.657,2670.27,5413,No Trade
2025-01-09 20:00:00,2670.234,2670.977,2669.327,2669.61,3538,Sell
2025-01-09 21:00:00,2669.614,2671.412,2669.037,2670.064,1988,No Trade
2025-01-09 23:00:00,2670.776,2671.389,2668.572,2670.031,2767,No Trade
2025-01-10 00:00:00,2670.038,2671.298,2669.053,2670.578,3535,No Trade
2025-01-10 01:00:00,2670.608,2671.912,2669.305,2671.032,5667,No Trade
2025-01-10 02:00:00,2671.005,2674.807,2670.597,2673.566,5408,No Trade
2025-01-10 03:00:00,2673.597,2674.851,2672.584,2673.738,3922,No Trade
2025-01-10 04:00:00,2673.711,2674.147,2671.905,2671.93,3194,Sell
2025-01-10 05:00:00,2671.935,2675.971,2671.668,2674.995,4454,No Trade
2025-01-10 06:00:00,2674.988,2678.632,2674.313,2678.243,5352,No Trade
2025-01-10 07:00:00,2678.259,2678.831,2673.549,2676.226,6610,No Trade
2025-01-10 08:00:00,2676.261,2680.549,2675.793,2680.137,8866,No Trade
2025-01-10 09:00:00,2680.101,2682.469,2677.672,2678.565,7819,Sell
2025-01-10 10:00:00,2678.612,2682.767,2678.285,2681.016,8448,No Trade
2025-01-10 11:00:00,2681.03,2683.168,2680.322,2681.482,5974,No Trade
2025-01-10 12:00:00,2681.443,2681.481,2674.827,2678.382,8004,No Trade
2025-01-10 13:00:00,2678.401,2683.851,2664.074,2682.767,29166,Buy
2025-01-10 14:00:00,2682.706,2693.486,2680.87,2687.931,42189,No Trade
2025-01-10 15:00:00,2687.932,2698.106,2682.478,2692.731,40597,No Trade
2025-01-10 16:00:00,2692.694,2697.255,2686.807,2696.222,27593,Buy
2025-01-10 17:00:00,2696.286,2698.033,2692.493,2696.187,16858,No Trade
2025-01-10 18:00:00,2696.096,2697.318,2685.19,2687.383,14108,Sell
2025-01-10 19:00:00,2687.41,2687.885,2684.627,2685.935,9245,Sell
2025-01-10 20:00:00,2685.97,2690.966,2684.558,2690.854,8493,No Trade
2025-01-10 21:00:00,2690.815,2693.853,2689.085,2689.669,8392,Sell
2025-01-12 23:00:00,2689.849,2691.453,2687.658,2691.185,5107,Buy
2025-01-13 00:00:00,2691.208,2693.448,2688.174,2689.806,4474,Sell
2025-01-13 01:00:00,2689.81,2690.131,2679.374,2685.628,17719,No Trade
2025-01-13 02:00:00,2685.67,2690.645,2684.935,2688.733,8216,No Trade
2025-01-13 03:00:00,2688.651,2688.777,2685.442,2687.977,7064,No Trade
2025-01-13 04:00:00,2688.014,2690.934,2684.387,2685.947,7985,Sell
2025-01-13 05:00:00,2685.987,2687.059,2683.354,2687.016,9780,Buy
2025-01-13 06:00:00,2687.08,2691.403,2686.978,2690.04,7896,No Trade
2025-01-13 07:00:00,2690.015,2690.636,2684.52,2685.182,10691,No Trade
2025-01-13 08:00:00,2685.154,2689.85,2684.077,2687.236,12743,No Trade
2025-01-13 09:00:00,2687.151,2688.405,2682.956,2684.951,13465,Sell
2025-01-13 10:00:00,2684.903,2685.196,2677.34,2679.494,12413,Sell
2025-01-13 11:00:00,2679.475,2680.646,2675.529,2676.032,10027,Sell
2025-01-13 12:00:00,2675.991,2677.244,2664.454,2671.277,21006,No Trade
2025-01-13 13:00:00,2671.366,2672.361,2663.791,2669.146,27273,No Trade
2025-01-13 14:00:00,2669.233,2674.319,2664.101,2671.792,22311,No Trade
2025-01-13 15:00:00,2671.768,2672.988,2661.172,2661.947,18380,Sell
2025-01-13 16:00:00,2661.872,2668.08,2660.705,2661.402,12843,Sell
2025-01-13 17:00:00,2661.412,2664.22,2659.263,2660.902,10438,No Trade
2025-01-13 18:00:00,2660.895,2662.529,2657.605,2659.372,9251,Sell
2025-01-13 19:00:00,2659.379,2660.724,2656.848,2658.978,6892,No Trade
2025-01-13 20:00:00,2659.039,2662.903,2658.814,2662.274,5371,No Trade
2025-01-13 21:00:00,2662.321,2664.22,2660.922,2663.705,3265,No Trade
2025-01-13 23:00:00,2663.233,2669.535,2663.143,2668.138,4100,No Trade
2025-01-14 00:00:00,2668.056,2671.186,2666.477,2670.681,4988,No Trade
2025-01-14 01:00:00,2670.614,2672.318,2667.928,2670.829,10158,No Trade
2025-01-14 02:00:00,2670.863,2672.316,2668.508,2670.65,7806,No Trade
2025-01-14 03:00:00,2670.602,2672.387,2668.941,2669.86,6947,Sell
2025-01-14 04:00:00,2669.898,2674.138,2668.462,2673.608,4980,No Trade
2025-01-14 05:00:00,2673.653,2675.45,2667.455,2668.613,7596,Sell
2025-01-14 06:00:00,2668.587,2669.765,2667.45,2669.157,7416,No Trade
2025-01-14 07:00:00,2669.158,2670.949,2667.225,2669.234,7790,No Trade
2025-01-14 08:00:00,2669.276,2674.535,2667.319,2671.058,9812,No Trade
2025-01-14 09:00:00,2670.999,2671.727,2664.912,2667.402,8216,Sell
2025-01-14 10:00:00,2667.448,2668.979,2664.761,2666.757,7488,No Trade
2025-01-14 11:00:00,2666.793,2669.96,2664.533,2669.411,6930,Buy
2025-01-14 12:00:00,2669.367,2671.663,2666.526,2668.369,8277,No Trade
2025-01-14 13:00:00,2668.317,2674.502,2660.73,2663.065,22123,Sell
2025-01-14 14:00:00,2663.026,2666.133,2659.882,2665.322,18907,Buy
2025-01-14 15:00:00,2665.365,2672.92,2665.15,2671.859,14465,No Trade
2025-01-14 16:00:00,2671.906,2674.04,2669.906,2671.795,11157,No Trade
2025-01-14 17:00:00,2671.76,2672.179,2668.15,2669.086,8515,Sell
2025-01-14 18:00:00,2669.047,2672.626,2666.757,2672.396,8102,No Trade
2025-01-14 19:00:00,2672.429,2676.388,2671.923,2674.325,6621,No Trade
2025-01-14 20:00:00,2674.289,2676.604,2671.906,2676.585,7019,Buy
2025-01-14 21:00:00,2676.538,2678.357,2675.932,2677.228,3454,No Trade
2025-01-14 23:00:00,2677.477,2677.831,2674.085,2675.669,2885,Sell
2025-01-15 00:00:00,2675.66,2676.147,2672.63,2672.842,2710,Sell
2025-01-15 01:00:00,2672.852,2674.374,2669.983,2670.024,5263,Sell
2025-01-15 02:00:00,2670.047,2675.132,2669.471,2673.538,5867,No Trade
2025-01-15 03:00:00,2673.489,2676.401,2672.406,2676.171,4946,No Trade
2025-01-15 04:00:00,2676.132,2676.796,2674.263,2675.644,4201,No Trade
2025-01-15 05:00:00,2675.69,2679.471,2674.596,2679.471,5597,No Trade
2025-01-15 06:00:00,2679.421,2683.406,2679.125,2681.08,6534,Sell
2025-01-15 07:00:00,2681.119,2684.113,2680.13,2681.393,6333,No Trade
2025-01-15 08:00:00,2681.437,2685.382,2681.232,2683.989,8143,No Trade
2025-01-15 09:00:00,2684.02,2688.607,2682.999,2686.014,7820,No Trade
2025-01-15 10:00:00,2686.041,2689.144,2684.823,2688.423,8131,No Trade
2025-01-15 11:00:00,2688.546,2689.082,2685.198,2686.859,8910,Sell
2025-01-15 12:00:00,2686.828,2687.562,2684.137,2684.711,9033,Sell
2025-01-15 13:00:00,2684.712,2694.33,2682.207,2693.887,26993,No Trade
2025-01-15 14:00:00,2693.839,2696.136,2678.236,2682.058,30958,Sell
2025-01-15 15:00:00,2682.015,2683.097,2676.72,2678.555,22203,Sell
2025-01-15 16:00:00,2678.592,2690.05,2677.005,2689.385,15099,No Trade
2025-01-15 17:00:00,2689.343,2693.058,2688.571,2692.681,10502,No Trade
2025-01-15 18:00:00,2692.72,2695.091,2691.106,2694.073,9993,No Trade
2025-01-15 19:00:00,2694.136,2695.207,2692.646,2694.261,6831,No Trade
2025-01-15 20:00:00,2694.222,2696.685,2693.319,2696.372,6016,No Trade
2025-01-15 21:00:00,2696.421,2697.621,2694.136,2697.079,3544,Buy
2025-01-15 23:00:00,2695.225,2698.144,2694.621,2695.043,3571,Sell
2025-01-16 00:00:00,2695.06,2698.276,2692.937,2695.419,8187,No Trade
2025-01-16 01:00:00,2695.462,2702.28,2694.579,2696.252,12782,Sell
2025-01-16 02:00:00,2696.289,2698.207,2695.303,2697.531,8441,No Trade
2025-01-16 03:00:00,2697.535,2698.633,2695.797,2697.273,5718,No Trade
2025-01-16 04:00:00,2697.225,2698.14,2696.823,2697.544,4222,No Trade
2025-01-16 05:00:00,2697.506,2697.581,2693.853,2694.68,7319,Sell
2025-01-16 06:00:00,2694.722,2695.602,2689.987,2693.895,7158,No Trade
2025-01-16 07:00:00,2693.942,2700.044,2693.51,2698.351,8024,No Trade
2025-01-16 08:00:00,2698.393,2703.35,2697.209,2699.021,9961,Sell
2025-01-16 09:00:00,2699.025,2706.229,2697.496,2705.459,10700,No Trade
2025-01-16 10:00:00,2705.413,2708.716,2704.726,2707.877,7546,No Trade
2025-01-16 11:00:00,2707.906,2711.255,2706.249,2706.492,7846,Sell
2025-01-16 12:00:00,2706.496,2707.38,2700.124,2703.793,13848,No Trade
2025-01-16 13:00:00,2703.725,2718.372,2701.43,2715.541,22811,No Trade
2025-01-16 14:00:00,2715.494,2719.459,2712.996,2718.754,22440,Buy
2025-01-16 15:00:00,2718.733,2719.798,2712.712,2716.954,27481,No Trade
2025-01-16 16:00:00,2717.01,2722.464,2716.709,2720.419,19388,No Trade
2025-01-16 17:00:00,2720.38,2724.82,2719.542,2721.841,11978,No Trade
2025-01-16 18:00:00,2721.873,2723.383,2714.831,2715.32,9202,Sell
2025-01-16 19:00:00,2715.342,2717.252,2714.726,2715.426,7073,No Trade
2025-01-16 20:00:00,2715.448,2717.117,2714.469,2715.893,5597,No Trade
2025-01-16 21:00:00,2715.848,2715.947,2712.597,2714.635,4050,No Trade
2025-01-16 23:00:00,2714.425,2715.307,2712.481,2714.658,3292,Buy
2025-01-17 00:00:00,2714.704,2716.148,2713.796,2714.78,4333,No Trade
2025-01-17 01:00:00,2714.821,2714.935,2709.914,2714.729,9595,Buy
2025-01-17 02:00:00,2714.772,2717.153,2713.974,2715.9,6683,No Trade
2025-01-17 03:00:00,2715.921,2717.426,2714.628,2715.513,5218,Sell
2025-01-17 04:00:00,2715.556,2716.595,2714.334,2714.749,5341,Sell
2025-01-17 05:00:00,2714.778,2715.62,2711.246,2711.696,7767,Sell
2025-01-17 06:00:00,2711.714,2713.4,2710.646,2712.663,7511,No Trade
2025-01-17 07:00:00,2712.702,2714.704,2708.665,2710.601,7219,Sell
2025-01-17 08:00:00,2710.657,2713.071,2709.518,2711.811,6821,No Trade
2025-01-17 09:00:00,2711.769,2712.099,2703.989,2704.84,9496,Sell
2025-01-17 10:00:00,2704.919,2706.309,2702.911,2704.079,7748,No Trade
2025-01-17 11:00:00,2704.085,2708.918,2703.736,2708.121,7093,No Trade
2025-01-17 12:00:00,2708.082,2711.88,2707.071,2711.124,11015,No Trade
2025-01-17 13:00:00,2711.168,2712.177,2704.67,2705.184,19210,Sell
2025-01-17 14:00:00,2705.121,2712.628,2702.837,2711.765,11875,No Trade
2025-01-17 15:00:00,2711.732,2715.221,2710.236,2714.323,8728,No Trade
2025-01-17 16:00:00,2714.336,2717.341,2713.669,2716.151,6681,No Trade
2025-01-17 17:00:00,2716.144,2716.433,2710.703,2712.658,5413,Sell
2025-01-17 18:00:00,2712.684,2713.271,2705.553,2705.685,5609,Sell
2025-01-17 19:00:00,2705.699,2707.218,2702.96,2703.255,4479,Sell
2025-01-17 20:00:00,2703.269,2704.168,2699.977,2701.004,4931,Sell
2025-01-17 21:00:00,2700.981,2703.365,2699.322,2702.959,2365,Buy
2025-01-19 23:00:00,2702.709,2703.164,2691.61,2696.504,4805,Sell
2025-01-20 00:00:00,2696.504,2696.549,2692.817,2694.537,3296,Sell
2025-01-20 01:00:00,2694.521,2695.916,2689.435,2693.791,9243,No Trade
2025-01-20 02:00:00,2693.794,2698.046,2693.752,2697.525,5281,No Trade
2025-01-20 03:00:00,2697.536,2704.031,2697.531,2703.634,3729,Buy
2025-01-20 04:00:00,2703.639,2706.543,2702.359,2705.992,3658,No Trade
2025-01-20 05:00:00,2705.987,2707.518,2703.765,2707.388,5003,Buy
2025-01-20 06:00:00,2707.42,2713.846,2706.742,2711.689,5092,No Trade
2025-01-20 07:00:00,2711.687,2711.929,2702.845,2703.672,4391,Sell
2025-01-20 08:00:00,2703.651,2708.072,2703.138,2706.889,4320,No Trade
2025-01-20 09:00:00,2706.859,2708.851,2703.089,2706.168,4709,No Trade
2025-01-20 10:00:00,2706.176,2709.977,2705.295,2708.599,5162,No Trade
2025-01-20 11:00:00,2708.577,2712.558,2704.915,2708.417,5568,No Trade
2025-01-20 12:00:00,2708.377,2710.089,2706.128,2708.231,5187,No Trade
2025-01-20 13:00:00,2708.216,2710.725,2702.059,2705.075,26768,Sell
2025-01-20 14:00:00,2705.212,2712.069,2705.079,2710.166,14625,No Trade
2025-01-20 15:00:00,2710.185,2710.523,2705.414,2707.145,8731,No Trade
2025-01-20 16:00:00,2707.143,2708.953,2703.229,2707.664,10781,Buy
2025-01-20 17:00:00,2707.639,2711.241,2704.01,2707.514,9625,No Trade
2025-01-20 18:00:00,2707.521,2711.148,2705.501,2710.831,4587,No Trade
2025-01-20 19:00:00,2710.83,2711.173,2708.421,2709.18,839,Sell
2025-01-20 23:00:00,2708.468,2711.085,2706.683,2710.525,2936,No Trade
2025-01-21 00:00:00,2710.513,2711.661,2702.877,2705.446,6448,Sell
2025-01-21 01:00:00,2705.468,2719.361,2703.242,2718.185,12725,No Trade
2025-01-21 02:00:00,2718.164,2725.826,2718.023,2724.923,7742,No Trade
2025-01-21 03:00:00,2724.899,2727.026,2721.324,2724.276,6931,No Trade
2025-01-21 04:00:00,2724.301,2727.936,2723.182,2727.385,4915,No Trade
2025-01-21 05:00:00,2727.399,2729.219,2725.464,2726.227,6164,Sell
2025-01-21 06:00:00,2726.255,2729.546,2723.851,2724.46,6081,Sell
2025-01-21 07:00:00,2724.426,2732.91,2722.775,2729.809,7281,No Trade
2025-01-21 08:00:00,2729.781,2730.152,2721.498,2723.347,9935,Sell
2025-01-21 09:00:00,2723.317,2724.267,2717.889,2721.281,11575,No Trade
2025-01-21 10:00:00,2721.331,2724.048,2718.982,2719.904,7123,Sell
2025-01-21 11:00:00,2719.9,2724.571,2716.589,2724.078,5948,No Trade
2025-01-21 12:00:00,2724.069,2727.245,2722.111,2726.857,6833,No Trade
2025-01-21 13:00:00,2726.843,2730.091,2724.68,2726.319,11316,No Trade
2025-01-21 14:00:00,2726.327,2738.663,2725.414,2738.203,10666,Buy
2025-01-21 15:00:00,2738.192,2740.464,2734.68,2738.856,12027,No Trade
2025-01-21 16:00:00,2738.872,2745.069,2737.891,2743.136,8705,No Trade
2025-01-21 17:00:00,2743.149,2745.919,2740.221,2740.3,5903,Sell
2025-01-21 18:00:00,2740.291,2746.043,2739.967,2744.592,4848,No Trade
2025-01-21 19:00:00,2744.596,2745.428,2741.509,2742.918,4030,Sell
2025-01-21 20:00:00,2742.899,2743.319,2740.164,2742.472,4498,No Trade
2025-01-21 21:00:00,2742.523,2745.943,2742.079,2744.754,2540,No Trade
2025-01-21 23:00:00,2744.727,2745.219,2742.063,2744.339,5450,No Trade
2025-01-22 00:00:00,2744.389,2749.167,2742.793,2748.312,5197,No Trade
2025-01-22 01:00:00,2748.258,2750.059,2746.896,2748.109,12435,No Trade
2025-01-22 02:00:00,2748.139,2749.837,2746.332,2748.984,8460,Buy
2025-01-22 03:00:00,2748.99,2751.164,2747.961,2750.346,6796,No Trade
2025-01-22 04:00:00,2750.318,2753.045,2749.388,2752.154,4902,No Trade
2025-01-22 05:00:00,2752.173,2758.911,2750.357,2758.142,8618,No Trade
2025-01-22 06:00:00,2758.12,2758.297,2745.629,2746.894,14358,No Trade
2025-01-22 07:00:00,2746.912,2754.086,2746.518,2748.861,8624,Sell
2025-01-22 08:00:00,2748.898,2753.943,2746.85,2753.214,10504,No Trade
2025-01-22 09:00:00,2753.181,2762.415,2752.926,2758.518,11908,No Trade
2025-01-22 10:00:00,2758.519,2763.537,2758.368,2760.123,9318,Sell
2025-01-22 11:00:00,2760.19,2760.691,2756.396,2756.614,6577,No Trade
2025-01-22 12:00:00,2756.652,2758.802,2751.858,2758.316,8682,Buy
2025-01-22 13:00:00,2758.358,2761.686,2750.934,2757.692,23494,No Trade
2025-01-22 14:00:00,2757.685,2758.322,2750.409,2753.952,21423,Sell
2025-01-22 15:00:00,2753.904,2760.391,2750.491,2759.431,15478,No Trade
2025-01-22 16:00:00,2759.469,2760.35,2755.936,2758.36,10853,No Trade
2025-01-22 17:00:00,2758.371,2758.578,2755.89,2756.606,7740,No Trade
2025-01-22 18:00:00,2756.602,2759.43,2754.965,2757.896,8119,No Trade
2025-01-22 19:00:00,2757.88,2757.88,2755.053,2755.389,5571,Sell
2025-01-22 20:00:00,2755.349,2757.207,2754.882,2756.706,5539,No Trade
2025-01-22 21:00:00,2756.671,2757.177,2754.923,2756.245,2365,No Trade
2025-01-22 23:00:00,2756.015,2756.74,2753.96,2755.663,4082,No Trade
2025-01-23 00:00:00,2755.643,2756.016,2753.244,2755.477,4605,Buy
2025-01-23 01:00:00,2755.433,2756.38,2750.687,2752.811,11725,No Trade
2025-01-23 02:00:00,2752.818,2755.069,2752.117,2752.646,6932,Sell
2025-01-23 03:00:00,2752.66,2753.15,2749.583,2750.052,7000,No Trade
2025-01-23 04:00:00,2750.103,2753.685,2749.852,2751.743,4411,No Trade
2025-01-23 05:00:00,2751.794,2753.552,2751.416,2752.092,10908,No Trade
2025-01-23 06:00:00,2752.05,2755.646,2751.224,2753.378,8373,No Trade
2025-01-23 07:00:00,2753.384,2754.789,2751.739,2752.763,7465,Sell
2025-01-23 08:00:00,2752.815,2754.869,2752.053,2752.881,8016,No Trade
2025-01-23 09:00:00,2752.904,2753.885,2740.924,2745.913,13958,Sell
2025-01-23 10:00:00,2745.873,2752.587,2745.304,2751.449,9041,No Trade
2025-01-23 11:00:00,2751.474,2754.529,2750.887,2751.978,7774,Sell
2025-01-23 12:00:00,2751.953,2753.466,2742.027,2744.9,14334,No Trade
2025-01-23 13:00:00,2744.851,2745.937,2735.85,2741.605,25846,No Trade
2025-01-23 14:00:00,2741.652,2747.628,2740.369,2746.178,22584,No Trade
2025-01-23 15:00:00,2745.988,2749.54,2742.14,2746.504,13308,No Trade
2025-01-23 16:00:00,2746.431,2757.52,2744.279,2754.06,16115,No Trade
2025-01-23 17:00:00,2753.96,2759.046,2752.456,2757.744,11308,No Trade
2025-01-23 18:00:00,2757.827,2758.279,2755.102,2755.872,8123,Sell
2025-01-23 19:00:00,2755.871,2758.102,2753.81,2754.253,7721,Sell
2025-01-23 20:00:00,2754.21,2754.709,2751.386,2753.846,10007,Buy
2025-01-23 21:00:00,2753.882,2754.845,2752.101,2754.45,2853,Buy
2025-01-23 23:00:00,2754.837,2755.716,2753.664,2754.623,2570,No Trade
2025-01-24 00:00:00,2754.626,2761.166,2754.409,2759.773,4754,No Trade
2025-01-24 01:00:00,2759.734,2762.665,2758.611,2762.341,9680,No Trade
2025-01-24 02:00:00,2762.352,2775.445,2762.352,2774.282,16525,Buy
2025-01-24 03:00:00,2774.217,2777.526,2771.069,2772.388,12118,Sell
2025-01-24 04:00:00,2772.36,2775.102,2770.607,2772.159,8529,No Trade
2025-01-24 05:00:00,2772.113,2776.823,2772.076,2775.362,9858,No Trade
2025-01-24 06:00:00,2775.323,2778.449,2773.347,2773.898,12285,Sell
2025-01-24 07:00:00,2773.865,2775.532,2772.119,2772.755,8410,Sell
2025-01-24 08:00:00,2772.796,2775.414,2770.034,2774.214,10490,Buy
2025-01-24 09:00:00,2774.168,2777.89,2771.053,2772.829,8625,Sell
2025-01-24 10:00:00,2772.842,2776.271,2771.662,2775.762,8138,No Trade
2025-01-24 11:00:00,2775.749,2780.273,2774.211,2776.697,8364,No Trade
2025-01-24 12:00:00,2776.792,2779.272,2776.174,2778.626,8458,No Trade
2025-01-24 13:00:00,2778.601,2784.695,2777.93,2782.462,14548,No Trade
2025-01-24 14:00:00,2782.498,2784.494,2773.803,2778.285,19426,No Trade
2025-01-24 15:00:00,2778.306,2786.093,2775.546,2776.053,15794,Sell
2025-01-24 16:00:00,2775.998,2777.644,2769.974,2772.075,14610,Sell
2025-01-24 17:00:00,2772.106,2776.204,2770.698,2773.392,8957,No Trade
2025-01-24 18:00:00,2773.417,2774.153,2771.428,2773.437,6186,No Trade
2025-01-24 19:00:00,2773.471,2775.335,2771.39,2774.708,6788,No Trade
2025-01-24 20:00:00,2774.723,2774.878,2770.664,2771.193,6719,No Trade
2025-01-24 21:00:00,2771.219,2772.253,2770.534,2771.159,2809,No Trade
2025-01-26 23:00:00,2765.73,2769.801,2765.265,2767.633,8225,No Trade
2025-01-27 00:00:00,2767.634,2771.071,2766.319,2769.802,6847,No Trade
2025-01-27 01:00:00,2769.835,2772.621,2762.965,2763.016,13680,Sell
2025-01-27 02:00:00,2763.05,2763.736,2753.951,2756.255,13464,Sell
2025-01-27 03:00:00,2756.301,2762.745,2755.217,2761.197,11538,No Trade
2025-01-27 04:00:00,2761.146,2761.155,2755.818,2758.144,8519,Sell
2025-01-27 05:00:00,2758.197,2758.246,2752.935,2753.33,10770,Sell
2025-01-27 06:00:00,2753.294,2755.166,2750.919,2754.661,10568,Buy
2025-01-27 07:00:00,2754.704,2755.153,2747.269,2749.558,9776,No Trade
2025-01-27 08:00:00,2749.516,2759.926,2749.371,2757.337,14106,No Trade
2025-01-27 09:00:00,2757.263,2765.088,2755.806,2763.422,13464,No Trade
2025-01-27 10:00:00,2763.384,2771.136,2762.912,2768.162,15556,No Trade
2025-01-27 11:00:00,2768.111,2772.188,2765.154,2771.326,13995,Buy
2025-01-27 12:00:00,2771.38,2771.706,2760.493,2761.452,11947,Sell
2025-01-27 13:00:00,2761.42,2762.515,2752.413,2757.441,17221,Sell
2025-01-27 14:00:00,2757.409,2758.056,2745.063,2751.435,20706,Sell
2025-01-27 15:00:00,2751.425,2751.466,2739.579,2742.164,20986,Sell
2025-01-27 16:00:00,2742.132,2743.253,2733.319,2734.552,17026,Sell
2025-01-27 17:00:00,2734.615,2737.043,2730.532,2733.714,14319,No Trade
2025-01-27 18:00:00,2733.767,2738.031,2733.023,2737.126,10501,No Trade
2025-01-27 19:00:00,2737.107,2740.639,2736.917,2739.408,8134,No Trade
2025-01-27 20:00:00,2739.433,2742.643,2738.227,2741.638,6968,No Trade
2025-01-27 21:00:00,2741.592,2744.09,2740.428,2740.692,2566,Sell
2025-01-27 23:00:00,2741.251,2745.405,2739.623,2741.79,6962,No Trade
2025-01-28 00:00:00,2741.823,2744.634,2739.934,2740.695,5014,Sell
2025-01-28 01:00:00,2740.701,2745.412,2739.49,2741.571,6572,No Trade
2025-01-28 02:00:00,2741.52,2741.708,2738.417,2739.416,11007,No Trade
2025-01-28 03:00:00,2739.459,2741.923,2737.895,2738.884,7349,No Trade
2025-01-28 04:00:00,2738.886,2742.716,2738.638,2742.376,7065,Buy
2025-01-28 05:00:00,2742.413,2744.974,2741.267,2741.797,7172,Sell
2025-01-28 06:00:00,2741.764,2743.127,2739.186,2739.741,6368,Sell
2025-01-28 07:00:00,2739.767,2743.124,2738.41,2738.99,9503,Sell
2025-01-28 08:00:00,2739.016,2741.843,2734.842,2741.244,11740,Buy
2025-01-28 09:00:00,2741.227,2745.231,2740.489,2743.476,10682,No Trade
2025-01-28 10:00:00,2743.509,2745.252,2741.002,2743.195,8827,No Trade
2025-01-28 11:00:00,2743.163,2744.667,2741.671,2742.873,7885,No Trade
2025-01-28 12:00:00,2742.789,2745.725,2741.236,2745.61,8839,No Trade
2025-01-28 13:00:00,2745.649,2749.587,2745.194,2748.9,12665,No Trade
2025-01-28 14:00:00,2748.979,2756.416,2748.956,2753.616,17301,No Trade
2025-01-28 15:00:00,2753.647,2757.284,2751.144,2755.41,15184,No Trade
2025-01-28 16:00:00,2755.405,2759.777,2755.302,2758.749,13206,No Trade
2025-01-28 17:00:00,2758.724,2760.092,2757.543,2759.742,10568,Buy
2025-01-28 18:00:00,2759.773,2763.627,2759.266,2762.274,9258,No Trade
2025-01-28 19:00:00,2762.233,2765.091,2761.258,2764.908,6652,No Trade
2025-01-28 20:00:00,2764.868,2765.149,2762.467,2764.249,7591,No Trade
2025-01-28 21:00:00,2764.282,2764.409,2762.968,2763.681,2459,Sell
2025-01-28 23:00:00,2763.323,2764.396,2762.713,2762.784,2331,Sell
2025-01-29 00:00:00,2762.781,2764.959,2762.314,2764.001,2904,No Trade
2025-01-29 01:00:00,2764.019,2766.351,2763.667,2763.881,6116,Sell
2025-01-29 02:00:00,2763.875,2765.731,2763.45,2764.288,6574,No Trade
2025-01-29 03:00:00,2764.288,2764.58,2762.358,2762.854,7291,Sell
2025-01-29 04:00:00,2762.846,2764.436,2761.537,2762.51,7539,No Trade
2025-01-29 05:00:00,2762.527,2763.138,2760.144,2760.819,5566,Sell
2025-01-29 06:00:00,2760.854,2762.211,2759.314,2759.32,7940,Sell
2025-01-29 07:00:00,2759.287,2760.685,2757.494,2759.154,7814,No Trade
2025-01-29 08:00:00,2759.198,2766.163,2759.198,2764.032,7464,No Trade
2025-01-29 09:00:00,2764.002,2764.549,2760.452,2762.923,8586,No Trade
2025-01-29 10:00:00,2762.801,2763.566,2757.087,2758.335,12360,No Trade
2025-01-29 11:00:00,2758.296,2759.865,2757.469,2759.074,6341,No Trade
2025-01-29 12:00:00,2759.036,2759.218,2755.625,2756.637,9542,No Trade
2025-01-29 13:00:00,2756.67,2759.624,2752.28,2758.76,17134,Buy
2025-01-29 14:00:00,2758.723,2761.188,2756.564,2759.406,18912,No Trade
2025-01-29 15:00:00,2759.361,2759.804,2748.286,2754.19,16488,Sell
2025-01-29 16:00:00,2754.23,2756.37,2748.372,2751.591,15967,Sell
2025-01-29 17:00:00,2751.619,2754.48,2750.963,2752.968,7741,No Trade
2025-01-29 18:00:00,2752.934,2753.961,2748.832,2751.591,8951,No Trade
2025-01-29 19:00:00,2751.962,2757.968,2744.824,2755.298,22656,Buy
2025-01-29 20:00:00,2755.26,2759.117,2752.825,2754.983,14251,No Trade
2025-01-29 21:00:00,2754.938,2759.728,2754.117,2759.102,5205,No Trade
2025-01-29 23:00:00,2759.537,2760.765,2758.241,2760.387,3398,Buy
2025-01-30 00:00:00,2760.323,2762.603,2759.003,2762.239,3650,No Trade
2025-01-30 01:00:00,2762.195,2762.195,2759.098,2760.187,6261,Sell
2025-01-30 02:00:00,2760.154,2761.768,2759.26,2760.387,6572,No Trade
2025-01-30 03:00:00,2760.385,2762.657,2759.394,2761.815,5586,No Trade
2025-01-30 04:00:00,2761.779,2763.478,2759.821,2760.574,4985,No Trade
2025-01-30 05:00:00,2760.554,2761.228,2758.713,2760.646,4807,No Trade
2025-01-30 06:00:00,2760.599,2766.586,2760.289,2765.638,6132,No Trade
2025-01-30 07:00:00,2765.622,2769.608,2765.052,2769.196,7896,No Trade
2025-01-30 08:00:00,2769.213,2776.707,2768.402,2776.275,7473,Buy
2025-01-30 09:00:00,2776.341,2776.533,2771.546,2774.349,8704,No Trade
2025-01-30 10:00:00,2774.342,2779.371,2773.986,2778.346,6527,No Trade
2025-01-30 11:00:00,2778.394,2779.512,2777.126,2777.779,5535,Sell
2025-01-30 12:00:00,2777.766,2781.324,2776.141,2780.288,5931,No Trade
2025-01-30 13:00:00,2780.264,2786.157,2778.896,2785.853,15627,No Trade
2025-01-30 14:00:00,2785.881,2789.242,2780.101,2787.852,25947,Buy
2025-01-30 15:00:00,2787.748,2796.858,2786.822,2795.491,22966,No Trade
2025-01-30 16:00:00,2795.468,2798.585,2790.315,2790.675,24044,Sell
2025-01-30 17:00:00,2790.726,2795.996,2788.877,2795.616,17525,No Trade
2025-01-30 18:00:00,2795.655,2797.156,2792.224,2795.316,10968,No Trade
2025-01-30 19:00:00,2795.266,2795.519,2790.775,2793.443,7197,No Trade
2025-01-30 20:00:00,2793.423,2798.325,2792.3,2795.661,12085,No Trade
2025-01-30 21:00:00,2795.624,2798.556,2790.829,2793.465,12567,Sell
2025-01-30 23:00:00,2794.902,2797.027,2792.687,2796.226,5527,Buy
2025-01-31 00:00:00,2796.263,2799.738,2794.49,2795.851,6950,No Trade
2025-01-31 01:00:00,2795.888,2796.762,2794.549,2796.424,7092,Buy
2025-01-31 02:00:00,2796.457,2798.321,2794.828,2796.381,7110,No Trade
2025-01-31 03:00:00,2796.346,2798.307,2795.893,2796.533,7889,Sell
2025-01-31 04:00:00,2796.492,2796.551,2794.549,2795.934,5963,No Trade
2025-01-31 05:00:00,2795.885,2796.547,2793.95,2795.653,8539,No Trade
2025-01-31 06:00:00,2795.643,2796.048,2792.183,2792.872,7211,Sell
2025-01-31 07:00:00,2792.917,2801.145,2792.421,2798.312,9888,No Trade
2025-01-31 08:00:00,2798.285,2799.535,2791.731,2793.367,11721,Sell
2025-01-31 09:00:00,2793.397,2796.493,2792.745,2793.871,8534,No Trade
2025-01-31 10:00:00,2793.833,2795.231,2791.105,2794.282,8353,Buy
2025-01-31 11:00:00,2794.242,2800.947,2792.416,2800.275,12138,No Trade
2025-01-31 12:00:00,2800.245,2807.92,2800.044,2805.572,12357,No Trade
2025-01-31 13:00:00,2805.569,2808.62,2803.297,2806.462,18431,No Trade
2025-01-31 14:00:00,2806.551,2812.612,2804.585,2812.395,18915,No Trade
2025-01-31 15:00:00,2812.453,2817.324,2808.359,2809.31,20540,Sell
2025-01-31 16:00:00,2809.209,2810.339,2804.988,2807.43,11394,Sell
2025-01-31 17:00:00,2807.448,2816.373,2802.996,2808.824,31180,No Trade
2025-01-31 18:00:00,2808.789,2809.056,2795.33,2798.97,33058,Sell
2025-01-31 19:00:00,2798.934,2803.039,2795.52,2796.34,16765,Sell
2025-01-31 20:00:00,2796.383,2802.254,2794.109,2800.89,19463,No Trade
2025-01-31 21:00:00,2800.865,2802.645,2798.692,2799.428,10253,Sell
2025-02-02 23:00:00,2801.098,2804.733,2784.372,2793.789,36924,Sell
2025-02-03 00:00:00,2793.806,2796.578,2790.339,2792.295,18430,Sell
2025-02-03 01:00:00,2792.263,2792.323,2778.156,2782.314,20341,Sell
2025-02-03 02:00:00,2782.278,2782.792,2773.862,2778.184,32681,Sell
2025-02-03 03:00:00,2778.17,2778.494,2772.232,2774.534,17746,Sell
2025-02-03 04:00:00,2774.537,2783.163,2774.272,2780.865,16518,No Trade
2025-02-03 05:00:00,2780.825,2785.164,2780.108,2783.169,12437,No Trade
2025-02-03 06:00:00,2783.118,2788.261,2782.958,2786.954,13696,No Trade
2025-02-03 07:00:00,2787.005,2789.944,2785.346,2789.36,15703,No Trade
2025-02-03 08:00:00,2789.4,2800.676,2787.045,2796.796,17845,No Trade
2025-02-03 09:00:00,2796.755,2800.96,2794.829,2796.489,14603,Sell
2025-02-03 10:00:00,2796.408,2800.197,2793.075,2798.125,10918,No Trade
2025-02-03 11:00:00,2798.122,2804.384,2797.946,2801.204,11174,No Trade
2025-02-03 12:00:00,2801.249,2810.929,2800.506,2810.576,13350,Buy
2025-02-03 13:00:00,2810.538,2811.951,2807.639,2811.049,17226,Buy
2025-02-03 14:00:00,2811.108,2830.666,2810.176,2830.203,27081,Buy
2025-02-03 15:00:00,2830.235,2830.235,2813.658,2817.536,46729,Sell
2025-02-03 16:00:00,2817.503,2825.4,2812.848,2814.279,24402,Sell
2025-02-03 17:00:00,2814.33,2822.254,2814.084,2817.273,16550,Sell
2025-02-03 18:00:00,2817.199,2821.925,2816.056,2821.047,12397,No Trade
2025-02-03 19:00:00,2821.083,2823.003,2818.006,2818.348,9332,Sell
2025-02-03 20:00:00,2818.322,2819.588,2815.65,2816.627,8479,Sell
2025-02-03 21:00:00,2816.577,2817.578,2812.306,2814.52,7824,Sell
2025-02-03 23:00:00,2813.35,2815.308,2811.968,2814.103,7669,No Trade
2025-02-04 00:00:00,2814.065,2817.745,2812.73,2817.471,4950,No Trade
2025-02-04 01:00:00,2817.479,2824.394,2815.974,2823.373,11690,No Trade
2025-02-04 02:00:00,2823.338,2824.806,2816.827,2821.197,13127,No Trade
2025-02-04 03:00:00,2821.197,2824.45,2817.456,2821.483,9935,No Trade
2025-02-04 04:00:00,2821.401,2821.56,2818.124,2819.264,15332,Sell
2025-02-04 05:00:00,2819.31,2819.51,2813.454,2815.938,15372,Sell
2025-02-04 06:00:00,2815.885,2816.193,2810.948,2813.575,12571,No Trade
2025-02-04 07:00:00,2813.568,2814.513,2807.28,2812.807,14755,Buy
2025-02-04 08:00:00,2812.843,2819.358,2810.186,2815.263,17599,No Trade
2025-02-04 09:00:00,2815.226,2821.963,2814.126,2820.392,14923,No Trade
2025-02-04 10:00:00,2820.318,2820.338,2812.786,2814.944,12821,Sell
2025-02-04 11:00:00,2814.903,2816.913,2813.357,2815.524,10403,No Trade
2025-02-04 12:00:00,2815.543,2823.04,2814.519,2821.877,14914,No Trade
2025-02-04 13:00:00,2821.913,2837.162,2821.436,2831.812,23169,No Trade
2025-02-04 14:00:00,2831.774,2841.382,2828.979,2839.551,28729,No Trade
2025-02-04 15:00:00,2839.4,2845.584,2833.702,2835.994,27222,Sell
2025-02-04 16:00:00,2835.935,2842.534,2832.539,2840.482,18238,No Trade
2025-02-04 17:00:00,2840.515,2844.821,2839.455,2844.14,12679,No Trade
2025-02-04 18:00:00,2844.097,2845.087,2842.55,2842.736,10839,Sell
2025-02-04 19:00:00,2842.773,2844.198,2841.948,2843.137,7802,No Trade
2025-02-04 20:00:00,2843.172,2844.997,2840.927,2844.295,7748,Buy
2025-02-04 21:00:00,2844.254,2844.596,2840.98,2842.142,3806,Sell
2025-02-04 23:00:00,2841.489,2842.788,2840.466,2841.286,4336,No Trade
2025-02-05 00:00:00,2841.34,2848.337,2840.707,2845.428,7489,No Trade
2025-02-05 01:00:00,2845.387,2849.115,2839.771,2844.467,24927,No Trade
2025-02-05 02:00:00,2844.519,2853.888,2843.974,2850.994,11780,No Trade
2025-02-05 03:00:00,2851.069,2854.401,2849.924,2852.418,7769,No Trade
2025-02-05 04:00:00,2852.414,2858.225,2851.928,2855.404,7128,Sell
2025-02-05 05:00:00,2855.424,2860.664,2853.661,2859.412,8671,No Trade
2025-02-05 06:00:00,2859.418,2861.895,2857.11,2859.312,8165,No Trade
2025-02-05 07:00:00,2859.278,2864.294,2854.875,2864.254,10147,Buy
2025-02-05 08:00:00,2864.213,2869.908,2863.61,2867.551,11082,No Trade
2025-02-05 09:00:00,2867.614,2872.396,2865.416,2870.392,8643,No Trade
2025-02-05 10:00:00,2870.438,2877.165,2866.13,2867.925,10005,Sell
2025-02-05 11:00:00,2867.94,2870.597,2864.824,2868.738,11229,No Trade
2025-02-05 12:00:00,2868.693,2870.946,2867.039,2870.335,9584,Buy
2025-02-05 13:00:00,2870.343,2870.811,2858.678,2861.726,24178,No Trade
2025-02-05 14:00:00,2861.774,2872.702,2860.696,2870.988,22395,No Trade
2025-02-05 15:00:00,2871.07,2882.505,2871.07,2880.303,22765,No Trade
2025-02-05 16:00:00,2880.343,2881.291,2863.122,2874.964,24718,No Trade
2025-02-05 17:00:00,2875.008,2876.777,2871.416,2873.03,12008,Sell
2025-02-05 18:00:00,2873.065,2873.615,2863.815,2865.737,12520,Sell
2025-02-05 19:00:00,2865.78,2869.105,2862.761,2863.592,13887,Sell
2025-02-05 20:00:00,2863.566,2866.243,2859.962,2862.681,13689,Sell
2025-02-05 21:00:00,2862.639,2867.459,2861.273,2867.425,3386,No Trade
2025-02-05 23:00:00,2867.09,2871.065,2866.155,2869.359,4895,No Trade
2025-02-06 00:00:00,2869.352,2870.083,2867.379,2869.886,5054,Buy
2025-02-06 01:00:00,2869.934,2871.99,2863.75,2871.639,15545,Buy
2025-02-06 02:00:00,2871.603,2873.407,2868.378,2870.759,11468,No Trade
2025-02-06 03:00:00,2870.703,2870.79,2864.364,2869.485,9684,Buy
2025-02-06 04:00:00,2869.433,2872.446,2868.308,2868.58,7788,Sell
2025-02-06 05:00:00,2868.551,2870.058,2865.486,2868.413,9739,No Trade
2025-02-06 06:00:00,2868.402,2871.483,2858.148,2859.278,12887,Sell
2025-02-06 07:00:00,2859.266,2861.935,2855.065,2855.917,12514,Sell
2025-02-06 08:00:00,2855.878,2858.558,2848.92,2856.204,15996,Buy
2025-02-06 09:00:00,2856.171,2860.063,2855.737,2859.471,13832,No Trade
2025-02-06 10:00:00,2859.51,2861.874,2855.66,2859.233,11391,No Trade
2025-02-06 11:00:00,2859.181,2867.422,2858.236,2866.052,13307,No Trade
2025-02-06 12:00:00,2866.046,2870.392,2863.531,2864.495,15360,Sell
2025-02-06 13:00:00,2864.579,2865.051,2855.55,2856.767,22621,No Trade
2025-02-06 14:00:00,2856.706,2859.873,2841.229,2841.907,27178,No Trade
2025-02-06 15:00:00,2841.992,2853.35,2834.135,2850.675,27879,No Trade
2025-02-06 16:00:00,2850.635,2854.823,2848.864,2848.864,14250,Sell
2025-02-06 17:00:00,2848.833,2852.717,2848.126,2852.288,9783,No Trade
2025-02-06 18:00:00,2852.33,2853.747,2849.896,2852.63,11016,No Trade
2025-02-06 19:00:00,2852.7,2854.246,2850.368,2853.826,8702,Buy
2025-02-06 20:00:00,2853.871,2857.34,2853.655,2856.425,8538,No Trade
2025-02-06 21:00:00,2856.432,2857.289,2855.031,2856.211,2723,No Trade
2025-02-06 23:00:00,2856.157,2858.858,2855.917,2858.08,3373,Sell
2025-02-07 00:00:00,2858.074,2860.564,2858.074,2858.527,4390,Sell
2025-02-07 01:00:00,2858.493,2868.356,2857.793,2866.366,11501,No Trade
2025-02-07 02:00:00,2866.363,2869.461,2865.468,2868.804,8136,No Trade
2025-02-07 03:00:00,2868.83,2870.725,2866.043,2867.268,7221,Sell
2025-02-07 04:00:00,2867.227,2869.695,2866.245,2866.565,6232,Sell
2025-02-07 05:00:00,2866.603,2867.101,2862.057,2862.194,7331,No Trade
2025-02-07 06:00:00,2862.161,2866.386,2859.027,2860.788,10358,Sell
2025-02-07 07:00:00,2860.748,2865.774,2860.315,2864.294,8366,No Trade
2025-02-07 08:00:00,2864.348,2866.787,2863.294,2866.305,8123,No Trade
2025-02-07 09:00:00,2866.343,2870.718,2865.593,2869.055,12351,No Trade
2025-02-07 10:00:00,2869.075,2869.367,2863.412,2867.594,10637,No Trade
2025-02-07 11:00:00,2867.58,2868.315,2865.094,2867.708,7611,Buy
2025-02-07 12:00:00,2867.755,2868.168,2863.621,2863.691,10887,No Trade
2025-02-07 13:00:00,2863.695,2871.054,2852.522,2862.572,30768,No Trade
2025-02-07 14:00:00,2862.609,2878.409,2856.155,2876.753,28795,Buy
2025-02-07 15:00:00,2876.771,2886.831,2873.621,2880.397,23084,No Trade
2025-02-07 16:00:00,2880.433,2881.618,2860.387,2860.795,26399,No Trade
2025-02-07 17:00:00,2860.845,2862.784,2853.406,2860.172,22029,Buy
2025-02-07 18:00:00,2860.137,2865.304,2859.745,2861.329,9047,Sell
2025-02-07 19:00:00,2861.37,2863.387,2859.181,2860.226,6812,Sell
2025-02-07 20:00:00,2860.186,2863.862,2859.451,2860.666,9440,No Trade
2025-02-07 21:00:00,2860.776,2863.448,2860.456,2861.086,4513,Sell
2025-02-09 23:00:00,2861.349,2870.67,2860.216,2867.575,7916,No Trade
2025-02-10 00:00:00,2867.619,2869.337,2865.91,2868.012,6650,No Trade
2025-02-10 01:00:00,2868.096,2876.691,2866.029,2871.946,14192,No Trade
2025-02-10 02:00:00,2871.937,2875.035,2871.39,2873.886,10069,No Trade
2025-02-10 03:00:00,2873.954,2875.847,2871.303,2875.652,7137,Buy
2025-02-10 04:00:00,2875.624,2879.677,2874.398,2879.201,7028,No Trade
2025-02-10 05:00:00,2879.263,2880.135,2876.127,2879.3,8242,Buy
2025-02-10 06:00:00,2879.312,2892.418,2879.003,2888.686,11010,No Trade
2025-02-10 07:00:00,2888.592,2896.682,2886.754,2895.552,11578,No Trade
2025-02-10 08:00:00,2895.512,2898.977,2892.293,2896.756,14757,No Trade
2025-02-10 09:00:00,2896.754,2903.338,2896.313,2903.052,10932,Buy
2025-02-10 10:00:00,2903.067,2906.347,2898.29,2902.469,13014,No Trade
2025-02-10 11:00:00,2902.496,2905.86,2898.361,2904.613,9206,Buy
2025-02-10 12:00:00,2904.608,2907.083,2902.74,2903.177,13164,Sell
2025-02-10 13:00:00,2903.132,2911.17,2899.686,2901.083,26037,Sell
2025-02-10 14:00:00,2901.049,2909.298,2896.34,2908.728,21069,Buy
2025-02-10 15:00:00,2908.765,2912.142,2904.591,2909.01,15929,No Trade
2025-02-10 16:00:00,2909.057,2910.398,2899.141,2901.037,11622,Sell
2025-02-10 17:00:00,2901.069,2904.572,2896.712,2903.341,10663,Buy
2025-02-10 18:00:00,2903.366,2907.065,2900.988,2905.224,9387,No Trade
2025-02-10 19:00:00,2905.19,2906.858,2902.559,2904.443,6787,No Trade
2025-02-10 20:00:00,2904.449,2907.823,2902.96,2907.375,7701,No Trade
2025-02-10 21:00:00,2907.341,2908.558,2905.413,2908.23,3396,Buy
2025-02-10 23:00:00,2908.295,2921.755,2908.148,2917.927,9652,No Trade
2025-02-11 00:00:00,2917.974,2925.193,2916.454,2922.669,6966,No Trade
2025-02-11 01:00:00,2922.628,2936.33,2919.729,2934.02,16812,No Trade
2025-02-11 02:00:00,2934.016,2942.762,2905.477,2919.124,36989,Sell
2025-02-11 03:00:00,2919.087,2925.815,2911.672,2919.796,21455,No Trade
2025-02-11 04:00:00,2919.831,2920.821,2914.998,2916.459,11256,Sell
2025-02-11 05:00:00,2916.402,2923.835,2915.397,2923.038,11818,No Trade
2025-02-11 06:00:00,2922.984,2929.516,2915.488,2917.931,15259,Sell
2025-02-11 07:00:00,2917.975,2918.439,2907.204,2913.472,16299,No Trade
2025-02-11 08:00:00,2913.398,2915.383,2907.017,2907.531,17403,Sell
2025-02-11 09:00:00,2907.522,2912.33,2903.001,2903.371,16452,Sell
2025-02-11 10:00:00,2903.306,2907.258,2901.944,2902.779,15357,Sell
2025-02-11 11:00:00,2902.72,2906.858,2902.266,2904.061,12467,No Trade
2025-02-11 12:00:00,2904.096,2904.473,2886.766,2889.53,20907,Sell
2025-02-11 13:00:00,2889.462,2898.37,2881.831,2896.443,35378,Buy
2025-02-11 14:00:00,2896.482,2904.383,2894.93,2896.871,24931,No Trade
2025-02-11 15:00:00,2896.844,2906.644,2890.96,2904.874,22743,No Trade
2025-02-11 16:00:00,2904.914,2908.769,2902.342,2902.48,13537,Sell
2025-02-11 17:00:00,2902.432,2907.417,2899.642,2905.615,9782,No Trade
2025-02-11 18:00:00,2905.663,2907.255,2903.352,2905.929,8714,No Trade
2025-02-11 19:00:00,2905.899,2906.576,2899.675,2900.162,9856,Sell
2025-02-11 20:00:00,2900.165,2900.601,2894.098,2897.701,9996,No Trade
2025-02-11 21:00:00,2897.659,2899.856,2897.476,2897.92,2914,Sell
2025-02-11 23:00:00,2897.216,2900.986,2897.081,2898.616,3802,Sell
2025-02-12 00:00:00,2898.642,2898.907,2889.318,2892.258,5850,No Trade
2025-02-12 01:00:00,2892.31,2897.814,2883.84,2893.399,16851,No Trade
2025-02-12 02:00:00,2893.41,2897.875,2891.832,2892.524,12032,Sell
2025-02-12 03:00:00,2892.525,2893.219,2886.763,2889.081,11831,Sell
2025-02-12 04:00:00,2889.078,2890.624,2884.074,2885.332,8813,Sell
2025-02-12 05:00:00,2885.409,2888.13,2883.717,2886.352,8269,No Trade
2025-02-12 06:00:00,2886.255,2895.001,2885.628,2892.653,11835,No Trade
2025-02-12 07:00:00,2892.666,2895.927,2890.842,2892.853,9260,No Trade
2025-02-12 08:00:00,2892.89,2894.224,2888.12,2891.741,10222,No Trade
2025-02-12 09:00:00,2891.71,2893.553,2886.515,2886.871,9391,Sell
2025-02-12 10:00:00,2886.864,2890.013,2879.397,2882.761,9470,Sell
2025-02-12 11:00:00,2882.723,2886.095,2879.516,2879.81,8562,Sell
2025-02-12 12:00:00,2879.891,2885.982,2879.005,2885.039,9834,No Trade
2025-02-12 13:00:00,2885.1,2885.712,2864.226,2884.805,34764,Buy
2025-02-12 14:00:00,2884.838,2898.094,2881.965,2894.571,29122,No Trade
2025-02-12 15:00:00,2894.569,2896.034,2886.904,2894.633,16572,Buy
2025-02-12 16:00:00,2894.593,2904.546,2892.142,2902.591,14216,No Trade
2025-02-12 17:00:00,2902.557,2909.347,2901.919,2902.993,12119,Sell
2025-02-12 18:00:00,2902.999,2903.931,2900.539,2901.171,8214,Sell
2025-02-12 19:00:00,2901.231,2901.9,2893.562,2897.985,7939,No Trade
2025-02-12 20:00:00,2898.016,2901.547,2895.597,2900.972,5814,Buy
2025-02-12 21:00:00,2900.94,2904.472,2900.197,2904.212,4365,No Trade
2025-02-12 23:00:00,2905.495,2906.483,2900.565,2905.861,4038,Buy
2025-02-13 00:00:00,2905.836,2909.188,2904.659,2906.475,5507,No Trade
2025-02-13 01:00:00,2906.443,2907.542,2901.517,2906.107,10358,Buy
2025-02-13 02:00:00,2906.076,2909.12,2905.252,2908.84,7873,No Trade
2025-02-13 03:00:00,2908.888,2918.249,2907.351,2916.519,10056,No Trade
2025-02-13 04:00:00,2916.571,2919.255,2916.251,2918.518,5629,No Trade
2025-02-13 05:00:00,2918.553,2922.881,2916.66,2918.028,6801,Sell
2025-02-13 06:00:00,2918.059,2919.006,2912.611,2916.022,11289,No Trade
2025-02-13 07:00:00,2916.051,2920.754,2913.118,2914.649,11440,Sell
2025-02-13 08:00:00,2914.687,2918.253,2909.544,2911.725,13737,Sell
2025-02-13 09:00:00,2911.762,2918.412,2909.824,2915.481,9537,No Trade
2025-02-13 10:00:00,2915.357,2919.569,2913.993,2918.093,7439,No Trade
2025-02-13 11:00:00,2918.069,2918.434,2915.516,2917.953,8809,Buy
2025-02-13 12:00:00,2917.989,2921.466,2915.748,2917.833,9814,No Trade
2025-02-13 13:00:00,2917.798,2918.079,2905.842,2908.704,22908,Sell
2025-02-13 14:00:00,2908.592,2917.412,2906.534,2915.235,20629,No Trade
2025-02-13 15:00:00,2915.176,2921.014,2914.505,2920.235,14179,No Trade
2025-02-13 16:00:00,2920.346,2920.904,2912.967,2913.841,9713,Sell
2025-02-13 17:00:00,2913.769,2919.301,2913.478,2919.076,8441,No Trade
2025-02-13 18:00:00,2919.037,2925.442,2914.304,2924.182,11157,Buy
2025-02-13 19:00:00,2924.15,2927.482,2923.867,2926.892,7259,No Trade
2025-02-13 20:00:00,2926.905,2929.095,2924.957,2928.498,7512,Buy
2025-02-13 21:00:00,2928.536,2929.644,2928.245,2928.788,2899,No Trade
2025-02-13 23:00:00,2928.4,2932.564,2927.356,2931.297,4998,No Trade
2025-02-14 00:00:00,2931.272,2931.681,2927.532,2927.927,4716,Sell
2025-02-14 01:00:00,2927.966,2933.959,2927.966,2929.959,11241,Sell
2025-02-14 02:00:00,2929.994,2930.614,2926.041,2927.4,9767,Sell
2025-02-14 03:00:00,2927.356,2930.51,2923.244,2924.41,7788,Sell
2025-02-14 04:00:00,2924.375,2929.331,2923.842,2928.646,6652,No Trade
2025-02-14 05:00:00,2928.733,2932.519,2926.787,2931.101,9511,No Trade
2025-02-14 06:00:00,2931.062,2936.922,2929.924,2934.395,10249,No Trade
2025-02-14 07:00:00,2934.424,2935.225,2930.631,2931.933,9919,Sell
2025-02-14 08:00:00,2931.89,2938.629,2930.848,2935.187,10897,No Trade
2025-02-14 09:00:00,2935.22,2938.897,2934.174,2935.198,9635,No Trade
2025-02-14 10:00:00,2935.234,2940.085,2934.272,2935.946,9982,Sell
2025-02-14 11:00:00,2935.954,2937.678,2929.326,2931.261,8371,Sell
2025-02-14 12:00:00,2931.216,2933.132,2927.776,2930.898,10609,No Trade
2025-02-14 13:00:00,2930.943,2933.437,2917.604,2920.7,27404,Sell
2025-02-14 14:00:00,2920.656,2928.611,2914.162,2921.139,31343,No Trade
2025-02-14 15:00:00,2921.1,2921.87,2892.95,2902.019,36045,Sell
2025-02-14 16:00:00,2901.907,2903.995,2888.571,2895.875,25006,Sell
2025-02-14 17:00:00,2895.929,2897.528,2885.408,2887.033,16154,Sell
2025-02-14 18:00:00,2887.081,2888.05,2882.191,2883.775,12080,Sell
2025-02-14 19:00:00,2883.817,2886.012,2878.771,2880.579,8400,Sell
2025-02-14 20:00:00,2880.548,2886.289,2877.071,2885.407,10491,Buy
2025-02-14 21:00:00,2885.489,2885.866,2882.433,2882.852,3933,Sell
2025-02-16 23:00:00,2893.723,2894.114,2878.51,2879.301,16151,Sell
2025-02-17 00:00:00,2879.334,2888.269,2879.334,2883.664,7495,No Trade
2025-02-17 01:00:00,2883.665,2896.685,2882.416,2895.554,13782,No Trade
2025-02-17 02:00:00,2895.529,2899.909,2894.035,2899.341,9693,No Trade
2025-02-17 03:00:00,2899.377,2904.676,2897.915,2903.683,7155,No Trade
2025-02-17 04:00:00,2903.633,2905.006,2898.574,2899.485,6205,Sell
2025-02-17 05:00:00,2899.5,2905.487,2895.952,2896.38,7112,Sell
2025-02-17 06:00:00,2896.362,2897.978,2888.291,2896.594,10745,Buy
2025-02-17 07:00:00,2896.59,2903.728,2896.483,2902.58,10866,No Trade
2025-02-17 08:00:00,2902.59,2902.803,2895.124,2900.312,10517,No Trade
2025-02-17 09:00:00,2900.348,2906.535,2900.33,2902.678,11156,Sell
2025-02-17 10:00:00,2902.677,2903.102,2895.569,2902.892,9297,Buy
2025-02-17 11:00:00,2902.905,2904.087,2897.869,2901.072,8930,No Trade
2025-02-17 12:00:00,2901.059,2901.806,2895.53,2897.684,8119,Sell
2025-02-17 13:00:00,2897.654,2899.29,2895.651,2896.862,13180,Sell
2025-02-17 14:00:00,2896.817,2903.976,2896.518,2903.032,12753,No Trade
2025-02-17 15:00:00,2903.073,2904.279,2898.005,2899.291,10313,Sell
2025-02-17 16:00:00,2899.39,2901.42,2896.568,2899.242,8053,No Trade
2025-02-17 17:00:00,2899.277,2899.835,2897.969,2898.485,5398,Sell
2025-02-17 18:00:00,2898.5,2899.22,2897.157,2898.328,3969,No Trade
2025-02-17 19:00:00,2898.319,2898.518,2897.465,2897.472,858,Sell
2025-02-17 23:00:00,2899.182,2899.562,2897.189,2899.453,2069,Buy
2025-02-18 00:00:00,2899.405,2900.472,2898.362,2899.394,2841,No Trade
2025-02-18 01:00:00,2899.409,2900.036,2892.083,2895.75,6758,Sell
2025-02-18 02:00:00,2895.786,2905.22,2895.395,2903.131,8323,No Trade
2025-02-18 03:00:00,2903.104,2910.946,2902.821,2909.096,8551,No Trade
2025-02-18 04:00:00,2909.076,2911.07,2907.253,2910.847,4258,Buy
2025-02-18 05:00:00,2910.902,2915.709,2909.86,2910.912,9153,No Trade
2025-02-18 06:00:00,2910.855,2914.469,2910.121,2913.763,6575,No Trade
2025-02-18 07:00:00,2913.802,2915.424,2908.597,2911.581,6160,Sell
2025-02-18 08:00:00,2911.671,2913.364,2908.323,2912.533,7528,No Trade
2025-02-18 09:00:00,2912.494,2913.477,2910.083,2912.671,6307,Buy
2025-02-18 10:00:00,2912.674,2913.474,2907.149,2911.262,6195,No Trade
2025-02-18 11:00:00,2911.307,2914.966,2909.769,2914.239,6201,Buy
2025-02-18 12:00:00,2914.293,2918.962,2912.158,2918.181,8280,No Trade
2025-02-18 13:00:00,2918.233,2921.498,2913.365,2918.955,12609,No Trade
2025-02-18 14:00:00,2918.954,2928.815,2917.794,2927.98,13049,No Trade
2025-02-18 15:00:00,2928.03,2929.689,2923.638,2927.1,13670,No Trade
2025-02-18 16:00:00,2927.066,2933.843,2924.295,2932.93,11488,No Trade
2025-02-18 17:00:00,2932.883,2933.764,2929.72,2931.273,7869,Sell
2025-02-18 18:00:00,2931.312,2933.793,2928.374,2933.331,7406,No Trade
2025-02-18 19:00:00,2933.325,2937.074,2932.013,2935.901,6332,No Trade
2025-02-18 20:00:00,2935.912,2936.867,2932.473,2933.466,5550,Sell
2025-02-18 21:00:00,2933.503,2936.571,2933.282,2935.436,3119,No Trade
2025-02-18 23:00:00,2935.35,2935.743,2933.204,2934.141,2365,Sell
2025-02-19 00:00:00,2934.139,2934.438,2928.676,2929.341,3575,Sell
2025-02-19 01:00:00,2929.317,2939.73,2927.984,2938.472,7564,No Trade
2025-02-19 02:00:00,2938.55,2939.709,2924.11,2929.307,10261,Sell
2025-02-19 03:00:00,2929.334,2930.559,2924.987,2928.905,7403,No Trade
2025-02-19 04:00:00,2928.908,2929.647,2926.567,2929.343,4804,Buy
2025-02-19 05:00:00,2929.34,2934.572,2928.127,2932.881,6148,No Trade
2025-02-19 06:00:00,2932.855,2935.919,2930.836,2931.808,6113,Sell
2025-02-19 07:00:00,2931.763,2935.967,2930.52,2934.33,7927,No Trade
2025-02-19 08:00:00,2934.29,2940.121,2933.798,2938.682,9535,No Trade
2025-02-19 09:00:00,2938.634,2946.746,2938.201,2945.597,9025,No Trade
2025-02-19 10:00:00,2945.614,2947.121,2942.693,2944.875,6570,No Trade
2025-02-19 11:00:00,2944.808,2946.093,2934.103,2935.167,7594,Sell
2025-02-19 12:00:00,2935.139,2936.796,2931.282,2933.62,9721,Sell
2025-02-19 13:00:00,2933.587,2941.69,2932.518,2936.338,13977,Sell
2025-02-19 14:00:00,2936.305,2940.722,2930.273,2938.175,19605,No Trade
2025-02-19 15:00:00,2938.15,2939.248,2925.556,2925.81,13964,No Trade
2025-02-19 16:00:00,2925.836,2930.959,2923.066,2928.14,14847,No Trade
2025-02-19 17:00:00,2928.165,2929.911,2921.539,2923.921,9426,Sell
2025-02-19 18:00:00,2923.881,2926.687,2918.604,2925.092,11074,Buy
2025-02-19 19:00:00,2925.012,2932.418,2923.547,2931.834,8175,No Trade
2025-02-19 20:00:00,2931.795,2936.722,2931.37,2935.954,7537,No Trade
2025-02-19 21:00:00,2935.916,2937.541,2932.446,2933.05,3136,Sell
2025-02-19 23:00:00,2933.804,2936.274,2933.606,2935.464,2702,No Trade
2025-02-20 00:00:00,2935.466,2941.376,2935.466,2940.901,4947,Buy
2025-02-20 01:00:00,2940.959,2942.523,2934.674,2937.237,10609,Sell
2025-02-20 02:00:00,2937.157,2941.666,2933.935,2941.085,8405,Buy
2025-02-20 03:00:00,2941.079,2944.163,2940.672,2941.993,5418,Sell
2025-02-20 04:00:00,2942.013,2942.724,2939.347,2939.958,4496,Sell
2025-02-20 05:00:00,2940.019,2946.957,2939.434,2946.852,5299,Buy
2025-02-20 06:00:00,2946.84,2949.034,2944.004,2947.773,6777,Buy
2025-02-20 07:00:00,2947.817,2954.296,2946.499,2948.974,6778,No Trade
2025-02-20 08:00:00,2949.046,2954.896,2949.042,2954.603,6332,Buy
2025-02-20 09:00:00,2954.602,2955.055,2950.056,2951.582,6588,Sell
2025-02-20 10:00:00,2951.557,2954.937,2949.138,2952.373,8619,No Trade
2025-02-20 11:00:00,2952.457,2952.983,2947.252,2948.848,6373,Sell
2025-02-20 12:00:00,2948.823,2950.868,2938.826,2945.449,12084,No Trade
2025-02-20 13:00:00,2945.488,2947.767,2933.866,2934.112,18212,Sell
2025-02-20 14:00:00,2934.071,2940.039,2924.194,2935.169,22502,No Trade
2025-02-20 15:00:00,2935.244,2939.651,2931.679,2938.625,14901,Buy
2025-02-20 16:00:00,2938.583,2945.709,2936.061,2943.12,10822,No Trade
2025-02-20 17:00:00,2943.088,2947.076,2940.051,2940.645,9326,Sell
2025-02-20 18:00:00,2940.599,2942.575,2937.487,2941.844,9107,Buy
2025-02-20 19:00:00,2941.877,2941.985,2933.652,2938.002,7209,No Trade
2025-02-20 20:00:00,2938.114,2938.858,2935.606,2937.884,6858,No Trade
2025-02-20 21:00:00,2937.857,2940.388,2937.55,2938.707,3935,Sell
2025-02-20 23:00:00,2939.864,2943.491,2938.55,2941.61,3208,No Trade
2025-02-21 00:00:00,2941.65,2942.83,2937.367,2940.081,4311,No Trade
2025-02-21 01:00:00,2940.088,2949.828,2926.905,2928.901,15154,Sell
2025-02-21 02:00:00,2928.867,2941.169,2926.366,2939.203,12729,No Trade
2025-02-21 03:00:00,2939.216,2939.917,2927.218,2931.342,12289,Sell
2025-02-21 04:00:00,2931.342,2932.373,2926.664,2928.575,5980,Sell
2025-02-21 05:00:00,2928.539,2934.119,2924.266,2930.247,10374,No Trade
2025-02-21 06:00:00,2930.292,2931.564,2925.698,2929.815,8987,No Trade
2025-02-21 07:00:00,2929.803,2933.084,2929.202,2930.15,5959,Sell
2025-02-21 08:00:00,2930.094,2931.337,2916.762,2923.306,11961,No Trade
2025-02-21 09:00:00,2923.277,2929.76,2923.116,2929.416,7368,Buy
2025-02-21 10:00:00,2929.408,2931.129,2928.928,2930.607,5063,No Trade
2025-02-21 11:00:00,2930.629,2936.207,2928.082,2928.456,6551,Sell
2025-02-21 12:00:00,2928.491,2935.35,2927.603,2930.226,7569,Sell
2025-02-21 13:00:00,2930.184,2934.654,2926.961,2931.026,11899,No Trade
2025-02-21 14:00:00,2931.0,2939.171,2928.286,2933.978,16648,No Trade
2025-02-21 15:00:00,2933.819,2935.767,2921.627,2928.776,17556,No Trade
2025-02-21 16:00:00,2928.727,2938.601,2927.405,2936.8,9976,No Trade
2025-02-21 17:00:00,2936.798,2941.757,2936.24,2939.81,7451,No Trade
2025-02-21 18:00:00,2939.771,2942.884,2937.838,2941.927,8606,No Trade
2025-02-21 19:00:00,2941.956,2942.696,2932.975,2933.478,7439,Sell
2025-02-21 20:00:00,2933.454,2937.25,2932.514,2934.812,7725,No Trade
2025-02-21 21:00:00,2934.787,2938.307,2932.224,2936.533,4043,No Trade
2025-02-23 23:00:00,2939.491,2940.613,2936.578,2936.947,6014,Sell
2025-02-24 00:00:00,2936.943,2938.129,2929.669,2930.219,6464,Sell
2025-02-24 01:00:00,2930.26,2931.529,2921.396,2928.127,18549,No Trade
2025-02-24 02:00:00,2928.084,2941.046,2925.132,2940.957,11250,No Trade
2025-02-24 03:00:00,2940.909,2944.919,2939.776,2941.184,14806,Sell
2025-02-24 04:00:00,2941.213,2943.117,2937.861,2940.761,8183,No Trade
2025-02-24 05:00:00,2940.833,2942.195,2935.671,2936.438,8151,Sell
2025-02-24 06:00:00,2936.4,2942.088,2935.316,2938.753,7066,Sell
2025-02-24 07:00:00,2938.728,2945.084,2938.289,2943.889,6227,No Trade
2025-02-24 08:00:00,2943.93,2948.817,2938.247,2946.479,8510,Buy
2025-02-24 09:00:00,2946.42,2948.346,2942.971,2944.355,7122,Sell
2025-02-24 10:00:00,2944.391,2944.817,2934.972,2938.372,6226,Sell
2025-02-24 11:00:00,2938.47,2948.27,2937.756,2947.866,7379,Buy
2025-02-24 12:00:00,2947.789,2951.221,2945.527,2946.554,7058,Sell
2025-02-24 13:00:00,2946.504,2954.741,2946.336,2954.476,11199,Buy
2025-02-24 14:00:00,2954.475,2956.309,2934.676,2938.814,19537,Sell
2025-02-24 15:00:00,2938.79,2940.597,2930.734,2936.604,18110,No Trade
2025-02-24 16:00:00,2936.58,2943.721,2936.555,2943.463,10890,Buy
2025-02-24 17:00:00,2943.531,2944.9,2941.046,2943.423,8016,No Trade
2025-02-24 18:00:00,2943.448,2948.046,2942.882,2947.438,6095,No Trade
2025-02-24 19:00:00,2947.474,2949.982,2946.941,2949.236,5328,No Trade
2025-02-24 20:00:00,2949.294,2951.653,2947.118,2950.681,5453,Buy
2025-02-24 21:00:00,2950.721,2953.209,2950.374,2952.718,3024,No Trade
2025-02-24 23:00:00,2953.108,2953.978,2948.364,2950.076,5162,Sell
2025-02-25 00:00:00,2950.037,2952.632,2948.349,2949.769,3964,No Trade
2025-02-25 01:00:00,2949.803,2952.602,2945.331,2949.643,9579,No Trade
2025-02-25 02:00:00,2949.606,2952.431,2947.186,2948.68,7380,Buy
2025-02-25 03:00:00,2948.666,2949.599,2937.615,2939.593,8877,Sell
2025-02-25 04:00:00,2939.642,2939.96,2935.106,2936.957,6419,Sell
2025-02-25 05:00:00,2936.921,2941.044,2936.646,2938.056,6381,Sell
2025-02-25 06:00:00,2937.993,2938.555,2933.569,2935.946,6233,Sell
2025-02-25 07:00:00,2936.006,2940.529,2930.598,2931.771,9604,Sell
2025-02-25 08:00:00,2931.842,2942.511,2929.595,2941.634,9478,No Trade
2025-02-25 09:00:00,2941.7,2942.504,2937.546,2938.982,6517,Sell
2025-02-25 10:00:00,2939.06,2941.616,2937.473,2937.645,6531,Sell
2025-02-25 11:00:00,2937.684,2940.663,2937.201,2938.706,5953,Sell
2025-02-25 12:00:00,2938.759,2941.399,2924.126,2928.654,15206,Sell
2025-02-25 13:00:00,2928.696,2938.011,2926.246,2937.498,18077,No Trade
2025-02-25 14:00:00,2937.463,2945.029,2932.169,2933.033,15806,Sell
2025-02-25 15:00:00,2932.931,2935.036,2900.578,2905.946,35979,No Trade
2025-02-25 16:00:00,2905.972,2906.961,2888.309,2896.508,26383,Sell
2025-02-25 17:00:00,2896.473,2908.88,2893.668,2907.684,12895,No Trade
2025-02-25 18:00:00,2907.706,2912.305,2905.433,2909.627,10177,No Trade
2025-02-25 19:00:00,2909.584,2913.979,2905.797,2912.131,6684,Buy
2025-02-25 20:00:00,2912.154,2913.447,2910.897,2912.807,6525,Buy
2025-02-25 21:00:00,2912.847,2917.423,2912.695,2915.196,5050,Sell
2025-02-25 23:00:00,2914.983,2919.131,2913.653,2918.684,4968,No Trade
2025-02-26 00:00:00,2918.711,2926.174,2918.711,2923.639,7031,No Trade
2025-02-26 01:00:00,2923.533,2930.242,2915.242,2917.842,10925,Sell
2025-02-26 02:00:00,2917.831,2923.241,2914.85,2921.19,8353,No Trade
2025-02-26 03:00:00,2921.23,2921.804,2916.514,2917.375,4723,Sell
2025-02-26 04:00:00,2917.344,2919.031,2912.719,2915.156,5371,Sell
2025-02-26 05:00:00,2915.14,2921.106,2914.875,2915.493,5835,Sell
2025-02-26 06:00:00,2915.486,2916.296,2906.7,2906.7,6771,Sell
2025-02-26 07:00:00,2906.734,2917.518,2905.937,2915.609,9090,No Trade
2025-02-26 08:00:00,2915.584,2918.506,2909.596,2918.041,9249,Buy
2025-02-26 09:00:00,2917.985,2919.046,2912.275,2913.306,6837,Sell
2025-02-26 10:00:00,2913.287,2917.016,2911.051,2912.82,6341,No Trade
2025-02-26 11:00:00,2912.824,2915.515,2912.14,2913.895,4911,No Trade
2025-02-26 12:00:00,2913.856,2915.551,2910.169,2913.995,6229,No Trade
2025-02-26 13:00:00,2913.993,2915.114,2905.525,2906.074,11578,Sell
2025-02-26 14:00:00,2906.05,2906.324,2890.749,2901.596,27437,No Trade
2025-02-26 15:00:00,2901.654,2914.363,2898.562,2913.279,15851,No Trade
2025-02-26 16:00:00,2913.326,2916.762,2910.004,2913.19,11341,No Trade
2025-02-26 17:00:00,2913.114,2916.394,2910.446,2913.822,10082,No Trade
2025-02-26 18:00:00,2913.763,2916.349,2912.44,2914.937,6954,No Trade
2025-02-26 19:00:00,2914.959,2916.388,2913.409,2914.014,4996,Sell
2025-02-26 20:00:00,2914.001,2916.838,2912.076,2916.387,5522,No Trade
2025-02-26 21:00:00,2916.363,2918.896,2915.965,2916.346,3808,Sell
2025-02-26 23:00:00,2917.048,2920.872,2915.747,2919.198,3148,No Trade
2025-02-27 00:00:00,2919.255,2919.255,2915.959,2917.167,3359,Sell
2025-02-27 01:00:00,2917.227,2918.418,2911.101,2912.661,9735,Sell
2025-02-27 02:00:00,2912.654,2914.893,2904.407,2906.767,9189,Sell
2025-02-27 03:00:00,2906.86,2909.2,2905.329,2905.809,7059,Sell
2025-02-27 04:00:00,2905.848,2906.635,2896.346,2897.471,7340,Sell
2025-02-27 05:00:00,2897.516,2898.606,2888.651,2891.046,13875,Sell
2025-02-27 06:00:00,2891.055,2898.504,2890.667,2894.242,10891,Sell
2025-02-27 07:00:00,2894.195,2896.815,2888.004,2892.068,11070,No Trade
2025-02-27 08:00:00,2892.024,2892.208,2880.77,2881.527,14326,Sell
2025-02-27 09:00:00,2881.477,2893.61,2877.03,2887.467,12788,No Trade
2025-02-27 10:00:00,2887.496,2895.062,2886.594,2892.228,7366,No Trade
2025-02-27 11:00:00,2892.265,2894.919,2883.494,2884.024,9123,Sell
2025-02-27 12:00:00,2884.134,2888.802,2883.214,2885.18,9483,No Trade
2025-02-27 13:00:00,2885.14,2892.254,2881.125,2888.989,23534,No Trade
2025-02-27 14:00:00,2888.96,2892.532,2867.801,2872.33,29519,Sell
2025-02-27 15:00:00,2872.278,2882.644,2870.502,2872.472,24432,No Trade
2025-02-27 16:00:00,2872.439,2878.317,2871.902,2877.671,12654,No Trade
2025-02-27 17:00:00,2877.639,2883.842,2876.181,2883.255,9887,No Trade
2025-02-27 18:00:00,2883.278,2887.509,2882.959,2887.456,8690,Buy
2025-02-27 19:00:00,2887.556,2887.797,2877.32,2879.29,9996,Sell
2025-02-27 20:00:00,2879.328,2879.418,2872.837,2874.006,12745,Sell
2025-02-27 21:00:00,2873.968,2878.059,2871.408,2877.171,4419,No Trade
2025-02-27 23:00:00,2877.732,2878.52,2874.86,2876.143,4448,Sell
2025-02-28 00:00:00,2876.149,2880.403,2875.0,2877.093,4422,No Trade
2025-02-28 01:00:00,2877.127,2885.114,2873.887,2874.914,11733,Sell
2025-02-28 02:00:00,2874.834,2877.994,2870.419,2873.446,11881,No Trade
2025-02-28 03:00:00,2873.408,2876.369,2863.761,2865.831,10087,Sell
2025-02-28 04:00:00,2865.811,2866.162,2857.029,2863.597,12494,No Trade
2025-02-28 05:00:00,2863.5,2867.052,2861.897,2864.247,9564,No Trade
2025-02-28 06:00:00,2864.271,2866.787,2861.986,2863.632,9070,No Trade
2025-02-28 07:00:00,2863.677,2865.329,2857.421,2858.758,9198,Sell
2025-02-28 08:00:00,2858.719,2860.406,2851.137,2856.046,10422,No Trade
2025-02-28 09:00:00,2855.958,2864.321,2855.795,2862.453,8786,No Trade
2025-02-28 10:00:00,2862.417,2865.004,2860.754,2862.824,6585,No Trade
2025-02-28 11:00:00,2862.89,2863.773,2859.141,2862.254,6130,No Trade
2025-02-28 12:00:00,2862.296,2865.07,2854.374,2856.304,9216,Sell
2025-02-28 13:00:00,2856.353,2862.327,2848.332,2848.702,18010,Sell
2025-02-28 14:00:00,2848.735,2851.77,2833.507,2833.971,23213,Sell
2025-02-28 15:00:00,2833.944,2850.752,2832.658,2850.25,24361,Buy
2025-02-28 16:00:00,2850.273,2853.988,2846.35,2848.663,15733,Sell
2025-02-28 17:00:00,2848.627,2851.657,2844.582,2845.157,10295,Sell
2025-02-28 18:00:00,2845.121,2847.838,2838.151,2845.372,12594,Buy
2025-02-28 19:00:00,2845.408,2851.024,2844.156,2849.687,7599,No Trade
2025-02-28 20:00:00,2849.633,2855.235,2847.87,2854.85,8284,No Trade
2025-02-28 21:00:00,2854.816,2859.777,2853.483,2858.322,4784,No Trade
2025-03-02 23:00:00,2873.636,2877.064,2864.048,2870.879,13996,No Trade
2025-03-03 00:00:00,2870.946,2871.498,2865.266,2865.804,8655,Sell
2025-03-03 01:00:00,2865.89,2872.135,2864.175,2870.882,12178,No Trade
2025-03-03 02:00:00,2870.874,2872.084,2867.835,2868.346,6518,Sell
2025-03-03 03:00:00,2868.302,2868.302,2859.331,2864.868,8749,No Trade
2025-03-03 04:00:00,2864.93,2868.62,2863.151,2867.42,4845,No Trade
2025-03-03 05:00:00,2867.377,2867.513,2861.35,2863.898,5981,Sell
2025-03-03 06:00:00,2863.876,2866.145,2861.882,2865.714,7152,Buy
2025-03-03 07:00:00,2865.739,2866.412,2860.173,2863.288,6744,Sell
2025-03-03 08:00:00,2863.344,2868.882,2858.91,2868.631,9144,Buy
2025-03-03 09:00:00,2868.657,2871.638,2864.404,2867.545,9054,No Trade
2025-03-03 10:00:00,2867.572,2873.705,2867.267,2871.999,6424,No Trade
2025-03-03 11:00:00,2872.041,2875.493,2871.352,2874.488,6142,No Trade
2025-03-03 12:00:00,2874.461,2877.796,2873.999,2875.733,7410,Sell
2025-03-03 13:00:00,2875.694,2876.389,2868.914,2872.749,13355,Sell
2025-03-03 14:00:00,2872.699,2883.138,2871.307,2877.184,15217,Sell
2025-03-03 15:00:00,2877.155,2890.688,2873.919,2887.851,19037,No Trade
2025-03-03 16:00:00,2887.942,2893.233,2886.117,2891.519,9588,No Trade
2025-03-03 17:00:00,2891.486,2893.016,2887.424,2890.906,8111,No Trade
2025-03-03 18:00:00,2890.947,2892.541,2886.708,2890.001,9845,No Trade
2025-03-03 19:00:00,2890.059,2891.365,2879.803,2881.692,9884,Sell
2025-03-03 20:00:00,2881.735,2891.535,2878.383,2890.514,12295,No Trade
2025-03-03 21:00:00,2890.554,2895.347,2890.283,2893.842,4712,No Trade
2025-03-03 23:00:00,2892.276,2893.489,2890.574,2890.966,4219,Sell
2025-03-04 00:00:00,2890.943,2893.814,2890.256,2891.96,4833,No Trade
2025-03-04 01:00:00,2891.921,2893.141,2881.958,2888.43,10960,No Trade
2025-03-04 02:00:00,2888.399,2889.521,2884.778,2885.602,7646,Sell
2025-03-04 03:00:00,2885.552,2893.094,2884.971,2888.686,6980,Sell
2025-03-04 04:00:00,2888.65,2892.793,2886.813,2891.428,5422,No Trade
2025-03-04 05:00:00,2891.325,2894.548,2888.572,2889.793,7470,Sell
2025-03-04 06:00:00,2889.775,2890.045,2884.471,2887.437,6771,Sell
2025-03-04 07:00:00,2887.482,2901.56,2887.09,2900.003,9420,No Trade
2025-03-04 08:00:00,2899.988,2918.796,2896.787,2914.039,14428,No Trade
2025-03-04 09:00:00,2914.114,2921.397,2912.573,2918.229,8978,No Trade
2025-03-04 10:00:00,2918.194,2918.261,2912.188,2914.708,8124,Sell
2025-03-04 11:00:00,2914.747,2921.853,2913.149,2920.018,7259,No Trade
2025-03-04 12:00:00,2920.1,2922.16,2918.772,2922.012,2654,Buy
