time,open,high,low,close,volume,trade_decision
2023-06-26 00:00:00,1925.393,1927.063,1924.795,1926.475,3331,No Trade
2023-06-26 08:00:00,1928.969,1933.344,1928.957,1931.792,4468,No Trade
2023-06-26 10:00:00,1929.881,1933.38,1929.558,1931.964,3260,No Trade
2023-06-26 12:00:00,1931.447,1933.151,1929.863,1931.584,5307,No Trade
2023-06-26 17:00:00,1923.76,1925.275,1923.284,1924.559,3498,No Trade
2023-06-26 20:00:00,1922.88,1923.497,1922.64,1923.187,1357,No Trade
2023-06-27 00:00:00,1922.601,1924.763,1921.697,1922.679,8670,No Trade
2023-06-27 01:00:00,1922.742,1930.372,1922.62,1929.249,13668,No Trade
2023-06-27 02:00:00,1929.28,1929.688,1927.067,1928.791,9822,No Trade
2023-06-27 06:00:00,1925.141,1927.683,1924.193,1927.412,11922,No Trade
2023-06-27 16:00:00,1913.544,1916.597,1912.017,1914.602,13689,No Trade
2023-06-27 20:00:00,1913.816,1913.9,1912.953,1913.589,5496,No Trade
2023-06-27 22:00:00,1914.24,1915.627,1914.013,1914.962,4557,No Trade
2023-06-27 23:00:00,1915.024,1915.879,1914.724,1915.422,5118,No Trade
2023-06-28 00:00:00,1915.489,1917.274,1915.236,1916.204,8529,No Trade
2023-06-28 01:00:00,1916.268,1916.858,1913.483,1915.083,12981,No Trade
2023-06-28 02:00:00,1915.114,1916.075,1913.484,1915.159,10686,No Trade
2023-06-28 07:00:00,1910.921,1912.104,1909.209,1910.929,13617,No Trade
2023-06-28 08:00:00,1910.99,1911.728,1908.156,1909.897,12617,No Trade
2023-06-28 11:00:00,1907.055,1907.879,1905.646,1907.157,11730,No Trade
2023-06-28 12:00:00,1907.221,1908.54,1905.551,1906.923,15075,No Trade
2023-06-28 14:00:00,1909.889,1911.222,1905.148,1907.068,24639,No Trade
2023-06-28 15:00:00,1907.101,1913.278,1906.173,1910.861,18401,No Trade
2023-06-28 16:00:00,1910.892,1912.921,1909.903,1912.244,12885,No Trade
2023-06-28 22:00:00,1907.598,1910.44,1907.331,1909.909,6378,No Trade
2023-06-29 02:00:00,1909.961,1909.961,1904.293,1904.494,12795,No Trade
2023-06-29 04:00:00,1905.487,1906.014,1904.486,1905.296,8094,No Trade
2023-06-29 05:00:00,1905.358,1905.568,1903.158,1904.491,11522,No Trade
2023-06-29 07:00:00,1904.672,1907.473,1902.548,1905.698,13560,No Trade
2023-06-29 08:00:00,1905.793,1908.047,1904.464,1906.15,13026,No Trade
2023-06-29 11:00:00,1909.976,1911.068,1909.185,1910.04,10566,No Trade
2023-06-29 14:00:00,1899.735,1913.062,1899.336,1910.969,34177,No Trade
2023-06-29 16:00:00,1909.016,1910.46,1908.132,1910.304,12822,No Trade
2023-06-29 19:00:00,1907.071,1909.267,1906.246,1907.64,10611,No Trade
2023-06-29 20:00:00,1907.671,1908.403,1907.403,1907.976,4854,No Trade
2023-06-30 03:00:00,1907.896,1909.409,1907.382,1908.289,8265,No Trade
2023-06-30 05:00:00,1908.26,1909.962,1907.141,1907.141,9594,No Trade
2023-06-30 09:00:00,1901.963,1905.456,1901.507,1905.121,11714,No Trade
2023-06-30 11:00:00,1906.346,1906.704,1904.334,1905.277,10302,No Trade
2023-06-30 12:00:00,1905.372,1913.793,1904.63,1911.051,27237,No Trade
2023-06-30 13:00:00,1911.082,1914.545,1909.726,1911.921,29823,No Trade
2023-06-30 15:00:00,1915.51,1919.459,1914.524,1919.018,17736,No Trade
2023-06-30 20:00:00,1920.111,1920.2,1918.136,1919.371,6558,No Trade
2023-07-02 22:00:00,1918.652,1919.684,1918.415,1919.322,1635,No Trade
2023-07-03 01:00:00,1917.182,1918.878,1916.13,1917.406,4119,No Trade
2023-07-03 03:00:00,1914.916,1919.105,1914.758,1918.407,2958,No Trade
2023-07-03 04:00:00,1918.438,1920.233,1917.895,1920.161,2501,No Trade
2023-07-03 08:00:00,1912.255,1913.453,1910.103,1912.072,3826,No Trade
2023-07-03 09:00:00,1912.035,1914.25,1911.729,1913.157,3243,No Trade
2023-07-03 11:00:00,1913.939,1914.418,1911.999,1912.602,3263,No Trade
2023-07-03 13:00:00,1921.944,1927.033,1919.452,1926.096,7462,No Trade
2023-07-03 14:00:00,1926.181,1930.884,1924.293,1930.215,8792,No Trade
2023-07-03 19:00:00,1921.306,1921.889,1921.144,1921.409,984,No Trade
2023-07-03 20:00:00,1921.407,1921.752,1921.126,1921.534,749,No Trade
2023-07-03 23:00:00,1921.283,1921.395,1919.83,1921.281,1041,No Trade
2023-07-04 01:00:00,1921.215,1923.227,1920.124,1921.682,3590,No Trade
2023-07-04 02:00:00,1921.677,1921.979,1920.673,1921.583,2462,No Trade
2023-07-04 03:00:00,1921.589,1923.551,1921.469,1923.012,2365,No Trade
2023-07-04 04:00:00,1923.018,1924.543,1922.796,1924.278,2832,No Trade
2023-07-04 05:00:00,1924.286,1924.72,1923.333,1923.774,2503,No Trade
2023-07-04 06:00:00,1923.771,1927.569,1923.49,1927.509,3506,No Trade
2023-07-04 09:00:00,1928.601,1930.685,1928.579,1929.824,3360,No Trade
2023-07-04 11:00:00,1928.892,1929.699,1927.705,1928.574,2898,No Trade
2023-07-04 13:00:00,1926.824,1928.982,1926.199,1928.305,3263,No Trade
2023-07-04 15:00:00,1928.148,1928.211,1926.935,1927.093,2390,No Trade
2023-07-04 17:00:00,1924.248,1925.872,1924.058,1925.549,1126,No Trade
2023-07-05 00:00:00,1926.347,1927.158,1925.839,1926.763,2289,No Trade
2023-07-05 01:00:00,1926.761,1926.848,1924.056,1924.215,3264,No Trade
2023-07-05 04:00:00,1924.458,1926.039,1924.265,1925.595,2126,No Trade
2023-07-05 05:00:00,1925.594,1926.512,1925.045,1925.592,2906,No Trade
2023-07-05 08:00:00,1927.484,1928.134,1925.248,1927.025,3684,No Trade
2023-07-05 11:00:00,1927.375,1928.297,1926.288,1927.571,3095,No Trade
2023-07-05 23:00:00,1916.329,1917.27,1915.647,1916.872,1861,No Trade
2023-07-06 00:00:00,1916.884,1917.74,1916.16,1917.409,2674,No Trade
2023-07-06 01:00:00,1917.409,1919.689,1916.464,1919.561,3968,No Trade
2023-07-06 05:00:00,1917.912,1921.233,1917.821,1920.152,3314,No Trade
2023-07-06 06:00:00,1920.143,1921.545,1919.265,1920.535,3485,No Trade
2023-07-06 07:00:00,1920.534,1921.213,1918.976,1919.01,3835,No Trade
2023-07-06 08:00:00,1919.018,1919.781,1916.219,1918.132,3670,No Trade
2023-07-06 13:00:00,1906.39,1914.977,1904.74,1910.905,10933,No Trade
2023-07-06 14:00:00,1910.787,1910.903,1902.828,1907.938,11005,No Trade
2023-07-06 15:00:00,1907.971,1911.706,1907.231,1911.55,5932,No Trade
2023-07-06 20:00:00,1910.292,1911.046,1909.977,1910.987,1621,No Trade
2023-07-06 23:00:00,1911.053,1912.289,1911.053,1911.616,1455,No Trade
2023-07-07 02:00:00,1910.687,1911.67,1909.943,1910.949,2664,No Trade
2023-07-07 03:00:00,1910.951,1912.265,1910.328,1911.194,2751,No Trade
2023-07-07 04:00:00,1911.191,1912.381,1910.312,1912.189,2187,No Trade
2023-07-07 05:00:00,1912.183,1914.605,1911.978,1914.359,3350,No Trade
2023-07-07 07:00:00,1913.358,1916.521,1912.112,1914.638,4181,No Trade
2023-07-07 08:00:00,1914.668,1915.826,1913.391,1915.676,3493,No Trade
2023-07-07 09:00:00,1915.663,1916.843,1914.519,1916.124,3489,No Trade
2023-07-07 10:00:00,1916.145,1917.814,1915.246,1916.324,3236,No Trade
2023-07-07 11:00:00,1916.358,1918.406,1915.96,1917.583,3217,No Trade
2023-07-07 13:00:00,1918.903,1927.709,1915.557,1923.262,11443,No Trade
2023-07-07 17:00:00,1926.984,1928.104,1926.12,1927.052,3626,No Trade
2023-07-07 18:00:00,1927.05,1927.302,1925.461,1926.426,2962,No Trade
2023-07-07 20:00:00,1924.777,1925.51,1924.316,1925.439,1737,No Trade
2023-07-10 00:00:00,1924.958,1925.346,1922.946,1924.307,3232,No Trade
2023-07-10 02:00:00,1925.013,1925.55,1924.191,1925.115,3259,No Trade
2023-07-10 06:00:00,1920.296,1924.485,1919.418,1923.489,3753,No Trade
2023-07-10 07:00:00,1923.52,1925.758,1922.75,1924.945,3600,No Trade
2023-07-10 10:00:00,1923.343,1924.48,1922.762,1923.675,2850,No Trade
2023-07-10 11:00:00,1923.661,1925.78,1923.045,1924.721,3254,No Trade
2023-07-10 13:00:00,1914.031,1924.545,1914.001,1923.089,8469,No Trade
2023-07-10 15:00:00,1922.078,1924.054,1921.536,1923.622,4760,No Trade
2023-07-10 16:00:00,1923.613,1926.011,1922.75,1925.634,3722,No Trade
2023-07-10 18:00:00,1925.731,1926.143,1924.94,1925.823,2751,No Trade
2023-07-10 19:00:00,1925.854,1926.506,1924.99,1925.898,2610,No Trade
2023-07-10 23:00:00,1925.168,1925.65,1924.462,1924.921,1332,No Trade
2023-07-11 00:00:00,1924.922,1927.197,1924.506,1926.386,2814,No Trade
2023-07-11 02:00:00,1925.592,1927.901,1924.931,1927.835,3245,No Trade
2023-07-11 04:00:00,1926.721,1929.491,1926.455,1929.461,2742,No Trade
2023-07-11 05:00:00,1929.468,1930.118,1928.213,1929.069,3274,No Trade
2023-07-11 06:00:00,1929.105,1938.227,1928.904,1936.263,5251,No Trade
2023-07-11 08:00:00,1932.328,1937.403,1932.036,1936.718,3950,No Trade
2023-07-11 11:00:00,1935.254,1937.564,1934.791,1936.366,3280,No Trade
2023-07-11 18:00:00,1932.127,1932.363,1930.586,1931.984,2609,No Trade
2023-07-11 19:00:00,1932.015,1932.612,1931.64,1932.573,2470,No Trade
2023-07-11 22:00:00,1932.328,1933.861,1932.288,1933.45,1323,No Trade
2023-07-11 23:00:00,1933.451,1933.61,1932.973,1933.34,1410,No Trade
2023-07-12 00:00:00,1933.344,1936.265,1933.271,1935.764,2970,No Trade
2023-07-12 02:00:00,1937.642,1941.03,1936.793,1940.152,3589,No Trade
2023-07-12 05:00:00,1938.976,1940.268,1937.924,1938.656,3229,No Trade
2023-07-12 07:00:00,1934.847,1936.14,1933.936,1934.741,3607,No Trade
2023-07-12 08:00:00,1934.741,1936.486,1933.794,1934.837,3378,No Trade
2023-07-12 09:00:00,1934.83,1936.36,1934.463,1935.472,2769,No Trade
2023-07-12 11:00:00,1934.336,1936.457,1933.508,1934.728,3356,No Trade
2023-07-12 12:00:00,1934.724,1949.971,1933.628,1943.281,12125,No Trade
2023-07-12 13:00:00,1943.249,1957.337,1940.946,1956.047,11372,No Trade
2023-07-12 15:00:00,1957.721,1958.401,1953.388,1955.761,5387,No Trade
2023-07-12 22:00:00,1957.267,1958.402,1956.986,1957.781,1546,No Trade
2023-07-12 23:00:00,1957.779,1958.0,1957.471,1957.813,1451,No Trade
2023-07-13 01:00:00,1957.103,1959.866,1956.461,1959.672,4062,No Trade
2023-07-13 02:00:00,1959.664,1961.752,1958.715,1960.183,3477,No Trade
2023-07-13 03:00:00,1960.183,1961.124,1958.932,1960.368,3201,No Trade
2023-07-13 07:00:00,1962.847,1963.402,1959.418,1961.845,4307,No Trade
2023-07-13 11:00:00,1960.577,1960.722,1958.016,1959.968,3411,No Trade
2023-07-13 12:00:00,1959.968,1963.53,1952.459,1957.613,10490,No Trade
2023-07-13 13:00:00,1957.646,1961.38,1956.777,1958.598,8841,No Trade
2023-07-13 14:00:00,1958.565,1961.896,1957.622,1960.891,6568,No Trade
2023-07-13 16:00:00,1955.074,1959.798,1954.844,1958.919,4555,No Trade
2023-07-13 18:00:00,1960.078,1960.865,1958.898,1959.932,3049,No Trade
2023-07-13 19:00:00,1959.932,1960.583,1959.636,1960.086,2674,No Trade
2023-07-13 20:00:00,1960.124,1960.772,1959.92,1960.632,1459,No Trade
2023-07-14 00:00:00,1960.224,1960.683,1958.424,1959.437,3125,No Trade
2023-07-14 01:00:00,1959.405,1963.282,1958.531,1962.892,4265,No Trade
2023-07-14 03:00:00,1961.736,1963.162,1961.18,1962.645,2846,No Trade
2023-07-14 09:00:00,1956.204,1957.356,1955.357,1955.999,3244,No Trade
2023-07-14 10:00:00,1955.971,1957.092,1955.249,1956.163,3187,No Trade
2023-07-14 11:00:00,1956.195,1960.103,1956.195,1959.325,3345,No Trade
2023-07-14 20:00:00,1954.428,1955.74,1954.383,1955.324,1964,No Trade
2023-07-16 22:00:00,1955.075,1955.075,1953.019,1953.181,1879,No Trade
2023-07-17 00:00:00,1953.381,1954.786,1952.495,1954.682,2888,No Trade
2023-07-17 01:00:00,1954.685,1956.009,1952.048,1952.717,3824,No Trade
2023-07-17 03:00:00,1953.615,1953.815,1951.046,1952.155,2612,No Trade
2023-07-17 04:00:00,1952.156,1953.676,1951.521,1953.657,2117,No Trade
2023-07-17 08:00:00,1952.324,1957.534,1952.002,1955.845,4201,No Trade
2023-07-17 09:00:00,1955.881,1959.272,1954.37,1958.74,3673,No Trade
2023-07-17 11:00:00,1957.297,1958.133,1956.735,1957.702,3146,No Trade
2023-07-17 14:00:00,1950.569,1954.264,1949.316,1954.065,5924,No Trade
2023-07-17 18:00:00,1955.262,1956.022,1954.781,1955.674,2494,No Trade
2023-07-17 19:00:00,1955.666,1956.41,1954.618,1955.434,2484,No Trade
2023-07-17 20:00:00,1955.4,1955.542,1954.446,1955.027,1342,No Trade
2023-07-18 00:00:00,1955.496,1956.882,1954.777,1955.515,2618,No Trade
2023-07-18 02:00:00,1957.199,1959.017,1955.892,1959.017,3328,No Trade
2023-07-18 03:00:00,1959.039,1960.676,1958.685,1959.864,3007,No Trade
2023-07-18 06:00:00,1959.335,1961.958,1957.875,1961.741,4027,No Trade
2023-07-18 08:00:00,1961.582,1963.055,1960.618,1961.732,3881,No Trade
2023-07-18 09:00:00,1961.764,1963.36,1961.275,1963.05,3225,No Trade
2023-07-18 10:00:00,1963.053,1964.37,1961.879,1963.155,3070,No Trade
2023-07-18 11:00:00,1963.152,1972.113,1961.076,1963.089,5496,No Trade
2023-07-18 12:00:00,1963.119,1971.051,1960.836,1968.813,10701,No Trade
2023-07-18 16:00:00,1978.189,1981.538,1977.026,1977.96,4469,No Trade
2023-07-18 18:00:00,1976.334,1977.655,1975.393,1976.846,3022,No Trade
2023-07-18 19:00:00,1976.848,1978.186,1976.311,1977.819,2735,No Trade
2023-07-18 20:00:00,1977.796,1979.009,1977.464,1978.883,1599,No Trade
2023-07-18 22:00:00,1978.888,1979.226,1978.562,1978.841,1282,No Trade
2023-07-19 06:00:00,1978.211,1979.94,1973.071,1976.693,5189,No Trade
2023-07-19 11:00:00,1974.964,1975.929,1971.618,1973.804,3747,No Trade
2023-07-19 12:00:00,1973.823,1979.618,1973.669,1977.606,5966,No Trade
2023-07-19 13:00:00,1977.604,1979.922,1975.67,1977.143,6653,No Trade
2023-07-19 14:00:00,1977.111,1978.097,1969.857,1974.625,6921,No Trade
2023-07-19 15:00:00,1974.62,1976.489,1972.561,1973.906,4833,No Trade
2023-07-19 16:00:00,1973.903,1977.954,1972.149,1977.598,3915,No Trade
2023-07-19 17:00:00,1977.576,1978.961,1976.275,1977.364,3503,No Trade
2023-07-19 19:00:00,1977.89,1978.606,1977.664,1978.539,2641,No Trade
2023-07-19 22:00:00,1975.933,1978.977,1975.5,1977.486,1762,No Trade
2023-07-20 00:00:00,1977.761,1979.349,1977.399,1979.137,2968,No Trade
2023-07-20 06:00:00,1980.844,1982.385,1979.048,1980.623,4129,No Trade
2023-07-20 08:00:00,1979.234,1983.909,1978.241,1981.662,4047,No Trade
2023-07-20 11:00:00,1980.623,1982.413,1979.42,1981.507,3342,No Trade
2023-07-20 16:00:00,1968.704,1969.026,1965.42,1968.017,4207,No Trade
2023-07-20 17:00:00,1968.022,1970.998,1968.022,1970.636,3730,No Trade
2023-07-20 20:00:00,1968.781,1969.842,1968.535,1969.505,1417,No Trade
2023-07-20 22:00:00,1970.296,1970.8,1970.146,1970.693,1102,No Trade
2023-07-20 23:00:00,1970.693,1972.92,1970.691,1972.297,1787,No Trade
2023-07-21 00:00:00,1972.327,1973.446,1971.727,1973.032,2868,No Trade
2023-07-21 05:00:00,1970.014,1970.481,1968.171,1969.383,2878,No Trade
2023-07-21 09:00:00,1961.521,1964.607,1961.156,1964.018,4571,No Trade
2023-07-21 10:00:00,1964.003,1964.483,1962.273,1963.901,3465,No Trade
2023-07-21 11:00:00,1963.87,1966.845,1962.282,1965.84,3723,No Trade
2023-07-21 13:00:00,1963.145,1964.428,1958.402,1961.603,7726,No Trade
2023-07-21 15:00:00,1959.805,1962.878,1956.82,1960.357,5217,No Trade
2023-07-21 19:00:00,1963.212,1963.214,1961.729,1962.545,2654,No Trade
2023-07-24 01:00:00,1961.837,1962.723,1959.198,1961.521,4186,No Trade
2023-07-24 12:00:00,1965.087,1967.707,1964.012,1967.47,4818,No Trade
2023-07-24 13:00:00,1967.501,1967.602,1959.187,1959.488,8377,No Trade
2023-07-24 14:00:00,1959.518,1962.455,1957.198,1961.453,7745,No Trade
2023-07-24 16:00:00,1959.738,1961.507,1958.414,1959.934,4357,No Trade
2023-07-24 19:00:00,1955.004,1955.123,1953.525,1954.401,2689,No Trade
2023-07-24 20:00:00,1954.436,1955.501,1954.137,1954.724,1560,No Trade
2023-07-24 22:00:00,1954.933,1955.513,1954.771,1955.025,1438,No Trade
2023-07-24 23:00:00,1955.025,1955.025,1953.274,1954.493,1587,No Trade
2023-07-25 00:00:00,1954.494,1955.681,1953.954,1955.359,2748,No Trade
2023-07-25 05:00:00,1960.633,1963.236,1960.535,1962.668,3148,No Trade
2023-07-25 06:00:00,1962.637,1964.198,1960.586,1962.451,4125,No Trade
2023-07-25 07:00:00,1962.421,1962.881,1959.739,1961.269,4277,No Trade
2023-07-25 08:00:00,1961.235,1963.42,1959.454,1962.961,4366,No Trade
2023-07-25 12:00:00,1960.82,1963.429,1956.159,1959.495,5404,No Trade
2023-07-25 15:00:00,1961.886,1965.476,1961.702,1964.346,4514,No Trade
2023-07-25 17:00:00,1962.474,1963.921,1961.366,1962.219,3131,No Trade
2023-07-25 18:00:00,1962.22,1964.145,1962.163,1963.591,2788,No Trade
2023-07-25 19:00:00,1963.56,1965.289,1963.56,1964.531,2614,No Trade
2023-07-25 20:00:00,1964.498,1965.284,1964.287,1964.714,1788,No Trade
2023-07-25 23:00:00,1964.615,1965.953,1964.615,1965.384,1624,No Trade
2023-07-26 01:00:00,1964.968,1965.674,1962.102,1963.883,4103,No Trade
2023-07-26 02:00:00,1963.882,1964.766,1962.441,1964.11,2865,No Trade
2023-07-26 03:00:00,1964.105,1964.756,1963.306,1963.98,2534,No Trade
2023-07-26 05:00:00,1963.162,1965.163,1962.487,1965.047,2773,No Trade
2023-07-26 06:00:00,1965.015,1970.998,1964.534,1969.626,4256,No Trade
2023-07-26 08:00:00,1970.713,1972.533,1970.192,1972.161,3475,No Trade
2023-07-26 12:00:00,1972.138,1974.183,1971.305,1972.347,4672,No Trade
2023-07-26 15:00:00,1969.043,1975.125,1968.583,1972.447,5239,No Trade
2023-07-26 17:00:00,1970.348,1970.468,1967.781,1969.431,3349,No Trade
2023-07-26 18:00:00,1969.403,1978.343,1965.746,1977.292,13890,No Trade
2023-07-26 19:00:00,1977.303,1977.546,1971.821,1974.907,6959,No Trade
2023-07-26 20:00:00,1974.877,1974.877,1972.107,1972.233,2133,No Trade
2023-07-26 22:00:00,1971.971,1974.848,1971.042,1973.551,2570,No Trade
2023-07-27 07:00:00,1974.874,1982.181,1974.323,1979.992,4945,No Trade
2023-07-27 08:00:00,1980.022,1981.153,1975.839,1975.94,4078,No Trade
2023-07-27 09:00:00,1975.953,1978.101,1973.657,1975.441,3925,No Trade
2023-07-27 10:00:00,1975.442,1976.91,1975.029,1976.239,3283,No Trade
2023-07-27 11:00:00,1976.241,1979.101,1975.618,1979.089,3320,No Trade
2023-07-27 12:00:00,1979.102,1979.166,1957.965,1960.231,10952,No Trade
2023-07-27 13:00:00,1960.262,1960.454,1943.284,1945.395,14040,No Trade
2023-07-27 14:00:00,1945.429,1947.874,1942.742,1944.648,8770,No Trade
2023-07-27 15:00:00,1944.657,1947.462,1943.891,1946.98,4835,No Trade
2023-07-27 17:00:00,1944.352,1949.732,1943.478,1948.809,7936,No Trade
2023-07-27 20:00:00,1944.207,1945.45,1943.473,1945.13,2022,No Trade
2023-07-27 22:00:00,1946.504,1947.673,1946.285,1946.979,1970,No Trade
2023-07-28 00:00:00,1947.511,1947.947,1946.154,1947.031,3492,No Trade
2023-07-28 01:00:00,1947.021,1951.272,1946.718,1951.074,4551,No Trade
2023-07-28 03:00:00,1952.177,1955.02,1950.274,1954.285,12583,No Trade
2023-07-28 05:00:00,1951.951,1953.422,1950.731,1952.779,4969,No Trade
2023-07-28 06:00:00,1952.746,1953.606,1950.099,1951.634,5763,No Trade
2023-07-28 08:00:00,1949.766,1950.474,1947.919,1949.566,4298,No Trade
2023-07-28 09:00:00,1949.565,1953.773,1948.419,1951.973,4108,No Trade
2023-07-28 10:00:00,1952.006,1954.645,1951.082,1953.182,3493,No Trade
2023-07-28 11:00:00,1953.166,1958.06,1953.124,1956.678,4064,No Trade
2023-07-28 14:00:00,1956.027,1960.667,1955.12,1960.286,7394,No Trade
2023-07-28 20:00:00,1959.149,1959.647,1958.703,1959.284,1454,No Trade
2023-07-30 22:00:00,1959.975,1960.57,1959.478,1960.168,1533,No Trade
2023-07-30 23:00:00,1960.17,1960.275,1957.473,1958.17,2429,No Trade
2023-07-31 00:00:00,1958.154,1958.928,1956.466,1958.284,2922,No Trade
2023-07-31 06:00:00,1955.118,1957.075,1953.695,1954.945,3782,No Trade
2023-07-31 07:00:00,1954.975,1956.317,1953.314,1954.923,4046,No Trade
2023-07-31 08:00:00,1954.946,1955.987,1950.858,1953.547,3847,No Trade
2023-07-31 11:00:00,1958.485,1961.141,1958.041,1959.13,3471,No Trade
2023-07-31 12:00:00,1959.16,1967.069,1957.577,1965.568,5797,No Trade
2023-07-31 13:00:00,1965.57,1972.426,1962.894,1971.482,6984,No Trade
2023-07-31 15:00:00,1967.338,1971.687,1966.754,1970.736,4096,No Trade
2023-07-31 20:00:00,1964.614,1966.039,1964.614,1965.507,1984,No Trade
2023-07-31 22:00:00,1965.846,1966.044,1964.679,1965.635,1424,No Trade
2023-07-31 23:00:00,1965.642,1965.747,1963.946,1964.007,1743,No Trade
2023-08-01 01:00:00,1963.459,1963.966,1960.792,1961.041,3348,No Trade
2023-08-01 03:00:00,1960.601,1962.734,1959.812,1962.239,2951,No Trade
2023-08-01 06:00:00,1958.995,1959.22,1955.96,1957.698,3607,No Trade
2023-08-01 08:00:00,1955.504,1957.287,1954.787,1955.903,3890,No Trade
2023-08-01 10:00:00,1956.93,1957.487,1954.564,1956.317,3320,No Trade
2023-08-01 14:00:00,1948.057,1953.733,1943.579,1946.699,9820,No Trade
2023-08-01 15:00:00,1946.71,1946.811,1941.432,1944.299,4913,No Trade
2023-08-01 17:00:00,1943.18,1943.656,1941.309,1942.817,2920,No Trade
2023-08-01 18:00:00,1942.813,1945.52,1942.813,1944.356,2540,No Trade
2023-08-01 22:00:00,1949.71,1951.927,1948.632,1951.231,5250,No Trade
2023-08-01 23:00:00,1951.235,1952.958,1950.601,1952.246,3023,No Trade
2023-08-02 00:00:00,1952.24,1952.481,1948.466,1949.369,3569,No Trade
2023-08-02 04:00:00,1949.368,1949.44,1945.383,1946.448,2509,No Trade
2023-08-02 05:00:00,1946.448,1949.999,1946.447,1948.971,3608,No Trade
2023-08-02 06:00:00,1949.003,1950.451,1948.063,1949.119,3832,No Trade
2023-08-02 09:00:00,1949.893,1951.334,1948.444,1949.673,3479,No Trade
2023-08-02 10:00:00,1949.675,1953.085,1948.36,1952.712,2981,No Trade
2023-08-02 13:00:00,1945.668,1947.748,1943.615,1945.16,7205,No Trade
2023-08-02 15:00:00,1935.942,1936.997,1933.015,1935.62,5835,No Trade
2023-08-02 16:00:00,1935.589,1938.501,1935.187,1935.71,4072,No Trade
2023-08-02 18:00:00,1936.659,1936.86,1935.722,1936.547,2355,No Trade
2023-08-02 19:00:00,1936.545,1936.95,1935.079,1935.294,2367,No Trade
2023-08-02 22:00:00,1935.161,1937.027,1934.85,1936.498,1752,No Trade
2023-08-03 01:00:00,1935.591,1938.922,1935.21,1936.911,3302,No Trade
2023-08-03 04:00:00,1937.349,1938.0,1933.992,1934.086,2967,No Trade
2023-08-03 05:00:00,1934.104,1935.675,1933.055,1935.219,3846,No Trade
2023-08-03 07:00:00,1933.574,1938.306,1930.942,1936.973,5082,No Trade
2023-08-03 09:00:00,1937.855,1937.877,1935.542,1936.209,3620,No Trade
2023-08-03 11:00:00,1934.437,1937.156,1933.236,1935.101,4460,No Trade
2023-08-03 12:00:00,1935.1,1938.443,1929.596,1932.944,9934,No Trade
2023-08-03 13:00:00,1932.976,1937.841,1930.446,1932.403,8803,No Trade
2023-08-03 16:00:00,1933.121,1935.982,1932.917,1935.744,3337,No Trade
2023-08-03 17:00:00,1935.731,1935.917,1933.327,1934.821,2912,No Trade
2023-08-03 19:00:00,1933.204,1934.543,1932.59,1934.312,2305,No Trade
2023-08-03 20:00:00,1934.307,1934.786,1934.025,1934.269,1479,No Trade
2023-08-04 01:00:00,1936.815,1938.064,1935.632,1936.581,3840,No Trade
2023-08-04 03:00:00,1935.227,1936.616,1934.42,1935.26,2525,No Trade
2023-08-04 04:00:00,1935.26,1935.586,1933.291,1934.617,2625,No Trade
2023-08-04 05:00:00,1934.629,1937.529,1934.327,1936.341,2889,No Trade
2023-08-04 06:00:00,1936.348,1936.443,1932.194,1933.132,3694,No Trade
2023-08-04 07:00:00,1933.099,1934.172,1932.218,1932.932,3834,No Trade
2023-08-04 09:00:00,1932.479,1934.242,1932.27,1933.558,2928,No Trade
2023-08-04 10:00:00,1933.589,1933.872,1931.319,1932.757,3074,No Trade
2023-08-04 11:00:00,1932.8,1933.453,1931.381,1932.369,3210,No Trade
2023-08-04 12:00:00,1932.37,1942.694,1925.426,1939.111,12447,No Trade
2023-08-04 13:00:00,1939.08,1946.917,1938.789,1943.504,12580,No Trade
2023-08-04 14:00:00,1943.47,1944.064,1938.886,1939.097,7161,No Trade
2023-08-04 15:00:00,1939.071,1944.034,1937.613,1942.772,4593,No Trade
2023-08-04 18:00:00,1942.021,1942.175,1939.879,1941.32,2831,No Trade
2023-08-04 19:00:00,1941.356,1942.679,1940.777,1941.438,2633,No Trade
2023-08-04 20:00:00,1941.406,1943.379,1941.238,1942.583,1956,No Trade
2023-08-07 00:00:00,1943.885,1945.367,1943.047,1944.374,2504,No Trade
2023-08-07 01:00:00,1944.374,1944.374,1941.267,1942.457,3383,No Trade
2023-08-07 04:00:00,1939.399,1939.548,1937.515,1938.889,2405,No Trade
2023-08-07 05:00:00,1938.884,1938.994,1936.239,1936.626,2824,No Trade
2023-08-07 06:00:00,1936.63,1938.203,1935.441,1937.206,3708,No Trade
2023-08-07 07:00:00,1937.201,1938.163,1935.536,1936.828,3785,No Trade
2023-08-07 08:00:00,1936.814,1936.843,1934.542,1936.249,3393,No Trade
2023-08-07 09:00:00,1936.262,1937.663,1934.278,1934.337,3146,No Trade
2023-08-07 10:00:00,1934.306,1935.662,1933.46,1935.311,3425,No Trade
2023-08-07 11:00:00,1935.331,1936.433,1933.862,1936.28,3046,No Trade
2023-08-07 13:00:00,1938.041,1941.753,1933.57,1933.656,5796,No Trade
2023-08-07 14:00:00,1933.622,1936.961,1931.577,1934.234,5511,No Trade
2023-08-07 15:00:00,1934.209,1935.449,1931.971,1932.56,3972,No Trade
2023-08-07 16:00:00,1932.564,1935.013,1932.174,1934.472,3168,No Trade
2023-08-07 17:00:00,1934.441,1937.047,1934.204,1936.075,2682,No Trade
2023-08-07 18:00:00,1936.077,1937.141,1935.706,1937.032,2585,No Trade
2023-08-07 19:00:00,1937.033,1937.691,1936.221,1936.75,2230,No Trade
2023-08-07 22:00:00,1936.729,1937.39,1935.661,1936.122,1514,No Trade
2023-08-07 23:00:00,1936.123,1938.131,1936.123,1936.832,1782,No Trade
2023-08-08 00:00:00,1936.863,1937.405,1935.218,1935.793,2424,No Trade
2023-08-08 01:00:00,1935.792,1935.792,1931.584,1931.677,3749,No Trade
2023-08-08 02:00:00,1931.668,1935.268,1931.187,1934.991,3520,No Trade
2023-08-08 03:00:00,1934.99,1935.282,1933.01,1933.205,2653,No Trade
2023-08-08 04:00:00,1933.174,1934.71,1932.673,1934.496,2173,No Trade
2023-08-08 07:00:00,1933.195,1934.358,1930.291,1930.493,4206,No Trade
2023-08-08 09:00:00,1935.153,1935.615,1932.841,1934.99,3777,No Trade
2023-08-08 13:00:00,1925.435,1928.959,1922.723,1926.463,7570,No Trade
2023-08-08 14:00:00,1926.427,1932.012,1924.943,1927.179,6047,No Trade
2023-08-08 17:00:00,1925.411,1926.444,1923.661,1925.584,3433,No Trade
2023-08-08 18:00:00,1925.584,1926.28,1924.429,1925.38,2650,No Trade
2023-08-08 22:00:00,1925.097,1925.573,1924.651,1925.075,1021,No Trade
2023-08-08 23:00:00,1925.078,1925.799,1924.903,1925.669,1176,No Trade
2023-08-09 01:00:00,1925.105,1929.102,1924.306,1927.698,3573,No Trade
2023-08-09 02:00:00,1927.72,1930.663,1927.522,1929.7,3169,No Trade
2023-08-09 03:00:00,1929.706,1930.916,1928.589,1930.211,2866,No Trade
2023-08-09 04:00:00,1930.203,1931.106,1929.612,1930.43,2284,No Trade
2023-08-09 05:00:00,1930.457,1932.216,1930.218,1931.238,2892,No Trade
2023-08-09 06:00:00,1931.227,1932.317,1928.7,1930.246,3209,No Trade
2023-08-09 07:00:00,1930.201,1931.365,1929.477,1930.643,3472,No Trade
2023-08-09 11:00:00,1925.252,1926.157,1923.274,1924.629,3140,No Trade
2023-08-09 12:00:00,1924.588,1926.345,1922.113,1924.953,5170,No Trade
2023-08-09 15:00:00,1917.299,1918.695,1915.615,1916.753,5182,No Trade
2023-08-09 18:00:00,1916.434,1916.528,1915.513,1916.219,2582,No Trade
2023-08-09 20:00:00,1915.562,1915.726,1914.127,1914.92,1591,No Trade
2023-08-09 22:00:00,1914.876,1916.564,1914.723,1916.373,1555,No Trade
2023-08-09 23:00:00,1916.374,1916.992,1916.351,1916.788,1209,No Trade
2023-08-10 01:00:00,1917.071,1919.009,1915.463,1918.064,3653,No Trade
2023-08-10 03:00:00,1917.119,1919.129,1917.012,1918.737,2401,No Trade
2023-08-10 05:00:00,1916.809,1919.203,1915.855,1918.49,2817,No Trade
2023-08-10 06:00:00,1918.477,1919.106,1915.629,1918.094,3438,No Trade
2023-08-10 07:00:00,1918.063,1920.676,1917.393,1919.416,3747,No Trade
2023-08-10 08:00:00,1919.414,1921.293,1918.675,1919.434,3456,No Trade
2023-08-10 09:00:00,1919.481,1921.557,1919.212,1920.97,2720,No Trade
2023-08-10 10:00:00,1920.966,1922.378,1919.9,1921.81,2883,No Trade
2023-08-10 11:00:00,1921.843,1922.728,1920.878,1921.917,3217,No Trade
2023-08-10 12:00:00,1921.911,1929.851,1921.264,1926.333,12320,No Trade
2023-08-10 15:00:00,1915.08,1920.365,1912.972,1920.061,5448,No Trade
2023-08-10 16:00:00,1920.095,1921.76,1919.56,1920.603,3711,No Trade
2023-08-10 18:00:00,1913.738,1915.113,1912.939,1915.001,3673,No Trade
2023-08-10 22:00:00,1912.83,1913.454,1912.135,1912.792,1583,No Trade
2023-08-11 00:00:00,1912.458,1915.187,1911.958,1914.745,1940,No Trade
2023-08-11 01:00:00,1914.712,1915.734,1914.368,1915.588,3193,No Trade
2023-08-11 03:00:00,1914.792,1915.661,1913.1,1914.681,2583,No Trade
2023-08-11 05:00:00,1913.512,1915.997,1912.802,1915.753,2892,No Trade
2023-08-11 07:00:00,1916.353,1918.065,1915.852,1917.951,3608,No Trade
2023-08-11 10:00:00,1918.033,1918.444,1917.183,1918.028,2519,No Trade
2023-08-11 11:00:00,1918.007,1919.141,1917.474,1919.054,2753,No Trade
2023-08-11 13:00:00,1916.115,1917.822,1913.002,1916.249,6957,No Trade
2023-08-11 14:00:00,1916.547,1920.892,1915.431,1918.669,7880,No Trade
2023-08-11 16:00:00,1914.092,1915.316,1913.607,1914.384,3325,No Trade
2023-08-11 18:00:00,1913.314,1913.892,1912.544,1913.439,2364,No Trade
2023-08-13 22:00:00,1913.766,1915.281,1913.45,1913.763,1544,No Trade
2023-08-13 23:00:00,1913.767,1914.456,1912.495,1913.72,1767,No Trade
2023-08-14 00:00:00,1913.72,1913.819,1910.775,1911.102,2828,No Trade
2023-08-14 01:00:00,1911.089,1912.966,1910.16,1911.612,4026,No Trade
2023-08-14 02:00:00,1911.579,1912.783,1910.672,1912.075,3152,No Trade
2023-08-14 03:00:00,1912.042,1913.637,1911.643,1912.796,2665,No Trade
2023-08-14 04:00:00,1912.794,1913.205,1911.866,1912.455,2144,No Trade
2023-08-14 05:00:00,1912.463,1914.615,1912.0,1913.002,2723,No Trade
2023-08-14 07:00:00,1912.114,1916.013,1910.722,1914.508,4484,No Trade
2023-08-14 10:00:00,1914.022,1915.018,1913.262,1914.463,2744,No Trade
2023-08-14 12:00:00,1914.022,1914.078,1906.02,1910.416,7108,No Trade
2023-08-14 14:00:00,1904.261,1911.631,1903.305,1908.536,6536,No Trade
2023-08-14 15:00:00,1908.554,1911.381,1908.266,1910.712,4290,No Trade
2023-08-14 16:00:00,1910.681,1913.255,1910.681,1911.956,3707,No Trade
2023-08-14 20:00:00,1907.623,1907.934,1906.979,1907.515,1297,No Trade
2023-08-14 22:00:00,1907.359,1907.823,1907.228,1907.618,1057,No Trade
2023-08-15 01:00:00,1907.229,1908.201,1903.836,1906.142,4474,No Trade
2023-08-15 02:00:00,1906.142,1906.953,1904.787,1906.142,3564,No Trade
2023-08-15 03:00:00,1906.114,1907.719,1905.618,1907.224,2483,No Trade
2023-08-15 04:00:00,1907.225,1907.421,1906.534,1906.641,1795,No Trade
2023-08-15 05:00:00,1906.634,1907.555,1904.254,1905.206,3301,No Trade
2023-08-15 06:00:00,1905.237,1907.14,1904.021,1905.091,3969,No Trade
2023-08-15 07:00:00,1905.059,1905.549,1903.579,1905.021,3912,No Trade
2023-08-15 08:00:00,1905.026,1905.219,1903.164,1904.295,3792,No Trade
2023-08-15 10:00:00,1904.518,1904.949,1902.689,1903.97,3349,No Trade
2023-08-15 12:00:00,1904.267,1905.875,1896.423,1903.501,9085,No Trade
2023-08-15 13:00:00,1903.531,1907.5,1900.157,1903.827,8932,No Trade
2023-08-15 14:00:00,1903.857,1911.663,1902.715,1910.056,7869,No Trade
2023-08-15 17:00:00,1903.7,1905.539,1903.355,1904.459,3633,No Trade
2023-08-15 18:00:00,1904.489,1905.385,1902.574,1902.675,2921,No Trade
2023-08-15 23:00:00,1901.533,1902.283,1900.344,1901.519,1653,No Trade
2023-08-16 00:00:00,1901.512,1902.524,1901.035,1902.319,2206,No Trade
2023-08-16 01:00:00,1902.295,1904.178,1900.61,1902.838,3794,No Trade
2023-08-16 02:00:00,1902.802,1904.783,1902.566,1903.876,3139,No Trade
2023-08-16 04:00:00,1904.161,1904.683,1902.841,1904.036,1957,No Trade
2023-08-16 05:00:00,1904.037,1905.499,1903.519,1905.186,2852,No Trade
2023-08-16 06:00:00,1905.189,1906.608,1904.759,1905.574,3441,No Trade
2023-08-16 07:00:00,1905.595,1905.741,1902.911,1904.61,3584,No Trade
2023-08-16 10:00:00,1906.127,1906.826,1905.742,1906.15,2787,No Trade
2023-08-16 13:00:00,1900.823,1906.483,1899.408,1904.276,6480,No Trade
2023-08-16 14:00:00,1904.245,1906.052,1903.279,1904.695,5209,No Trade
2023-08-16 15:00:00,1904.693,1904.86,1901.429,1901.985,4012,No Trade
2023-08-16 17:00:00,1899.528,1899.613,1897.034,1898.51,3487,No Trade
2023-08-16 22:00:00,1892.267,1895.024,1892.267,1894.405,1813,No Trade
2023-08-17 02:00:00,1892.696,1893.857,1892.28,1893.793,3192,No Trade
2023-08-17 05:00:00,1893.824,1893.979,1892.151,1893.494,2559,No Trade
2023-08-17 06:00:00,1893.503,1897.342,1892.766,1897.342,3382,No Trade
2023-08-17 09:00:00,1894.016,1895.292,1893.704,1895.292,2924,No Trade
2023-08-17 10:00:00,1895.289,1899.299,1895.204,1898.011,3910,No Trade
2023-08-17 11:00:00,1898.012,1899.537,1897.012,1898.922,3680,No Trade
2023-08-17 12:00:00,1898.891,1902.384,1896.796,1899.574,7007,No Trade
2023-08-17 14:00:00,1895.982,1897.689,1893.909,1895.455,6150,No Trade
2023-08-17 17:00:00,1888.429,1888.533,1885.096,1886.209,3689,No Trade
2023-08-17 19:00:00,1886.679,1890.178,1886.66,1889.139,3433,No Trade
2023-08-17 20:00:00,1889.099,1889.617,1888.452,1889.279,1387,No Trade
2023-08-17 22:00:00,1889.581,1890.251,1889.093,1889.929,1464,No Trade
2023-08-17 23:00:00,1889.93,1891.722,1889.325,1891.327,1729,No Trade
2023-08-18 00:00:00,1891.331,1893.93,1890.733,1893.383,2381,No Trade
2023-08-18 01:00:00,1893.414,1895.2,1892.524,1893.652,3979,No Trade
2023-08-18 03:00:00,1893.237,1893.679,1891.723,1892.774,2767,No Trade
2023-08-18 04:00:00,1892.774,1893.404,1891.241,1892.245,2281,No Trade
2023-08-18 05:00:00,1892.244,1894.159,1891.736,1893.703,2769,No Trade
2023-08-18 14:00:00,1893.904,1894.928,1891.69,1893.671,5301,No Trade
2023-08-18 17:00:00,1889.611,1890.391,1886.824,1889.017,3398,No Trade
2023-08-18 18:00:00,1889.018,1889.31,1887.672,1888.533,2539,No Trade
2023-08-18 19:00:00,1888.528,1889.903,1887.638,1889.348,2705,No Trade
2023-08-18 20:00:00,1889.31,1890.035,1888.409,1889.629,1552,No Trade
2023-08-20 22:00:00,1889.457,1890.923,1889.383,1890.401,1451,No Trade
2023-08-20 23:00:00,1890.404,1890.404,1888.9,1890.019,1724,No Trade
2023-08-21 02:00:00,1885.51,1892.993,1884.762,1892.797,3932,No Trade
2023-08-21 06:00:00,1888.069,1889.621,1887.472,1888.943,3427,No Trade
2023-08-21 08:00:00,1888.202,1889.423,1887.632,1888.714,3264,No Trade
2023-08-21 09:00:00,1888.736,1890.843,1888.359,1889.541,3205,No Trade
2023-08-21 10:00:00,1889.544,1889.66,1886.86,1888.737,3191,No Trade
2023-08-21 11:00:00,1888.736,1893.209,1887.955,1893.044,3609,No Trade
2023-08-21 12:00:00,1893.017,1897.669,1892.846,1897.201,6791,No Trade
2023-08-21 15:00:00,1886.898,1889.833,1885.964,1889.248,3992,No Trade
2023-08-21 16:00:00,1889.246,1893.286,1889.172,1892.651,3273,No Trade
2023-08-21 17:00:00,1892.649,1895.437,1892.625,1894.435,3366,No Trade
2023-08-21 18:00:00,1894.433,1895.095,1893.938,1894.626,2798,No Trade
2023-08-21 22:00:00,1894.707,1895.211,1894.635,1895.099,876,No Trade
2023-08-22 03:00:00,1894.493,1897.148,1894.276,1896.116,2890,No Trade
2023-08-22 06:00:00,1895.482,1900.306,1895.185,1898.919,4144,No Trade
2023-08-22 07:00:00,1898.946,1901.874,1898.14,1901.545,3655,No Trade
2023-08-22 09:00:00,1900.054,1903.766,1899.472,1902.853,3271,No Trade
2023-08-22 11:00:00,1902.033,1903.441,1901.55,1902.213,3273,No Trade
2023-08-22 14:00:00,1890.468,1895.917,1890.242,1895.223,6081,No Trade
2023-08-22 15:00:00,1895.19,1899.163,1895.138,1897.908,4408,No Trade
2023-08-22 17:00:00,1897.404,1898.484,1897.013,1897.776,2856,No Trade
2023-08-22 18:00:00,1897.773,1897.855,1896.47,1897.246,2234,No Trade
2023-08-22 20:00:00,1897.647,1897.92,1897.163,1897.639,1063,No Trade
2023-08-22 22:00:00,1897.592,1898.303,1897.433,1897.991,911,No Trade
2023-08-22 23:00:00,1897.991,1898.669,1897.799,1898.578,729,No Trade
2023-08-23 01:00:00,1899.072,1901.938,1898.861,1901.604,3439,No Trade
2023-08-23 03:00:00,1901.045,1902.142,1900.206,1901.624,2412,No Trade
2023-08-23 04:00:00,1901.624,1903.427,1900.78,1903.398,2436,No Trade
2023-08-23 07:00:00,1902.954,1904.419,1901.808,1903.687,4321,No Trade
2023-08-23 10:00:00,1902.697,1904.114,1901.335,1903.324,3005,No Trade
2023-08-23 14:00:00,1918.12,1918.353,1914.587,1915.698,7988,No Trade
2023-08-23 16:00:00,1918.37,1920.392,1918.3,1919.803,3473,No Trade
2023-08-23 22:00:00,1915.414,1917.669,1915.363,1917.097,1472,No Trade
2023-08-24 00:00:00,1917.949,1919.274,1917.395,1918.677,2256,No Trade
2023-08-24 02:00:00,1918.826,1920.934,1918.774,1919.957,3397,No Trade
2023-08-24 03:00:00,1919.951,1921.7,1919.494,1920.967,2843,No Trade
2023-08-24 04:00:00,1920.97,1922.349,1920.086,1921.126,2747,No Trade
2023-08-24 05:00:00,1921.126,1922.434,1920.36,1921.586,3175,No Trade
2023-08-24 06:00:00,1921.603,1922.918,1920.8,1921.711,3990,No Trade
2023-08-24 12:00:00,1916.666,1916.759,1911.769,1915.114,5979,No Trade
2023-08-24 14:00:00,1916.169,1923.271,1916.157,1921.466,6321,No Trade
2023-08-24 15:00:00,1921.502,1922.294,1920.078,1921.107,4289,No Trade
2023-08-24 20:00:00,1916.875,1917.581,1916.368,1916.81,1280,No Trade
2023-08-24 22:00:00,1917.033,1917.332,1916.685,1916.988,913,No Trade
2023-08-25 01:00:00,1915.577,1917.616,1914.773,1917.082,3261,No Trade
2023-08-25 05:00:00,1913.821,1914.769,1913.151,1914.426,2638,No Trade
2023-08-25 08:00:00,1914.246,1915.496,1913.39,1915.451,2958,No Trade
2023-08-25 10:00:00,1916.15,1917.886,1915.764,1917.794,2494,No Trade
2023-08-25 13:00:00,1917.303,1917.706,1913.415,1915.488,5238,No Trade
2023-08-25 15:00:00,1904.667,1910.62,1904.026,1907.847,7092,No Trade
2023-08-25 16:00:00,1907.884,1910.714,1907.68,1910.098,3811,No Trade
2023-08-25 17:00:00,1910.111,1912.765,1909.987,1912.376,3474,No Trade
2023-08-25 18:00:00,1912.384,1914.794,1911.977,1913.436,3212,No Trade
2023-08-25 20:00:00,1914.392,1915.017,1913.387,1914.421,1374,No Trade
2023-08-27 23:00:00,1914.986,1916.168,1914.422,1915.128,2014,No Trade
2023-08-28 00:00:00,1915.129,1916.701,1914.649,1915.818,2138,No Trade
2023-08-28 02:00:00,1915.586,1916.28,1915.195,1915.54,2575,No Trade
2023-08-28 03:00:00,1915.54,1917.094,1915.4,1916.322,2191,No Trade
2023-08-28 08:00:00,1914.595,1915.303,1913.577,1914.729,2725,No Trade
2023-08-28 10:00:00,1914.159,1915.248,1913.835,1915.248,2315,No Trade
2023-08-28 14:00:00,1918.154,1919.94,1917.353,1918.779,4620,No Trade
2023-08-28 15:00:00,1918.81,1926.091,1918.145,1924.832,4685,No Trade
2023-08-28 20:00:00,1919.776,1920.441,1919.691,1920.213,1032,No Trade
2023-08-28 22:00:00,1920.176,1920.98,1920.175,1920.849,766,No Trade
2023-08-29 00:00:00,1921.299,1922.13,1921.109,1921.712,1750,No Trade
2023-08-29 02:00:00,1922.118,1924.009,1921.513,1923.823,2581,No Trade
2023-08-29 03:00:00,1923.856,1925.863,1923.696,1925.46,2625,No Trade
2023-08-29 05:00:00,1923.978,1925.647,1923.343,1924.518,2329,No Trade
2023-08-29 07:00:00,1922.977,1924.987,1921.685,1923.283,3316,No Trade
2023-08-29 13:00:00,1917.088,1921.972,1916.836,1921.156,5379,No Trade
2023-08-29 15:00:00,1934.191,1937.68,1932.772,1936.827,4749,No Trade
2023-08-29 16:00:00,1936.801,1937.727,1934.139,1936.336,3571,No Trade
2023-08-29 17:00:00,1936.337,1938.209,1935.929,1937.233,3624,No Trade
2023-08-29 19:00:00,1937.1,1938.22,1936.452,1938.091,2296,No Trade
2023-08-29 20:00:00,1938.118,1938.118,1937.328,1937.474,1248,No Trade
2023-08-29 22:00:00,1937.34,1937.667,1936.756,1937.23,1228,No Trade
2023-08-30 00:00:00,1936.276,1937.288,1936.024,1936.839,2035,No Trade
2023-08-30 06:00:00,1935.435,1936.931,1935.251,1936.224,3162,No Trade
2023-08-30 09:00:00,1936.631,1938.788,1936.037,1938.132,3008,No Trade
2023-08-30 11:00:00,1937.977,1939.706,1937.297,1939.165,3045,No Trade
2023-08-30 12:00:00,1939.153,1945.803,1938.847,1945.234,8379,No Trade
2023-08-30 14:00:00,1947.481,1949.106,1945.137,1946.636,6604,No Trade
2023-08-30 18:00:00,1943.754,1944.516,1942.882,1943.916,2575,No Trade
2023-08-30 22:00:00,1943.106,1945.524,1942.858,1944.649,2001,No Trade
2023-08-31 00:00:00,1944.295,1945.566,1944.206,1945.413,1806,No Trade
2023-08-31 01:00:00,1945.419,1947.703,1945.403,1947.27,3159,No Trade
2023-08-31 04:00:00,1945.205,1946.061,1944.956,1945.831,1643,No Trade
2023-08-31 05:00:00,1945.832,1946.007,1944.575,1945.41,2491,No Trade
2023-08-31 06:00:00,1945.425,1945.779,1943.295,1943.858,2938,No Trade
2023-08-31 09:00:00,1944.433,1945.232,1943.72,1944.833,2964,No Trade
2023-08-31 11:00:00,1944.358,1945.969,1943.881,1945.733,3037,No Trade
2023-08-31 12:00:00,1945.735,1947.785,1943.148,1945.883,6515,No Trade
2023-08-31 13:00:00,1945.914,1946.477,1940.45,1943.775,7925,No Trade
2023-08-31 14:00:00,1943.805,1945.134,1941.084,1942.93,5865,No Trade
2023-08-31 16:00:00,1940.695,1942.548,1940.61,1941.778,3062,No Trade
2023-08-31 22:00:00,1940.16,1940.377,1939.86,1940.185,1248,No Trade
2023-08-31 23:00:00,1940.185,1940.189,1939.143,1939.924,1244,No Trade
2023-09-01 00:00:00,1939.928,1940.335,1938.738,1939.376,2016,No Trade
2023-09-01 01:00:00,1939.402,1944.039,1939.393,1942.627,3684,No Trade
2023-09-01 04:00:00,1938.999,1940.26,1938.291,1940.054,1776,No Trade
2023-09-01 07:00:00,1940.462,1943.558,1940.356,1943.172,3201,No Trade
2023-09-01 08:00:00,1943.164,1943.821,1941.973,1943.025,2791,No Trade
2023-09-01 09:00:00,1943.027,1944.542,1942.962,1944.293,2462,No Trade
2023-09-01 12:00:00,1944.532,1952.726,1944.317,1949.851,8905,No Trade
2023-09-01 14:00:00,1943.873,1943.873,1934.499,1940.155,10483,No Trade
2023-09-01 15:00:00,1940.133,1940.556,1936.785,1938.879,4627,No Trade
2023-09-01 17:00:00,1938.189,1941.63,1937.41,1941.206,2918,No Trade
2023-09-03 23:00:00,1939.637,1941.1,1939.608,1940.658,1237,No Trade
2023-09-04 00:00:00,1940.657,1941.748,1940.198,1940.985,1939,No Trade
2023-09-04 01:00:00,1940.98,1944.059,1940.54,1943.082,3642,No Trade
2023-09-04 02:00:00,1943.112,1946.14,1943.076,1945.746,2978,No Trade
2023-09-04 07:00:00,1945.153,1945.295,1943.178,1943.88,3159,No Trade
2023-09-04 08:00:00,1943.875,1944.517,1942.745,1943.911,2494,No Trade
2023-09-04 11:00:00,1940.533,1942.01,1939.916,1941.689,2249,No Trade
2023-09-04 15:00:00,1938.4,1939.087,1938.164,1938.698,2126,No Trade
2023-09-05 02:00:00,1935.887,1937.561,1935.258,1937.12,2915,No Trade
2023-09-05 03:00:00,1937.13,1937.461,1936.171,1937.026,2243,No Trade
2023-09-05 04:00:00,1937.026,1938.988,1936.981,1938.65,1916,No Trade
2023-09-05 06:00:00,1937.148,1937.339,1935.272,1936.79,3549,No Trade
2023-09-05 14:00:00,1927.898,1928.358,1925.437,1927.475,6258,No Trade
2023-09-05 16:00:00,1926.139,1927.978,1926.102,1927.299,3039,No Trade
2023-09-05 20:00:00,1925.911,1926.487,1925.487,1925.989,1265,No Trade
2023-09-05 22:00:00,1926.379,1926.569,1926.096,1926.445,740,No Trade
2023-09-05 23:00:00,1926.446,1926.983,1925.91,1926.659,1460,No Trade
2023-09-06 01:00:00,1924.77,1925.693,1924.289,1924.89,3310,No Trade
2023-09-06 02:00:00,1924.921,1926.795,1924.446,1926.461,2505,No Trade
2023-09-06 04:00:00,1926.594,1927.411,1926.518,1927.302,1742,No Trade
2023-09-06 05:00:00,1927.334,1928.528,1927.225,1928.272,2588,No Trade
2023-09-06 08:00:00,1922.94,1924.969,1922.553,1924.785,3153,No Trade
2023-09-06 10:00:00,1925.371,1927.708,1925.363,1926.51,2889,No Trade
2023-09-06 13:00:00,1923.222,1929.179,1921.199,1928.215,7155,No Trade
2023-09-06 16:00:00,1916.839,1920.298,1916.312,1920.047,3210,No Trade
2023-09-07 00:00:00,1917.186,1917.189,1916.383,1916.877,1883,No Trade
2023-09-07 01:00:00,1916.879,1919.69,1916.711,1919.567,2955,No Trade
2023-09-07 03:00:00,1919.819,1920.762,1919.471,1920.217,2356,No Trade
2023-09-07 07:00:00,1918.49,1918.778,1917.169,1918.444,3338,No Trade
2023-09-07 09:00:00,1918.917,1920.553,1918.67,1920.31,2682,No Trade
2023-09-07 10:00:00,1920.287,1921.208,1919.582,1920.114,2506,No Trade
2023-09-07 11:00:00,1920.112,1922.357,1920.064,1921.873,2999,No Trade
2023-09-07 12:00:00,1921.887,1923.536,1916.232,1923.233,6043,No Trade
2023-09-07 13:00:00,1923.199,1923.514,1918.225,1919.971,6806,No Trade
2023-09-07 14:00:00,1920.04,1921.554,1917.262,1918.111,4973,No Trade
2023-09-07 15:00:00,1918.084,1921.402,1917.28,1921.006,3652,No Trade
2023-09-07 16:00:00,1921.003,1921.478,1918.088,1918.102,2541,No Trade
2023-09-07 17:00:00,1918.092,1919.362,1917.514,1918.455,2449,No Trade
2023-09-07 18:00:00,1918.457,1920.768,1918.11,1920.393,2199,No Trade
2023-09-07 20:00:00,1918.848,1919.809,1918.848,1919.619,1096,No Trade
2023-09-07 22:00:00,1919.654,1920.218,1919.415,1919.845,933,No Trade
2023-09-08 00:00:00,1920.355,1924.473,1920.163,1923.777,3299,No Trade
2023-09-08 01:00:00,1923.769,1926.091,1922.972,1925.943,4410,No Trade
2023-09-08 02:00:00,1925.944,1927.231,1925.134,1926.029,3050,No Trade
2023-09-08 05:00:00,1924.567,1925.977,1924.362,1925.748,2236,No Trade
2023-09-08 09:00:00,1924.752,1925.913,1923.983,1925.263,2772,No Trade
2023-09-08 19:00:00,1918.628,1919.444,1918.172,1919.256,1684,No Trade
2023-09-10 23:00:00,1918.355,1919.734,1916.676,1918.901,2230,No Trade
2023-09-11 00:00:00,1918.895,1920.309,1918.416,1920.111,2801,No Trade
2023-09-11 01:00:00,1920.113,1923.198,1919.186,1922.5,3838,No Trade
2023-09-11 03:00:00,1922.764,1923.669,1922.384,1923.374,2529,No Trade
2023-09-11 04:00:00,1923.374,1926.721,1923.021,1926.481,3120,No Trade
2023-09-11 05:00:00,1926.447,1928.087,1926.068,1927.722,3849,No Trade
2023-09-11 06:00:00,1927.731,1928.702,1926.389,1927.945,3650,No Trade
2023-09-11 10:00:00,1925.413,1926.375,1924.798,1925.842,2710,No Trade
2023-09-11 12:00:00,1925.26,1927.304,1924.302,1927.269,4296,No Trade
2023-09-11 15:00:00,1922.634,1924.435,1921.444,1923.087,3690,No Trade
2023-09-11 19:00:00,1921.915,1923.175,1921.631,1922.8,2141,No Trade
2023-09-12 00:00:00,1921.69,1922.648,1921.265,1921.589,2038,No Trade
2023-09-12 01:00:00,1921.578,1923.497,1920.411,1921.944,3394,No Trade
2023-09-12 02:00:00,1921.933,1923.393,1921.332,1923.065,2982,No Trade
2023-09-12 03:00:00,1923.066,1924.382,1922.308,1923.723,2238,No Trade
2023-09-12 06:00:00,1920.31,1920.741,1918.925,1920.034,3002,No Trade
2023-09-12 08:00:00,1919.067,1921.398,1918.705,1919.814,3040,No Trade
2023-09-12 13:00:00,1909.778,1911.885,1907.507,1909.296,6475,No Trade
2023-09-12 18:00:00,1912.1,1913.503,1911.88,1913.431,2221,No Trade
2023-09-12 20:00:00,1913.027,1913.631,1912.697,1913.511,1392,No Trade
2023-09-12 22:00:00,1913.109,1913.844,1913.109,1913.535,834,No Trade
2023-09-13 04:00:00,1909.702,1912.02,1909.513,1911.674,2334,No Trade
2023-09-13 07:00:00,1909.986,1912.178,1909.333,1912.097,3458,No Trade
2023-09-13 10:00:00,1911.271,1912.608,1910.839,1912.608,2491,No Trade
2023-09-13 11:00:00,1912.639,1913.155,1911.431,1912.362,2794,No Trade
2023-09-13 13:00:00,1912.366,1915.711,1909.419,1913.416,8392,No Trade
2023-09-13 14:00:00,1913.455,1914.7,1909.829,1912.734,6359,No Trade
2023-09-13 15:00:00,1912.73,1913.592,1909.23,1910.475,3973,No Trade
2023-09-13 17:00:00,1909.395,1911.237,1908.229,1910.139,3021,No Trade
2023-09-14 00:00:00,1909.269,1912.89,1909.049,1912.719,2331,No Trade
2023-09-14 03:00:00,1910.028,1910.622,1908.878,1909.743,2501,No Trade
2023-09-14 14:00:00,1903.154,1910.523,1901.074,1908.588,6725,No Trade
2023-09-14 15:00:00,1908.557,1911.432,1905.827,1908.013,4755,No Trade
2023-09-15 00:00:00,1909.866,1911.59,1909.866,1911.337,2299,No Trade
2023-09-15 01:00:00,1911.338,1915.417,1910.554,1915.364,4115,No Trade
2023-09-15 02:00:00,1915.357,1916.041,1914.742,1915.606,3228,No Trade
2023-09-15 03:00:00,1915.605,1915.977,1914.703,1915.65,2512,No Trade
2023-09-15 04:00:00,1915.638,1916.891,1915.258,1916.228,2084,No Trade
2023-09-15 06:00:00,1916.315,1919.605,1916.097,1918.728,4738,No Trade
2023-09-15 07:00:00,1918.745,1918.972,1915.546,1918.073,3908,No Trade
2023-09-15 09:00:00,1918.089,1919.271,1917.825,1918.058,2868,No Trade
2023-09-15 11:00:00,1917.188,1920.017,1916.797,1919.246,3140,No Trade
2023-09-15 13:00:00,1917.147,1926.84,1916.97,1924.665,7333,No Trade
2023-09-15 14:00:00,1924.641,1930.472,1924.641,1928.613,7648,No Trade
2023-09-15 17:00:00,1925.404,1925.914,1923.937,1924.788,3015,No Trade
2023-09-15 20:00:00,1922.583,1923.968,1922.478,1923.931,1767,No Trade
2023-09-17 23:00:00,1923.755,1923.762,1922.647,1923.327,1533,No Trade
2023-09-18 01:00:00,1924.658,1926.619,1923.453,1925.308,4308,No Trade
2023-09-18 02:00:00,1925.31,1928.784,1925.214,1928.213,3043,No Trade
2023-09-18 03:00:00,1928.218,1929.548,1928.051,1928.938,2444,No Trade
2023-09-18 04:00:00,1928.907,1929.468,1927.778,1928.245,2066,No Trade
2023-09-18 05:00:00,1928.248,1930.67,1927.894,1929.928,2460,No Trade
2023-09-18 09:00:00,1926.146,1926.988,1925.654,1926.957,2546,No Trade
2023-09-18 10:00:00,1926.954,1927.532,1926.404,1926.842,2593,No Trade
2023-09-18 11:00:00,1926.842,1928.226,1926.528,1926.87,2712,No Trade
2023-09-18 14:00:00,1924.068,1927.692,1922.888,1926.937,4883,No Trade
2023-09-18 15:00:00,1926.905,1929.479,1926.341,1929.065,3513,No Trade
2023-09-18 16:00:00,1929.098,1931.214,1927.811,1931.135,3064,No Trade
2023-09-18 19:00:00,1931.593,1933.634,1931.542,1933.382,2020,No Trade
2023-09-18 20:00:00,1933.351,1934.278,1933.134,1933.642,1383,No Trade
2023-09-18 22:00:00,1933.899,1934.05,1933.407,1933.721,1079,No Trade
2023-09-18 23:00:00,1933.728,1934.553,1933.413,1934.14,1310,No Trade
2023-09-19 02:00:00,1933.074,1933.464,1932.472,1932.954,2258,No Trade
2023-09-19 07:00:00,1930.586,1934.852,1930.586,1934.508,3266,No Trade
2023-09-19 09:00:00,1933.821,1935.435,1933.679,1935.235,2214,No Trade
2023-09-19 10:00:00,1935.238,1936.845,1934.632,1935.346,2367,No Trade
2023-09-19 11:00:00,1935.343,1936.1,1934.53,1935.307,2456,No Trade
2023-09-19 12:00:00,1935.315,1937.445,1934.235,1935.897,4447,No Trade
2023-09-19 13:00:00,1935.928,1936.409,1932.844,1934.821,5531,No Trade
2023-09-19 14:00:00,1934.791,1935.263,1931.101,1934.922,5263,No Trade
2023-09-19 15:00:00,1934.917,1935.051,1932.099,1933.156,3506,No Trade
2023-09-19 19:00:00,1930.845,1932.329,1930.772,1931.995,2029,No Trade
2023-09-20 01:00:00,1930.748,1930.779,1928.474,1930.005,3316,No Trade
2023-09-20 02:00:00,1930.02,1931.215,1929.995,1930.771,2607,No Trade
2023-09-20 05:00:00,1929.856,1931.793,1929.743,1931.233,2536,No Trade
2023-09-20 10:00:00,1931.837,1932.769,1931.687,1932.592,2589,No Trade
2023-09-20 11:00:00,1932.623,1932.745,1931.011,1932.134,2513,No Trade
2023-09-20 12:00:00,1932.148,1934.076,1931.023,1932.225,3748,No Trade
2023-09-20 13:00:00,1932.246,1943.399,1932.007,1940.755,5787,No Trade
2023-09-20 14:00:00,1940.72,1944.584,1940.447,1944.063,5572,No Trade
2023-09-20 16:00:00,1941.911,1946.744,1941.739,1946.707,3335,No Trade
2023-09-20 17:00:00,1946.747,1947.461,1945.36,1946.38,3132,No Trade
2023-09-20 18:00:00,1946.383,1946.737,1939.411,1940.491,12733,No Trade
2023-09-20 19:00:00,1940.522,1941.285,1932.911,1933.056,5835,No Trade
2023-09-20 20:00:00,1933.088,1933.746,1929.221,1930.591,2983,No Trade
2023-09-20 23:00:00,1931.223,1931.223,1929.373,1929.524,1961,No Trade
2023-09-21 00:00:00,1929.528,1929.757,1924.679,1925.022,2991,No Trade
2023-09-21 01:00:00,1925.018,1927.226,1924.289,1926.895,3965,No Trade
2023-09-21 02:00:00,1926.89,1927.65,1925.778,1926.747,2954,No Trade
2023-09-21 03:00:00,1926.738,1928.724,1926.738,1928.399,2559,No Trade
2023-09-21 09:00:00,1923.129,1924.836,1922.545,1924.741,3004,No Trade
2023-09-21 10:00:00,1924.71,1926.134,1923.811,1925.279,2814,No Trade
2023-09-21 14:00:00,1916.51,1923.874,1915.19,1920.218,7275,No Trade
2023-09-21 16:00:00,1917.528,1920.004,1916.342,1919.561,3428,No Trade
2023-09-21 17:00:00,1919.547,1921.305,1918.735,1920.505,3156,No Trade
2023-09-21 20:00:00,1919.824,1920.292,1919.6,1920.102,1191,No Trade
2023-09-21 22:00:00,1919.681,1920.456,1919.429,1920.195,1163,No Trade
2023-09-21 23:00:00,1920.197,1921.6,1920.179,1921.453,1829,No Trade
2023-09-22 00:00:00,1921.461,1923.71,1921.29,1923.492,2083,No Trade
2023-09-22 02:00:00,1924.068,1925.59,1923.573,1924.022,3022,No Trade
2023-09-22 03:00:00,1924.028,1924.656,1922.667,1923.876,2683,No Trade
2023-09-22 04:00:00,1923.876,1924.933,1923.471,1924.378,1939,No Trade
2023-09-22 05:00:00,1924.347,1925.18,1923.788,1924.763,2780,No Trade
2023-09-22 06:00:00,1924.757,1926.074,1924.374,1925.582,3765,No Trade
2023-09-22 07:00:00,1925.553,1928.73,1924.792,1928.063,4445,No Trade
2023-09-22 11:00:00,1924.67,1926.853,1924.549,1925.607,3058,No Trade
2023-09-22 13:00:00,1926.151,1928.424,1924.988,1926.088,5616,No Trade
2023-09-22 14:00:00,1926.058,1929.061,1925.679,1928.244,5508,No Trade
2023-09-22 15:00:00,1928.247,1928.834,1926.687,1927.769,3731,No Trade
2023-09-22 17:00:00,1925.351,1926.382,1924.65,1925.562,2668,No Trade
2023-09-22 19:00:00,1925.018,1925.657,1924.531,1925.436,2171,No Trade
2023-09-22 20:00:00,1925.404,1925.62,1924.694,1925.331,1182,No Trade
2023-09-24 23:00:00,1925.845,1925.845,1924.502,1924.817,1760,No Trade
2023-09-25 01:00:00,1924.929,1925.364,1922.968,1923.722,2854,No Trade
2023-09-25 03:00:00,1923.757,1924.284,1922.88,1923.682,1915,No Trade
2023-09-25 06:00:00,1921.783,1924.746,1920.927,1924.097,3106,No Trade
2023-09-25 08:00:00,1923.548,1923.904,1921.07,1921.748,3609,No Trade
2023-09-25 09:00:00,1921.737,1923.113,1921.645,1922.859,3044,No Trade
2023-09-25 10:00:00,1922.858,1924.958,1922.206,1924.929,2876,No Trade
2023-09-25 12:00:00,1924.087,1926.9,1923.714,1925.966,4223,No Trade
2023-09-25 13:00:00,1925.935,1926.374,1922.32,1925.402,5357,No Trade
2023-09-25 14:00:00,1925.372,1925.546,1915.199,1916.915,7939,No Trade
2023-09-25 15:00:00,1916.948,1919.175,1915.901,1917.517,4970,No Trade
2023-09-25 20:00:00,1915.575,1916.162,1915.497,1915.986,961,No Trade
2023-09-25 22:00:00,1916.206,1916.844,1916.077,1916.575,956,No Trade
2023-09-26 01:00:00,1914.92,1915.868,1914.582,1914.86,2821,No Trade
2023-09-26 03:00:00,1913.69,1914.116,1913.174,1913.692,2236,No Trade
2023-09-26 07:00:00,1910.544,1913.826,1909.72,1913.737,3691,No Trade
2023-09-26 08:00:00,1913.774,1915.677,1913.144,1913.83,3556,No Trade
2023-09-26 09:00:00,1913.838,1913.931,1912.204,1913.058,2931,No Trade
2023-09-26 12:00:00,1911.632,1912.891,1905.164,1910.298,5658,No Trade
2023-09-26 14:00:00,1906.838,1909.434,1905.681,1906.479,6289,No Trade
2023-09-26 19:00:00,1900.019,1901.117,1899.519,1900.556,2564,No Trade
2023-09-26 20:00:00,1900.596,1900.893,1900.338,1900.759,1183,No Trade
2023-09-26 22:00:00,1900.751,1901.363,1900.718,1901.029,1075,No Trade
2023-09-26 23:00:00,1901.036,1902.132,1901.031,1901.629,1322,No Trade
2023-09-27 00:00:00,1901.624,1902.558,1899.891,1900.779,2080,No Trade
2023-09-27 01:00:00,1900.743,1903.877,1900.017,1902.636,3489,No Trade
2023-09-27 06:00:00,1896.421,1898.888,1896.029,1898.182,3586,No Trade
2023-09-27 08:00:00,1896.688,1897.899,1895.098,1896.688,3221,No Trade
2023-09-27 12:00:00,1892.942,1893.152,1889.837,1891.892,5166,No Trade
2023-09-27 17:00:00,1875.989,1877.417,1872.656,1874.781,4589,No Trade
2023-09-27 18:00:00,1874.812,1877.552,1872.607,1876.073,4087,No Trade
2023-09-27 19:00:00,1876.042,1878.254,1875.314,1876.77,3269,No Trade
2023-09-27 20:00:00,1876.801,1876.975,1874.713,1874.752,1600,No Trade
2023-09-27 22:00:00,1876.267,1877.258,1875.988,1877.105,1642,No Trade
2023-09-28 00:00:00,1877.683,1877.953,1876.213,1877.177,2498,No Trade
2023-09-28 02:00:00,1874.199,1875.302,1873.941,1874.865,2729,No Trade
2023-09-28 03:00:00,1874.827,1875.296,1873.822,1874.73,2203,No Trade
2023-09-28 05:00:00,1874.94,1877.304,1874.643,1877.116,2938,No Trade
2023-09-28 09:00:00,1874.205,1877.225,1873.811,1875.913,3394,No Trade
2023-09-28 18:00:00,1862.005,1865.958,1861.668,1865.649,3126,No Trade
2023-09-28 23:00:00,1864.425,1866.819,1863.875,1866.8,1954,No Trade
2023-09-29 01:00:00,1865.404,1866.38,1864.535,1865.849,2843,No Trade
2023-09-29 04:00:00,1863.401,1865.685,1863.172,1865.077,2300,No Trade
2023-09-29 05:00:00,1865.077,1868.353,1864.53,1867.426,2573,No Trade
2023-09-29 06:00:00,1867.392,1870.506,1866.339,1870.153,3711,No Trade
2023-09-29 07:00:00,1870.12,1874.047,1869.58,1873.602,3919,No Trade
2023-09-29 08:00:00,1873.628,1873.824,1871.419,1871.73,3632,No Trade
2023-09-29 09:00:00,1871.79,1873.75,1871.057,1873.652,3284,No Trade
2023-09-29 12:00:00,1869.524,1874.091,1868.073,1873.911,6821,No Trade
2023-09-29 20:00:00,1848.299,1849.954,1847.786,1848.896,2116,No Trade
2023-10-01 23:00:00,1846.536,1848.515,1846.231,1848.414,1877,No Trade
2023-10-02 02:00:00,1844.034,1845.142,1842.95,1844.091,2231,No Trade
2023-10-02 06:00:00,1839.689,1846.283,1839.542,1844.617,3678,No Trade
2023-10-02 11:00:00,1833.563,1838.257,1833.563,1837.364,4073,No Trade
2023-10-02 15:00:00,1828.936,1834.664,1827.561,1832.644,6732,No Trade
2023-10-02 23:00:00,1828.22,1828.228,1820.504,1825.044,3502,No Trade
2023-10-03 03:00:00,1817.489,1820.82,1817.055,1820.59,2712,No Trade
2023-10-03 04:00:00,1820.594,1821.823,1819.885,1820.714,3084,No Trade
2023-10-03 06:00:00,1819.51,1824.686,1819.23,1823.958,4275,No Trade
2023-10-03 08:00:00,1824.125,1829.187,1824.031,1826.311,4323,No Trade
2023-10-03 09:00:00,1826.298,1828.028,1823.871,1826.497,3783,No Trade
2023-10-03 11:00:00,1825.816,1827.364,1823.72,1826.009,4597,No Trade
2023-10-03 13:00:00,1824.892,1831.364,1823.338,1829.059,9063,No Trade
2023-10-03 14:00:00,1829.028,1833.444,1819.347,1826.541,22126,No Trade
2023-10-03 15:00:00,1826.512,1828.643,1822.054,1824.887,8444,No Trade
2023-10-03 18:00:00,1823.626,1825.536,1821.953,1823.864,3759,No Trade
2023-10-03 19:00:00,1823.833,1825.315,1823.44,1823.956,3047,No Trade
2023-10-03 23:00:00,1822.693,1824.998,1822.264,1823.403,2042,No Trade
2023-10-04 00:00:00,1823.403,1825.096,1821.94,1823.274,2980,No Trade
2023-10-04 01:00:00,1823.295,1824.393,1820.87,1822.796,3966,No Trade
2023-10-04 03:00:00,1820.905,1822.189,1819.7,1820.831,2570,No Trade
2023-10-04 04:00:00,1820.83,1823.887,1820.83,1823.638,2394,No Trade
2023-10-04 07:00:00,1819.12,1823.212,1817.493,1823.164,5335,No Trade
2023-10-04 15:00:00,1818.459,1826.402,1817.41,1823.818,7436,No Trade
2023-10-04 18:00:00,1818.383,1818.832,1816.656,1817.679,3273,No Trade
2023-10-04 22:00:00,1821.748,1822.422,1821.52,1822.409,1279,No Trade
2023-10-05 00:00:00,1822.572,1825.738,1821.875,1825.67,2910,No Trade
2023-10-05 03:00:00,1826.223,1828.772,1825.942,1828.397,2378,No Trade
2023-10-05 09:00:00,1819.939,1823.415,1819.729,1822.012,3407,No Trade
2023-10-05 10:00:00,1822.044,1824.032,1820.775,1823.294,3327,No Trade
2023-10-05 12:00:00,1823.09,1823.942,1813.094,1815.744,7826,No Trade
2023-10-05 13:00:00,1815.775,1821.942,1814.189,1820.73,8857,No Trade
2023-10-05 15:00:00,1819.952,1820.001,1814.487,1815.571,6244,No Trade
2023-10-05 16:00:00,1815.603,1818.372,1814.904,1818.204,4472,No Trade
2023-10-05 18:00:00,1819.177,1820.66,1818.677,1820.274,3419,No Trade
2023-10-05 19:00:00,1820.244,1820.902,1819.788,1820.401,2836,No Trade
2023-10-05 20:00:00,1820.432,1820.69,1819.52,1820.382,1307,No Trade
2023-10-05 22:00:00,1820.574,1821.52,1820.338,1821.253,956,No Trade
2023-10-06 01:00:00,1820.712,1823.261,1819.758,1822.848,2997,No Trade
2023-10-06 02:00:00,1822.828,1824.146,1822.483,1823.9,2453,No Trade
2023-10-06 03:00:00,1823.9,1824.5,1823.356,1824.044,2068,No Trade
2023-10-06 07:00:00,1819.438,1821.663,1818.661,1821.448,4095,No Trade
2023-10-06 13:00:00,1815.192,1826.06,1813.981,1821.314,13452,No Trade
2023-10-06 15:00:00,1823.635,1834.932,1823.635,1832.656,8981,No Trade
2023-10-06 16:00:00,1832.634,1833.455,1829.067,1829.264,5405,No Trade
2023-10-06 17:00:00,1829.232,1832.299,1828.862,1831.886,4139,No Trade
2023-10-06 19:00:00,1831.926,1832.015,1829.131,1829.486,3023,No Trade
2023-10-06 20:00:00,1829.454,1832.266,1829.04,1832.0,1901,No Trade
2023-10-09 00:00:00,1848.092,1852.52,1846.337,1852.467,3948,No Trade
2023-10-09 07:00:00,1850.049,1852.665,1848.12,1850.526,4514,No Trade
2023-10-09 08:00:00,1850.49,1851.009,1848.982,1850.509,3481,No Trade
2023-10-09 09:00:00,1850.502,1852.362,1850.027,1851.258,3239,No Trade
2023-10-09 11:00:00,1850.14,1850.447,1849.111,1850.048,2966,No Trade
2023-10-09 12:00:00,1850.085,1850.085,1845.021,1848.052,5622,No Trade
2023-10-09 18:00:00,1854.542,1857.698,1854.51,1857.122,2852,No Trade
2023-10-10 00:00:00,1862.682,1865.378,1861.466,1864.143,4126,No Trade
2023-10-10 05:00:00,1860.919,1862.216,1859.931,1860.85,2836,No Trade
2023-10-10 07:00:00,1856.582,1858.021,1855.335,1857.435,4946,No Trade
2023-10-10 08:00:00,1857.441,1859.833,1855.465,1858.556,5096,No Trade
2023-10-10 13:00:00,1854.602,1857.634,1853.155,1857.54,7212,No Trade
2023-10-10 14:00:00,1857.535,1858.854,1853.4,1856.552,6536,No Trade
2023-10-10 15:00:00,1856.583,1862.358,1856.061,1861.353,5103,No Trade
2023-10-10 18:00:00,1858.54,1860.223,1858.161,1859.404,3186,No Trade
2023-10-10 20:00:00,1860.171,1860.823,1859.699,1860.466,1409,No Trade
2023-10-11 00:00:00,1859.733,1862.17,1859.631,1861.045,2538,No Trade
2023-10-11 05:00:00,1859.805,1860.67,1858.69,1859.507,2370,No Trade
2023-10-11 06:00:00,1859.518,1863.791,1858.915,1862.614,3692,No Trade
2023-10-11 08:00:00,1867.981,1869.905,1866.976,1869.634,4524,No Trade
2023-10-11 09:00:00,1869.628,1871.133,1869.146,1870.553,3584,No Trade
2023-10-11 10:00:00,1870.565,1874.812,1869.993,1874.025,3665,No Trade
2023-10-11 13:00:00,1872.905,1875.103,1868.215,1872.264,7722,No Trade
2023-10-11 14:00:00,1872.248,1872.503,1869.107,1871.235,6719,No Trade
2023-10-11 15:00:00,1871.255,1873.727,1869.567,1873.095,5144,No Trade
2023-10-11 18:00:00,1872.077,1873.444,1871.041,1872.55,4009,No Trade
2023-10-11 19:00:00,1872.516,1874.297,1872.484,1873.684,3025,No Trade
2023-10-11 20:00:00,1873.714,1874.631,1873.462,1874.032,1566,No Trade
2023-10-11 22:00:00,1874.325,1875.411,1873.915,1874.713,1415,No Trade
2023-10-12 00:00:00,1875.351,1876.707,1874.786,1875.477,2353,No Trade
2023-10-12 01:00:00,1875.467,1878.779,1874.553,1877.491,3199,No Trade
2023-10-12 02:00:00,1877.482,1878.059,1875.702,1876.866,3221,No Trade
2023-10-12 03:00:00,1876.835,1878.161,1876.773,1877.692,2343,No Trade
2023-10-12 04:00:00,1877.723,1879.144,1876.838,1878.964,1934,No Trade
2023-10-12 05:00:00,1878.95,1880.147,1878.496,1880.136,2458,No Trade
2023-10-12 06:00:00,1880.167,1882.687,1878.653,1882.251,3624,No Trade
2023-10-12 09:00:00,1880.428,1882.151,1879.646,1881.008,3097,No Trade
2023-10-12 11:00:00,1881.396,1884.534,1881.231,1883.594,3425,No Trade
2023-10-12 15:00:00,1872.189,1873.427,1870.789,1872.383,5158,No Trade
2023-10-12 19:00:00,1868.472,1870.148,1868.194,1868.398,2825,No Trade
2023-10-12 20:00:00,1868.357,1869.115,1868.357,1868.834,1252,No Trade
2023-10-12 23:00:00,1869.78,1871.277,1869.745,1870.655,1173,No Trade
2023-10-13 00:00:00,1870.646,1872.705,1870.155,1872.637,2672,No Trade
2023-10-13 02:00:00,1872.052,1873.648,1871.693,1873.455,2602,No Trade
2023-10-13 04:00:00,1873.743,1876.859,1873.641,1876.392,2507,No Trade
2023-10-13 06:00:00,1877.131,1878.033,1875.777,1877.028,3565,No Trade
2023-10-13 07:00:00,1876.998,1883.171,1876.848,1882.193,4540,No Trade
2023-10-13 08:00:00,1882.212,1885.007,1882.065,1883.909,4001,No Trade
2023-10-13 09:00:00,1883.879,1888.243,1882.539,1887.645,4265,No Trade
2023-10-13 10:00:00,1887.648,1889.962,1886.708,1887.685,4144,No Trade
2023-10-13 11:00:00,1887.649,1899.922,1887.456,1896.519,5512,No Trade
2023-10-13 12:00:00,1896.488,1919.202,1896.488,1913.357,13180,No Trade
2023-10-13 13:00:00,1913.421,1913.421,1905.64,1910.702,11585,No Trade
2023-10-13 14:00:00,1910.659,1920.995,1908.023,1920.817,9848,No Trade
2023-10-13 16:00:00,1923.081,1927.504,1922.492,1927.195,5439,No Trade
2023-10-13 18:00:00,1928.416,1930.798,1927.721,1928.733,3580,No Trade
2023-10-13 19:00:00,1928.729,1928.959,1927.833,1928.393,2785,No Trade
2023-10-15 22:00:00,1927.621,1927.621,1921.277,1924.491,3594,No Trade
2023-10-16 02:00:00,1920.539,1921.555,1918.494,1920.534,3030,No Trade
2023-10-16 05:00:00,1920.223,1920.223,1914.348,1915.058,3033,No Trade
2023-10-16 07:00:00,1909.991,1912.425,1908.244,1911.518,5735,No Trade
2023-10-16 08:00:00,1911.494,1913.563,1910.043,1911.697,4606,No Trade
2023-10-16 09:00:00,1911.69,1916.577,1911.292,1916.225,3911,No Trade
2023-10-16 13:00:00,1918.798,1921.273,1914.48,1918.04,8304,No Trade
2023-10-16 14:00:00,1918.013,1920.449,1916.29,1918.211,7753,No Trade
2023-10-16 15:00:00,1918.242,1922.37,1918.024,1921.554,4993,No Trade
2023-10-16 18:00:00,1919.207,1919.699,1918.763,1919.116,2472,No Trade
2023-10-16 19:00:00,1919.116,1920.751,1917.926,1919.042,2610,No Trade
2023-10-17 03:00:00,1914.831,1916.884,1914.408,1916.884,2702,No Trade
2023-10-17 05:00:00,1914.739,1916.865,1914.298,1916.483,2837,No Trade
2023-10-17 06:00:00,1916.488,1918.118,1915.725,1917.436,3539,No Trade
2023-10-17 07:00:00,1917.419,1921.438,1917.216,1920.105,4555,No Trade
2023-10-17 09:00:00,1919.3,1923.821,1918.918,1923.045,3633,No Trade
2023-10-17 11:00:00,1923.536,1925.642,1922.242,1924.093,3681,No Trade
2023-10-17 12:00:00,1924.113,1929.078,1919.143,1926.085,8632,No Trade
2023-10-17 13:00:00,1926.048,1931.623,1920.952,1927.886,9630,No Trade
2023-10-17 15:00:00,1924.111,1926.955,1923.167,1926.917,5373,No Trade
2023-10-17 18:00:00,1919.833,1922.13,1919.209,1922.062,3502,No Trade
2023-10-17 20:00:00,1922.738,1923.357,1922.243,1923.268,1626,No Trade
2023-10-17 22:00:00,1923.87,1925.608,1923.333,1924.965,1193,No Trade
2023-10-17 23:00:00,1924.999,1925.529,1924.158,1924.802,1500,No Trade
2023-10-18 00:00:00,1924.8,1928.319,1923.84,1927.47,2981,No Trade
2023-10-18 02:00:00,1939.155,1942.887,1935.909,1937.357,4791,No Trade
2023-10-18 03:00:00,1937.351,1938.187,1935.27,1937.537,3114,No Trade
2023-10-18 04:00:00,1937.532,1938.652,1936.809,1938.143,2442,No Trade
2023-10-18 07:00:00,1936.15,1940.213,1935.681,1939.653,4541,No Trade
2023-10-18 09:00:00,1938.426,1946.169,1938.339,1944.361,4457,No Trade
2023-10-18 11:00:00,1945.303,1947.548,1944.266,1946.201,3915,No Trade
2023-10-18 12:00:00,1946.17,1950.154,1944.904,1948.861,7195,No Trade
2023-10-18 13:00:00,1948.898,1962.697,1947.266,1957.061,9692,No Trade
2023-10-18 15:00:00,1946.995,1947.496,1938.181,1945.274,8113,No Trade
2023-10-18 16:00:00,1945.304,1950.546,1944.682,1949.858,4920,No Trade
2023-10-18 17:00:00,1949.889,1956.614,1949.544,1954.039,5439,No Trade
2023-10-18 19:00:00,1950.642,1951.718,1948.598,1950.433,3382,No Trade
2023-10-18 22:00:00,1947.734,1951.058,1947.362,1949.773,1827,No Trade
2023-10-18 23:00:00,1949.762,1951.727,1949.762,1950.977,1871,No Trade
2023-10-19 01:00:00,1950.24,1951.689,1946.348,1948.368,3818,No Trade
2023-10-19 02:00:00,1948.367,1950.111,1947.767,1949.626,3077,No Trade
2023-10-19 04:00:00,1946.356,1948.957,1945.354,1948.24,2687,No Trade
2023-10-19 08:00:00,1949.527,1954.566,1948.029,1949.801,5066,No Trade
2023-10-19 12:00:00,1952.187,1957.228,1950.529,1954.912,7360,No Trade
2023-10-19 13:00:00,1954.88,1956.47,1950.081,1954.458,7887,No Trade
2023-10-19 14:00:00,1954.493,1955.169,1949.791,1950.417,7180,No Trade
2023-10-19 15:00:00,1950.404,1960.022,1950.093,1956.198,6287,No Trade
2023-10-19 18:00:00,1972.666,1975.14,1970.723,1973.132,5977,No Trade
2023-10-19 20:00:00,1974.394,1975.328,1972.97,1974.074,2459,No Trade
2023-10-20 02:00:00,1977.874,1981.964,1976.658,1979.496,4432,No Trade
2023-10-20 05:00:00,1977.348,1980.031,1975.985,1977.689,3635,No Trade
2023-10-20 07:00:00,1979.426,1982.203,1978.199,1980.18,5122,No Trade
2023-10-20 08:00:00,1980.202,1985.277,1980.047,1983.76,4771,No Trade
2023-10-20 09:00:00,1983.773,1985.408,1980.373,1982.629,4264,No Trade
2023-10-20 12:00:00,1977.394,1980.225,1973.365,1978.383,6943,No Trade
2023-10-20 13:00:00,1978.353,1988.081,1976.604,1987.196,9025,No Trade
2023-10-20 14:00:00,1987.164,1991.33,1984.247,1990.965,10013,No Trade
2023-10-20 15:00:00,1990.996,1997.242,1989.892,1991.699,6808,No Trade
2023-10-20 17:00:00,1982.661,1986.744,1974.402,1982.559,9294,No Trade
2023-10-20 18:00:00,1982.558,1982.798,1976.097,1980.357,5324,No Trade
2023-10-20 19:00:00,1980.35,1982.147,1978.958,1979.717,3813,No Trade
2023-10-20 20:00:00,1979.687,1981.413,1979.021,1980.874,2136,No Trade
2023-10-22 22:00:00,1972.832,1978.641,1972.832,1976.379,3323,No Trade
2023-10-23 01:00:00,1966.4,1968.383,1964.501,1966.756,5632,No Trade
2023-10-23 02:00:00,1966.758,1974.427,1966.623,1972.789,4480,No Trade
2023-10-23 03:00:00,1972.756,1974.86,1971.766,1973.755,3651,No Trade
2023-10-23 04:00:00,1973.742,1974.811,1972.789,1973.794,3033,No Trade
2023-10-23 05:00:00,1973.784,1976.808,1972.779,1975.771,3745,No Trade
2023-10-23 06:00:00,1975.786,1977.654,1975.211,1975.811,4079,No Trade
2023-10-23 07:00:00,1975.771,1979.829,1974.522,1979.485,5006,No Trade
2023-10-23 08:00:00,1979.446,1982.066,1979.124,1981.51,4404,No Trade
2023-10-23 09:00:00,1981.524,1982.868,1976.979,1977.732,4245,No Trade
2023-10-23 10:00:00,1977.735,1978.566,1975.367,1977.542,3944,No Trade
2023-10-23 11:00:00,1977.545,1979.949,1976.026,1979.373,4354,No Trade
2023-10-23 12:00:00,1979.394,1982.021,1976.065,1977.608,6576,No Trade
2023-10-23 14:00:00,1974.848,1978.651,1972.496,1976.319,8008,No Trade
2023-10-23 17:00:00,1974.545,1977.75,1972.384,1976.276,5463,No Trade
2023-10-23 18:00:00,1976.292,1978.164,1975.773,1977.573,3347,No Trade
2023-10-23 20:00:00,1973.203,1973.552,1971.596,1972.85,1898,No Trade
2023-10-24 00:00:00,1973.62,1976.016,1972.479,1973.883,2866,No Trade
2023-10-24 01:00:00,1973.886,1978.818,1973.886,1976.676,4175,No Trade
2023-10-24 03:00:00,1977.738,1978.256,1975.393,1976.939,3252,No Trade
2023-10-24 06:00:00,1976.515,1978.143,1975.73,1977.673,4194,No Trade
2023-10-24 12:00:00,1963.823,1966.911,1960.773,1964.93,7107,No Trade
2023-10-24 13:00:00,1964.952,1966.266,1959.054,1964.613,10346,No Trade
2023-10-24 14:00:00,1964.629,1965.863,1961.825,1963.904,7766,No Trade
2023-10-24 15:00:00,1963.906,1970.135,1961.323,1969.819,5904,No Trade
2023-10-24 16:00:00,1969.78,1976.054,1968.934,1974.363,5174,No Trade
2023-10-24 17:00:00,1974.351,1977.64,1973.7,1975.974,4252,No Trade
2023-10-24 19:00:00,1973.739,1974.047,1971.156,1972.767,3148,No Trade
2023-10-24 22:00:00,1970.941,1971.107,1970.048,1970.551,1127,No Trade
2023-10-24 23:00:00,1970.571,1973.512,1970.431,1972.944,1557,No Trade
2023-10-25 00:00:00,1972.948,1975.363,1972.038,1974.474,3184,No Trade
2023-10-25 01:00:00,1974.49,1977.073,1972.803,1976.025,4118,No Trade
2023-10-25 05:00:00,1972.489,1973.516,1970.829,1972.93,3078,No Trade
2023-10-25 07:00:00,1971.455,1973.334,1968.358,1971.223,4487,No Trade
2023-10-25 10:00:00,1969.615,1974.059,1969.546,1973.127,3659,No Trade
2023-10-25 11:00:00,1973.088,1976.53,1972.513,1974.754,3974,No Trade
2023-10-25 12:00:00,1974.795,1976.956,1972.463,1975.174,5750,No Trade
2023-10-25 13:00:00,1975.209,1987.335,1974.89,1985.212,8836,No Trade
2023-10-25 17:00:00,1978.216,1985.788,1976.611,1983.204,6883,No Trade
2023-10-25 20:00:00,1980.817,1980.884,1977.798,1979.998,2454,No Trade
2023-10-25 23:00:00,1982.155,1983.895,1981.533,1983.02,3519,No Trade
2023-10-26 00:00:00,1983.041,1984.838,1982.507,1983.485,3077,No Trade
2023-10-26 01:00:00,1983.515,1986.728,1983.317,1985.108,3959,No Trade
2023-10-26 03:00:00,1984.911,1987.475,1983.5,1987.231,2973,No Trade
2023-10-26 04:00:00,1987.228,1989.471,1987.187,1988.526,2497,No Trade
2023-10-26 07:00:00,1985.044,1990.135,1984.401,1990.117,4978,No Trade
2023-10-26 08:00:00,1990.133,1993.524,1988.713,1992.177,3948,No Trade
2023-10-26 09:00:00,1992.195,1992.232,1989.397,1990.709,3687,No Trade
2023-10-26 13:00:00,1979.553,1981.868,1974.66,1979.002,10367,No Trade
2023-10-26 15:00:00,1979.587,1981.362,1976.468,1980.304,5881,No Trade
2023-10-26 16:00:00,1980.301,1985.878,1979.771,1984.233,5318,No Trade
2023-10-26 17:00:00,1984.239,1989.353,1984.14,1987.0,5477,No Trade
2023-10-26 20:00:00,1984.396,1985.612,1983.938,1984.964,1798,No Trade
2023-10-26 22:00:00,1984.754,1985.67,1983.957,1985.341,1145,No Trade
2023-10-27 01:00:00,1983.587,1986.934,1983.263,1985.574,4088,No Trade
2023-10-27 03:00:00,1986.794,1988.378,1986.494,1987.96,2361,No Trade
2023-10-27 04:00:00,1987.952,1990.025,1987.952,1989.539,2618,No Trade
2023-10-27 06:00:00,1988.999,1989.767,1986.267,1987.577,4198,No Trade
2023-10-27 07:00:00,1987.605,1989.083,1985.889,1987.431,3997,No Trade
2023-10-27 08:00:00,1987.431,1987.509,1985.544,1986.954,3380,No Trade
2023-10-27 11:00:00,1980.606,1983.049,1980.012,1981.923,3942,No Trade
2023-10-27 12:00:00,1981.871,1986.219,1977.096,1980.45,9099,No Trade
2023-10-27 13:00:00,1980.418,1985.101,1976.938,1983.105,10139,No Trade
2023-10-27 16:00:00,1979.967,1983.839,1979.228,1983.695,3860,No Trade
2023-10-27 18:00:00,1996.778,2008.692,1995.894,2005.459,8447,No Trade
2023-10-27 20:00:00,2007.076,2007.23,2004.433,2006.183,3163,No Trade
2023-10-29 22:00:00,2003.089,2004.841,1996.933,2001.399,6026,No Trade
2023-10-29 23:00:00,2001.386,2003.732,2000.614,2002.721,3357,No Trade
2023-10-30 00:00:00,2002.749,2006.867,2002.337,2004.717,3844,No Trade
2023-10-30 01:00:00,2004.756,2005.833,2002.571,2004.702,3977,No Trade
2023-10-30 12:00:00,1995.818,2000.072,1993.839,1998.014,6591,No Trade
2023-10-30 13:00:00,1997.983,2002.546,1996.021,1998.529,8510,No Trade
2023-10-30 14:00:00,1998.524,2002.522,1992.075,1997.174,9886,No Trade
2023-10-30 15:00:00,1997.142,2000.439,1996.334,1999.159,5558,No Trade
2023-10-30 16:00:00,1999.195,2000.715,1997.749,1999.047,4186,No Trade
2023-10-30 17:00:00,1999.089,1999.828,1994.755,1998.053,4169,No Trade
2023-10-30 18:00:00,1998.046,1999.937,1997.386,1997.948,3096,No Trade
2023-10-30 20:00:00,1995.972,1996.76,1995.261,1996.26,1596,No Trade
2023-10-30 23:00:00,1995.183,1996.246,1994.029,1995.613,2189,No Trade
2023-10-31 00:00:00,1995.631,1996.346,1994.411,1995.694,2832,No Trade
2023-10-31 01:00:00,1995.695,1997.341,1994.804,1996.38,3556,No Trade
2023-10-31 06:00:00,1993.149,1995.247,1992.488,1994.931,3053,No Trade
2023-10-31 07:00:00,1994.937,1997.704,1994.764,1996.347,3585,No Trade
2023-10-31 08:00:00,1996.346,1999.253,1995.188,1997.1,4044,No Trade
2023-10-31 09:00:00,1997.093,1998.521,1996.253,1997.57,4093,No Trade
2023-10-31 13:00:00,1995.73,2004.094,1994.63,2002.564,7626,No Trade
2023-11-01 01:00:00,1980.054,1981.474,1978.041,1979.587,3680,No Trade
2023-11-01 08:00:00,1977.197,1983.012,1977.185,1982.48,4105,No Trade
2023-11-01 09:00:00,1982.501,1983.766,1980.531,1982.689,3547,No Trade
2023-11-01 10:00:00,1982.721,1984.128,1982.082,1983.208,3376,No Trade
2023-11-01 11:00:00,1983.221,1985.228,1982.435,1983.518,3386,No Trade
2023-11-01 12:00:00,1983.515,1988.602,1983.301,1986.586,7360,No Trade
2023-11-01 20:00:00,1978.663,1982.944,1977.215,1982.33,2566,No Trade
2023-11-01 23:00:00,1983.818,1985.733,1983.569,1985.11,3030,No Trade
2023-11-02 03:00:00,1983.851,1985.603,1983.413,1985.474,2534,No Trade
2023-11-02 07:00:00,1985.791,1986.489,1983.715,1985.508,3384,No Trade
2023-11-02 08:00:00,1985.477,1988.508,1984.607,1986.92,3646,No Trade
2023-11-02 11:00:00,1988.921,1990.431,1987.539,1988.574,3380,No Trade
2023-11-02 16:00:00,1981.227,1983.452,1979.086,1981.89,5132,No Trade
2023-11-02 17:00:00,1981.894,1986.756,1981.551,1985.111,3715,No Trade
2023-11-02 18:00:00,1985.104,1986.311,1984.478,1985.992,2816,No Trade
2023-11-02 19:00:00,1985.962,1986.396,1983.759,1985.499,2661,No Trade
2023-11-02 23:00:00,1985.034,1986.374,1984.401,1985.061,1508,No Trade
2023-11-03 02:00:00,1983.978,1987.913,1983.855,1987.423,2988,No Trade
2023-11-03 05:00:00,1985.793,1987.293,1985.749,1987.08,1974,No Trade
2023-11-03 06:00:00,1987.081,1988.341,1985.994,1987.637,2845,No Trade
2023-11-03 07:00:00,1987.641,1989.145,1984.683,1986.625,3763,No Trade
2023-11-03 08:00:00,1986.623,1989.163,1986.212,1988.625,3400,No Trade
2023-11-03 12:00:00,1987.688,2004.102,1985.901,2000.257,9360,No Trade
2023-11-03 13:00:00,2000.23,2001.806,1986.399,1995.376,16885,No Trade
2023-11-03 14:00:00,1995.534,1999.215,1988.679,1994.51,11822,No Trade
2023-11-03 17:00:00,1990.444,1993.665,1989.959,1993.138,4321,No Trade
2023-11-03 18:00:00,1993.139,1995.126,1992.866,1995.095,3018,No Trade
2023-11-03 20:00:00,1992.792,1992.985,1992.122,1992.616,1593,No Trade
2023-11-06 00:00:00,1988.573,1991.797,1987.145,1991.119,3044,No Trade
2023-11-06 01:00:00,1991.12,1993.142,1989.749,1992.118,4195,No Trade
2023-11-06 02:00:00,1992.122,1992.991,1986.874,1987.174,3086,No Trade
2023-11-06 03:00:00,1987.143,1988.306,1981.96,1985.286,3862,No Trade
2023-11-06 05:00:00,1983.814,1985.308,1982.346,1983.978,3386,No Trade
2023-11-06 07:00:00,1984.287,1984.983,1982.365,1983.535,3309,No Trade
2023-11-06 08:00:00,1983.561,1988.041,1982.989,1986.076,4392,No Trade
2023-11-06 09:00:00,1986.114,1987.329,1985.613,1986.869,3462,No Trade
2023-11-06 10:00:00,1986.854,1988.453,1986.275,1987.33,3101,No Trade
2023-11-06 13:00:00,1984.511,1989.147,1983.507,1986.392,5399,No Trade
2023-11-06 16:00:00,1981.223,1984.223,1979.937,1983.52,4828,No Trade
2023-11-06 17:00:00,1983.53,1984.521,1983.025,1983.757,3144,No Trade
2023-11-07 01:00:00,1976.014,1976.748,1974.866,1975.881,3495,No Trade
2023-11-07 05:00:00,1971.472,1974.237,1971.166,1973.737,2828,No Trade
2023-11-07 09:00:00,1966.772,1968.918,1964.257,1966.431,4112,No Trade
2023-11-07 10:00:00,1966.402,1968.105,1965.53,1966.204,4021,No Trade
2023-11-07 13:00:00,1958.818,1966.925,1956.724,1966.558,7135,No Trade
2023-11-07 17:00:00,1964.762,1964.946,1961.837,1964.006,4005,No Trade
2023-11-07 20:00:00,1967.524,1969.164,1967.011,1969.031,2931,No Trade
2023-11-07 23:00:00,1969.351,1969.437,1968.286,1969.002,2100,No Trade
2023-11-08 01:00:00,1968.192,1969.964,1967.653,1968.71,3249,No Trade
2023-11-08 02:00:00,1968.706,1971.089,1967.421,1968.686,3202,No Trade
2023-11-08 06:00:00,1965.677,1969.201,1965.205,1967.393,3316,No Trade
2023-11-08 07:00:00,1967.397,1968.602,1965.643,1967.693,3544,No Trade
2023-11-08 08:00:00,1967.661,1969.037,1967.029,1968.258,3823,No Trade
2023-11-08 11:00:00,1962.073,1965.061,1961.799,1964.486,3226,No Trade
2023-11-08 16:00:00,1955.425,1957.965,1952.287,1954.953,6578,No Trade
2023-11-08 20:00:00,1948.224,1950.305,1947.435,1949.717,3074,No Trade
2023-11-08 21:00:00,1949.686,1950.76,1949.472,1950.265,1985,No Trade
2023-11-08 23:00:00,1950.019,1951.915,1949.991,1950.912,2516,No Trade
2023-11-09 01:00:00,1952.036,1954.6,1951.471,1953.385,3983,No Trade
2023-11-09 02:00:00,1953.385,1953.412,1949.074,1950.06,4161,No Trade
2023-11-09 03:00:00,1950.068,1950.485,1947.866,1949.302,3012,No Trade
2023-11-09 07:00:00,1949.382,1950.569,1948.741,1949.428,3258,No Trade
2023-11-09 10:00:00,1946.948,1948.497,1945.313,1947.159,3120,No Trade
2023-11-09 11:00:00,1947.162,1949.331,1946.132,1948.894,2897,No Trade
2023-11-09 13:00:00,1945.907,1951.355,1944.907,1950.612,7152,No Trade
2023-11-09 15:00:00,1958.141,1965.023,1955.456,1963.025,7811,No Trade
2023-11-09 18:00:00,1961.911,1965.818,1958.437,1963.096,6721,No Trade
2023-11-09 19:00:00,1963.065,1963.119,1956.258,1958.449,6068,No Trade
2023-11-09 21:00:00,1957.38,1958.682,1956.96,1958.414,1925,No Trade
2023-11-09 23:00:00,1958.3,1959.782,1958.072,1959.158,2443,No Trade
2023-11-10 00:00:00,1959.159,1960.666,1958.6,1960.577,2909,No Trade
2023-11-10 02:00:00,1959.178,1960.046,1956.526,1958.388,3124,No Trade
2023-11-10 03:00:00,1958.356,1960.472,1957.756,1959.486,2968,No Trade
2023-11-10 05:00:00,1957.892,1957.91,1956.486,1957.387,2605,No Trade
2023-11-10 06:00:00,1957.389,1958.32,1955.739,1957.067,3005,No Trade
2023-11-10 12:00:00,1948.267,1949.248,1943.466,1947.411,4652,No Trade
2023-11-10 13:00:00,1947.364,1948.746,1943.228,1946.228,6233,No Trade
2023-11-10 15:00:00,1942.449,1946.912,1939.778,1942.07,7615,No Trade
2023-11-10 18:00:00,1936.855,1937.729,1932.998,1936.01,4251,No Trade
2023-11-10 20:00:00,1935.536,1936.689,1934.653,1936.124,2624,No Trade
2023-11-10 21:00:00,1936.151,1939.005,1935.937,1938.453,2252,No Trade
2023-11-13 01:00:00,1939.443,1940.892,1938.109,1940.368,3883,No Trade
2023-11-13 05:00:00,1935.755,1939.751,1935.749,1939.127,3156,No Trade
2023-11-13 07:00:00,1938.728,1941.286,1937.796,1938.863,3925,No Trade
2023-11-13 13:00:00,1936.292,1938.056,1934.019,1936.075,4996,No Trade
2023-11-13 17:00:00,1945.812,1949.287,1944.958,1945.842,3918,No Trade
2023-11-13 19:00:00,1947.911,1948.11,1945.801,1946.242,2547,No Trade
2023-11-14 02:00:00,1945.754,1946.729,1944.419,1945.864,3049,No Trade
2023-11-14 04:00:00,1944.831,1945.529,1943.946,1944.786,2188,No Trade
2023-11-14 05:00:00,1944.781,1945.291,1943.832,1944.496,2421,No Trade
2023-11-14 07:00:00,1944.685,1946.529,1944.384,1945.693,2945,No Trade
2023-11-14 08:00:00,1945.711,1946.054,1944.397,1945.435,3223,No Trade
2023-11-14 09:00:00,1945.434,1948.053,1945.308,1947.197,3833,No Trade
2023-11-14 10:00:00,1947.189,1948.189,1946.276,1946.914,3254,No Trade
2023-11-14 13:00:00,1945.222,1959.153,1937.683,1954.439,11773,No Trade
2023-11-14 14:00:00,1954.407,1971.054,1953.687,1967.798,11676,No Trade
2023-11-14 16:00:00,1964.449,1966.656,1963.239,1964.238,5351,No Trade
2023-11-14 18:00:00,1962.259,1964.418,1961.683,1962.805,3736,No Trade
2023-11-14 19:00:00,1962.826,1963.858,1962.358,1963.718,2912,No Trade
2023-11-14 20:00:00,1963.723,1964.563,1963.021,1963.85,2790,No Trade
2023-11-15 01:00:00,1963.71,1964.049,1961.637,1962.783,3795,No Trade
2023-11-15 04:00:00,1966.927,1968.025,1966.509,1967.58,2705,No Trade
2023-11-15 05:00:00,1967.571,1967.712,1965.97,1967.001,3060,No Trade
2023-11-15 06:00:00,1966.987,1970.582,1966.9,1969.653,3413,No Trade
2023-11-15 08:00:00,1970.388,1972.595,1969.85,1971.567,4386,No Trade
2023-11-15 09:00:00,1971.534,1972.226,1970.079,1971.495,3770,No Trade
2023-11-15 10:00:00,1971.523,1974.13,1971.307,1973.115,3507,No Trade
2023-11-15 11:00:00,1973.145,1973.564,1971.971,1972.996,3170,No Trade
2023-11-15 15:00:00,1957.51,1964.516,1957.227,1963.215,6475,No Trade
2023-11-15 16:00:00,1963.232,1963.76,1959.221,1962.358,4962,No Trade
2023-11-15 19:00:00,1960.492,1962.236,1960.398,1961.786,2914,No Trade
2023-11-15 21:00:00,1959.486,1960.479,1959.206,1959.557,1522,No Trade
2023-11-15 23:00:00,1960.36,1961.049,1959.75,1960.431,2003,No Trade
2023-11-16 00:00:00,1960.433,1961.458,1958.902,1959.669,2451,No Trade
2023-11-16 01:00:00,1959.663,1959.899,1957.687,1958.37,3515,No Trade
2023-11-16 02:00:00,1958.388,1961.066,1956.537,1960.749,3730,No Trade
2023-11-16 03:00:00,1960.745,1962.239,1960.403,1961.501,2724,No Trade
2023-11-16 04:00:00,1961.497,1962.657,1960.885,1962.621,2232,No Trade
2023-11-16 05:00:00,1962.656,1963.926,1962.192,1962.948,2726,No Trade
2023-11-16 07:00:00,1966.953,1967.845,1965.752,1966.605,3395,No Trade
2023-11-16 11:00:00,1965.173,1966.504,1964.825,1965.636,2839,No Trade
2023-11-16 12:00:00,1965.631,1965.731,1962.169,1964.366,3667,No Trade
2023-11-16 13:00:00,1964.374,1973.001,1964.257,1972.161,6697,No Trade
2023-11-16 14:00:00,1972.158,1982.77,1971.592,1979.761,7930,No Trade
2023-11-16 15:00:00,1979.796,1986.553,1979.169,1984.979,7643,No Trade
2023-11-16 17:00:00,1982.043,1983.75,1980.91,1983.451,4431,No Trade
2023-11-16 23:00:00,1980.952,1982.965,1980.875,1982.645,1877,No Trade
2023-11-17 00:00:00,1982.749,1985.041,1981.833,1985.031,2453,No Trade
2023-11-17 02:00:00,1983.486,1985.796,1983.22,1985.38,3434,No Trade
2023-11-17 03:00:00,1985.383,1986.931,1985.215,1986.764,3132,No Trade
2023-11-17 07:00:00,1983.629,1987.769,1982.917,1987.763,3514,No Trade
2023-11-17 09:00:00,1988.778,1992.487,1988.235,1991.344,4187,No Trade
2023-11-17 12:00:00,1988.902,1990.888,1987.72,1988.816,3895,No Trade
2023-11-17 15:00:00,1980.476,1984.375,1980.013,1983.5,5824,No Trade
2023-11-17 18:00:00,1981.117,1982.841,1980.531,1982.02,3425,No Trade
2023-11-17 19:00:00,1982.028,1982.058,1979.764,1980.421,2884,No Trade
2023-11-20 01:00:00,1977.54,1983.11,1977.387,1981.154,4625,No Trade
2023-11-20 02:00:00,1981.194,1985.221,1979.784,1982.904,4237,No Trade
2023-11-20 03:00:00,1982.863,1983.175,1980.261,1982.366,3722,No Trade
2023-11-20 06:00:00,1980.713,1981.889,1978.871,1980.361,3971,No Trade
2023-11-20 09:00:00,1977.052,1980.626,1976.323,1979.33,4276,No Trade
2023-11-20 14:00:00,1968.265,1973.065,1965.516,1970.306,6655,No Trade
2023-11-20 15:00:00,1970.275,1973.143,1968.854,1971.987,5511,No Trade
2023-11-20 16:00:00,1972.025,1975.203,1971.327,1974.592,4488,No Trade
2023-11-20 18:00:00,1973.813,1979.014,1973.477,1977.524,5222,No Trade
2023-11-20 20:00:00,1978.482,1978.947,1976.988,1977.844,3029,No Trade
2023-11-21 02:00:00,1990.078,1992.795,1988.877,1990.784,4107,No Trade
2023-11-21 03:00:00,1990.825,1994.376,1989.867,1993.357,3587,No Trade
2023-11-21 10:00:00,1985.45,1989.986,1985.407,1988.672,3802,No Trade
2023-11-21 11:00:00,1988.641,1989.0,1986.125,1987.302,3762,No Trade
2023-11-21 12:00:00,1987.316,1989.464,1986.701,1989.207,4288,No Trade
2023-11-21 13:00:00,1989.267,2000.306,1989.267,1997.646,7927,No Trade
2023-11-21 14:00:00,1997.683,2007.394,1997.332,2005.383,7964,No Trade
2023-11-21 15:00:00,2005.358,2007.586,2003.018,2004.258,6872,No Trade
2023-11-21 18:00:00,2001.511,2001.895,1997.877,1998.711,4405,No Trade
2023-11-21 23:00:00,1998.667,1999.997,1998.31,1999.439,2085,No Trade
2023-11-22 02:00:00,1996.192,1997.727,1995.562,1996.831,3554,No Trade
2023-11-22 04:00:00,1996.561,2000.408,1996.27,1999.405,2750,No Trade
2023-11-22 05:00:00,1999.356,1999.818,1996.832,1998.822,3537,No Trade
2023-11-22 06:00:00,1998.869,2001.331,1998.285,2000.895,4419,No Trade
2023-11-22 07:00:00,2000.93,2004.128,2000.22,2003.757,4274,No Trade
2023-11-22 09:00:00,1999.766,2003.673,1999.07,2002.196,4039,No Trade
2023-11-22 12:00:00,2000.704,2003.185,2000.134,2001.995,3599,No Trade
2023-11-22 14:00:00,1999.205,2002.467,1998.601,2001.791,6454,No Trade
2023-11-22 18:00:00,1991.587,1992.691,1986.951,1988.481,3796,No Trade
2023-11-22 19:00:00,1988.525,1991.262,1988.456,1990.747,3429,No Trade
2023-11-22 21:00:00,1989.752,1990.236,1989.446,1989.868,1765,No Trade
2023-11-23 00:00:00,1990.615,1992.234,1990.216,1992.032,2650,No Trade
2023-11-23 01:00:00,1992.033,1994.152,1991.265,1993.541,3667,No Trade
2023-11-23 02:00:00,1993.543,1995.091,1993.284,1994.32,3243,No Trade
2023-11-23 03:00:00,1994.32,1998.338,1993.167,1997.804,3162,No Trade
2023-11-23 04:00:00,1997.786,1997.922,1993.42,1995.263,2886,No Trade
2023-11-23 05:00:00,1995.268,1996.55,1994.385,1996.284,2797,No Trade
2023-11-23 06:00:00,1996.278,1997.637,1995.341,1996.27,3229,No Trade
2023-11-23 07:00:00,1996.274,1998.661,1994.223,1996.465,3711,No Trade
2023-11-23 09:00:00,1995.017,1995.525,1992.293,1994.408,3656,No Trade
2023-11-23 10:00:00,1994.406,1994.961,1992.228,1993.589,2999,No Trade
2023-11-23 11:00:00,1993.596,1994.497,1993.002,1993.941,2745,No Trade
2023-11-23 13:00:00,1992.516,1993.419,1991.92,1992.827,3289,No Trade
2023-11-23 14:00:00,1992.837,1994.954,1992.137,1993.939,3604,No Trade
2023-11-23 23:00:00,1992.738,1994.466,1992.67,1994.138,1467,No Trade
2023-11-24 00:00:00,1994.172,1994.981,1993.134,1993.961,2830,No Trade
2023-11-24 04:00:00,1993.624,1994.89,1991.563,1993.822,3539,No Trade
2023-11-24 06:00:00,1994.315,1994.373,1992.592,1993.646,3196,No Trade
2023-11-24 08:00:00,1993.553,1994.37,1992.321,1993.487,3697,No Trade
2023-11-24 09:00:00,1993.428,1994.983,1993.28,1994.586,3317,No Trade
2023-11-24 10:00:00,1994.624,1996.397,1994.344,1995.801,3454,No Trade
2023-11-24 13:00:00,1995.494,2002.006,1994.424,1999.668,6066,No Trade
2023-11-24 15:00:00,2001.284,2003.721,1997.349,1998.431,5697,No Trade
2023-11-24 16:00:00,1998.44,2000.382,1997.209,1999.96,4138,No Trade
2023-11-26 23:00:00,2001.056,2003.134,2000.642,2002.405,2316,No Trade
2023-11-27 01:00:00,2002.206,2018.287,2002.185,2012.057,7999,No Trade
2023-11-27 03:00:00,2011.317,2011.956,2007.52,2009.651,3859,No Trade
2023-11-27 04:00:00,2009.631,2013.728,2008.492,2012.997,3882,No Trade
2023-11-27 07:00:00,2009.727,2011.372,2009.562,2010.954,4142,No Trade
2023-11-27 10:00:00,2013.505,2015.088,2011.825,2014.419,4033,No Trade
2023-11-27 11:00:00,2014.42,2015.05,2011.797,2012.618,3700,No Trade
2023-11-27 12:00:00,2012.628,2014.476,2011.546,2013.6,3854,No Trade
2023-11-27 14:00:00,2011.466,2013.221,2010.661,2011.54,6277,No Trade
2023-11-27 17:00:00,2010.821,2011.181,2008.777,2010.029,3870,No Trade
2023-11-27 18:00:00,2010.047,2013.222,2009.582,2012.438,3830,No Trade
2023-11-27 19:00:00,2012.44,2013.663,2012.135,2012.876,2911,No Trade
2023-11-27 20:00:00,2012.87,2014.807,2012.024,2014.434,2926,No Trade
2023-11-27 21:00:00,2014.403,2014.641,2013.6,2014.188,1954,No Trade
2023-11-27 23:00:00,2014.142,2015.523,2013.12,2015.315,1963,No Trade
2023-11-28 00:00:00,2015.317,2018.127,2015.317,2017.174,3260,No Trade
2023-11-28 02:00:00,2015.557,2017.823,2014.19,2015.313,3532,No Trade
2023-11-28 04:00:00,2015.037,2016.964,2014.151,2015.241,2655,No Trade
2023-11-28 05:00:00,2015.282,2015.907,2014.33,2015.221,2702,No Trade
2023-11-28 06:00:00,2015.206,2016.872,2014.456,2015.893,3109,No Trade
2023-11-28 08:00:00,2013.619,2015.791,2012.577,2015.42,4367,No Trade
2023-11-28 09:00:00,2015.459,2016.761,2014.439,2016.018,3580,No Trade
2023-11-28 10:00:00,2016.032,2016.227,2013.458,2014.602,3158,No Trade
2023-11-28 11:00:00,2014.635,2015.803,2014.448,2015.227,3034,No Trade
2023-11-28 13:00:00,2014.45,2021.643,2011.487,2021.527,6329,No Trade
2023-11-28 14:00:00,2021.55,2028.548,2020.641,2026.182,8342,No Trade
2023-11-28 15:00:00,2026.173,2031.609,2023.765,2030.894,8013,No Trade
2023-11-28 17:00:00,2039.786,2043.126,2038.768,2040.736,5128,No Trade
2023-11-28 19:00:00,2039.518,2042.627,2039.476,2041.872,3536,No Trade
2023-11-28 20:00:00,2041.869,2041.939,2039.718,2041.228,3173,No Trade
2023-11-28 21:00:00,2041.197,2042.223,2040.086,2041.026,2158,No Trade
2023-11-28 23:00:00,2041.356,2044.673,2040.781,2044.506,3064,No Trade
2023-11-29 00:00:00,2044.526,2049.695,2042.851,2049.504,4548,No Trade
2023-11-29 01:00:00,2049.51,2052.13,2046.81,2048.742,5955,No Trade
2023-11-29 04:00:00,2044.116,2046.536,2043.327,2046.25,3015,No Trade
2023-11-29 05:00:00,2046.26,2049.066,2044.445,2046.006,4218,No Trade
2023-11-29 08:00:00,2042.513,2044.182,2041.362,2042.827,4830,No Trade
2023-11-29 12:00:00,2040.118,2042.4,2039.048,2041.413,4311,No Trade
2023-11-29 14:00:00,2039.164,2045.73,2037.152,2044.374,8935,No Trade
2023-11-29 15:00:00,2044.324,2047.071,2039.138,2042.986,9326,No Trade
2023-11-29 16:00:00,2042.96,2043.389,2039.534,2042.179,5644,No Trade
2023-11-29 17:00:00,2042.193,2045.842,2041.64,2045.023,4494,No Trade
2023-11-29 18:00:00,2045.067,2048.402,2044.309,2047.91,4145,No Trade
2023-11-29 21:00:00,2044.657,2044.94,2043.82,2044.341,2043,No Trade
2023-11-29 23:00:00,2044.805,2045.495,2044.154,2044.743,1963,No Trade
2023-11-30 00:00:00,2044.74,2046.926,2044.232,2046.711,2731,No Trade
2023-11-30 02:00:00,2043.425,2046.507,2042.672,2045.984,3613,No Trade
2023-11-30 03:00:00,2045.967,2047.362,2044.318,2046.139,3186,No Trade
2023-11-30 07:00:00,2045.92,2046.977,2042.451,2044.674,4142,No Trade
2023-11-30 12:00:00,2037.293,2039.156,2036.933,2038.417,4172,No Trade
2023-11-30 14:00:00,2036.933,2039.941,2031.417,2036.625,10772,No Trade
2023-11-30 16:00:00,2037.941,2040.518,2036.61,2039.667,5934,No Trade
2023-11-30 19:00:00,2034.991,2037.138,2034.579,2036.22,2828,No Trade
2023-11-30 21:00:00,2036.124,2036.805,2034.92,2036.158,2028,No Trade
2023-11-30 23:00:00,2037.119,2040.618,2036.594,2040.075,1965,No Trade
2023-12-01 00:00:00,2040.175,2042.649,2039.909,2041.926,3105,No Trade
2023-12-01 01:00:00,2041.909,2043.47,2041.297,2041.822,4137,No Trade
2023-12-01 04:00:00,2039.503,2040.594,2038.908,2040.27,2578,No Trade
2023-12-01 05:00:00,2040.266,2041.637,2039.811,2041.046,3219,No Trade
2023-12-01 13:00:00,2036.057,2039.401,2035.083,2037.682,6128,No Trade
2023-12-01 14:00:00,2037.722,2043.324,2035.256,2042.675,6919,No Trade
2023-12-01 15:00:00,2042.895,2053.4,2042.048,2049.396,12705,No Trade
2023-12-01 16:00:00,2049.436,2060.717,2044.707,2058.896,12496,No Trade
2023-12-01 17:00:00,2058.849,2067.776,2057.389,2067.297,6516,No Trade
2023-12-01 18:00:00,2067.225,2075.429,2065.726,2071.836,4867,No Trade
2023-12-01 20:00:00,2067.139,2071.078,2066.541,2070.888,3291,No Trade
2023-12-01 21:00:00,2070.814,2072.0,2070.624,2071.713,1886,No Trade
2023-12-03 23:00:00,2074.269,2144.771,2071.796,2117.679,17112,No Trade
2023-12-04 05:00:00,2085.489,2090.59,2083.854,2086.085,4540,No Trade
2023-12-04 12:00:00,2070.907,2071.419,2065.604,2069.84,5356,No Trade
2023-12-04 16:00:00,2022.615,2028.182,2020.76,2026.063,12298,No Trade
2023-12-04 17:00:00,2026.092,2030.872,2023.74,2026.023,7114,No Trade
2023-12-04 18:00:00,2026.026,2026.124,2022.214,2024.44,6316,No Trade
2023-12-04 21:00:00,2026.456,2030.361,2026.456,2029.123,2775,No Trade
2023-12-04 23:00:00,2029.946,2034.229,2028.494,2034.187,3465,No Trade
2023-12-05 03:00:00,2034.75,2037.854,2034.546,2037.386,4064,No Trade
2023-12-05 05:00:00,2032.285,2034.013,2030.983,2032.212,4736,No Trade
2023-12-05 11:00:00,2025.348,2027.661,2021.593,2024.779,4696,No Trade
2023-12-05 12:00:00,2024.818,2026.62,2022.334,2024.965,5162,No Trade
2023-12-05 13:00:00,2024.925,2030.934,2024.697,2029.589,8956,No Trade
2023-12-05 15:00:00,2016.828,2026.957,2009.844,2016.332,17556,No Trade
2023-12-05 18:00:00,2017.247,2020.029,2016.699,2018.226,4436,No Trade
2023-12-05 19:00:00,2018.171,2020.421,2017.576,2019.821,3556,No Trade
2023-12-05 21:00:00,2019.315,2019.987,2018.706,2019.368,1947,No Trade
2023-12-05 23:00:00,2019.706,2019.88,2017.281,2019.003,2947,No Trade
2023-12-06 00:00:00,2019.004,2022.524,2018.783,2021.865,3506,No Trade
2023-12-06 01:00:00,2021.867,2022.81,2019.014,2020.835,4369,No Trade
2023-12-06 02:00:00,2020.84,2022.352,2019.799,2021.277,3721,No Trade
2023-12-06 03:00:00,2021.265,2024.32,2020.97,2023.23,3314,No Trade
2023-12-06 04:00:00,2023.274,2023.998,2020.487,2022.055,3057,No Trade
2023-12-06 05:00:00,2022.05,2025.545,2021.18,2024.856,3620,No Trade
2023-12-06 06:00:00,2024.856,2027.263,2023.879,2026.324,3945,No Trade
2023-12-06 07:00:00,2026.28,2036.015,2026.166,2034.126,5439,No Trade
2023-12-06 08:00:00,2034.089,2034.998,2024.537,2025.437,6016,No Trade
2023-12-06 09:00:00,2025.385,2027.9,2020.201,2021.276,5376,No Trade
2023-12-06 10:00:00,2021.273,2023.868,2021.03,2022.861,4169,No Trade
2023-12-06 12:00:00,2021.432,2027.601,2021.055,2026.263,4498,No Trade
2023-12-06 13:00:00,2026.259,2031.959,2024.616,2030.172,9423,No Trade
2023-12-06 15:00:00,2025.286,2032.053,2022.7,2030.306,8611,No Trade
2023-12-06 19:00:00,2030.694,2030.837,2028.816,2029.979,3049,No Trade
2023-12-06 23:00:00,2025.817,2027.922,2025.258,2027.106,3232,No Trade
2023-12-07 00:00:00,2027.077,2029.712,2026.718,2028.721,2949,No Trade
2023-12-07 02:00:00,2026.31,2030.147,2026.21,2029.14,3708,No Trade
2023-12-07 05:00:00,2026.134,2027.468,2025.265,2026.905,3534,No Trade
2023-12-07 06:00:00,2026.908,2029.858,2026.363,2029.72,4348,No Trade
2023-12-07 07:00:00,2029.76,2030.822,2028.339,2029.682,4893,No Trade
2023-12-07 08:00:00,2029.723,2034.989,2028.901,2033.03,5082,No Trade
2023-12-07 10:00:00,2034.224,2035.215,2032.53,2033.626,3829,No Trade
2023-12-07 11:00:00,2033.672,2034.559,2029.643,2032.662,3883,No Trade
2023-12-07 13:00:00,2033.287,2039.991,2030.204,2037.266,8770,No Trade
2023-12-07 15:00:00,2026.459,2031.443,2025.484,2029.403,8790,No Trade
2023-12-07 17:00:00,2026.564,2031.089,2020.191,2028.933,9801,No Trade
2023-12-07 18:00:00,2028.925,2032.039,2027.772,2030.458,3991,No Trade
2023-12-07 20:00:00,2029.997,2031.353,2028.738,2029.472,2639,No Trade
2023-12-07 23:00:00,2028.772,2029.024,2026.908,2028.072,2154,No Trade
2023-12-08 00:00:00,2028.161,2033.159,2027.599,2031.073,4778,No Trade
2023-12-08 02:00:00,2032.39,2033.725,2031.825,2032.609,3603,No Trade
2023-12-08 03:00:00,2032.577,2034.105,2030.95,2032.461,3634,No Trade
2023-12-08 04:00:00,2032.488,2032.509,2030.16,2031.526,2898,No Trade
2023-12-08 06:00:00,2030.081,2031.281,2028.937,2030.503,3881,No Trade
2023-12-08 08:00:00,2030.955,2031.081,2026.533,2028.304,5652,No Trade
2023-12-08 10:00:00,2028.688,2032.495,2027.195,2029.79,5473,No Trade
2023-12-08 11:00:00,2029.799,2031.045,2028.904,2030.072,4002,No Trade
2023-12-08 15:00:00,2008.766,2014.986,2006.193,2008.966,11366,No Trade
2023-12-08 18:00:00,1997.232,2000.94,1996.385,1999.46,4811,No Trade
2023-12-08 19:00:00,1999.465,2001.496,1999.3,2000.858,3530,No Trade
2023-12-08 20:00:00,2000.834,2003.691,2000.107,2002.858,3643,No Trade
2023-12-08 21:00:00,2002.905,2005.138,2002.686,2004.44,2123,No Trade
2023-12-10 23:00:00,2005.684,2007.748,2004.647,2007.154,3143,No Trade
2023-12-11 00:00:00,2007.093,2007.908,2004.654,2004.94,4085,No Trade
2023-12-11 05:00:00,1996.707,2000.009,1996.456,1998.979,3328,No Trade
2023-12-11 06:00:00,1998.969,1999.546,1997.713,1998.95,3718,No Trade
2023-12-11 08:00:00,1992.866,1997.909,1991.888,1996.129,5585,No Trade
2023-12-11 10:00:00,1993.464,1994.857,1991.255,1993.001,4007,No Trade
2023-12-11 13:00:00,1995.152,1995.785,1990.226,1993.701,6728,No Trade
2023-12-11 18:00:00,1976.841,1982.585,1975.941,1981.623,5540,No Trade
2023-12-11 19:00:00,1981.612,1983.183,1980.447,1981.674,3831,No Trade
2023-12-11 21:00:00,1980.951,1981.994,1980.758,1981.879,1633,No Trade
2023-12-12 04:00:00,1985.559,1986.553,1984.739,1985.682,2665,No Trade
2023-12-12 06:00:00,1987.565,1988.811,1987.238,1987.773,3333,No Trade
2023-12-12 07:00:00,1987.745,1989.179,1985.545,1988.121,4041,No Trade
2023-12-12 08:00:00,1988.093,1988.357,1983.736,1983.882,4546,No Trade
2023-12-12 10:00:00,1985.875,1988.324,1985.161,1986.304,3579,No Trade
2023-12-12 11:00:00,1986.335,1988.529,1985.962,1988.434,3558,No Trade
2023-12-12 12:00:00,1988.467,1989.181,1986.877,1988.365,3762,No Trade
2023-12-12 23:00:00,1980.637,1982.915,1979.929,1982.553,2322,No Trade
2023-12-13 04:00:00,1978.037,1980.072,1977.696,1978.361,2578,No Trade
2023-12-13 07:00:00,1974.421,1980.565,1973.633,1979.323,4687,No Trade
2023-12-13 08:00:00,1979.362,1982.375,1978.66,1980.394,4577,No Trade
2023-12-13 09:00:00,1980.35,1982.795,1979.609,1982.63,3806,No Trade
2023-12-13 11:00:00,1983.228,1983.668,1982.211,1982.861,3227,No Trade
2023-12-13 13:00:00,1981.472,1986.873,1979.671,1984.436,6843,No Trade
2023-12-13 15:00:00,1981.977,1983.027,1978.494,1981.884,6175,No Trade
2023-12-13 19:00:00,1982.142,2017.55,1982.062,2013.7,22176,No Trade
2023-12-13 21:00:00,2024.021,2027.972,2021.62,2027.42,4895,No Trade
2023-12-14 00:00:00,2032.958,2039.42,2030.482,2038.052,7432,No Trade
2023-12-14 02:00:00,2032.535,2034.818,2030.644,2032.789,5376,No Trade
2023-12-14 04:00:00,2031.039,2032.168,2030.127,2031.334,4007,No Trade
2023-12-14 05:00:00,2031.295,2036.142,2030.471,2035.32,4504,No Trade
2023-12-14 06:00:00,2035.336,2037.475,2034.165,2035.471,5021,No Trade
2023-12-14 09:00:00,2036.516,2038.918,2034.852,2036.754,5594,No Trade
2023-12-14 11:00:00,2034.093,2035.336,2033.159,2034.979,4525,No Trade
2023-12-14 12:00:00,2035.11,2039.32,2033.75,2038.87,5171,No Trade
2023-12-14 14:00:00,2037.32,2048.009,2034.966,2043.237,12241,No Trade
2023-12-14 16:00:00,2040.28,2041.562,2037.959,2039.551,7447,No Trade
2023-12-14 19:00:00,2031.157,2033.888,2029.932,2033.295,4714,No Trade
2023-12-14 20:00:00,2033.263,2036.772,2032.797,2036.327,4205,No Trade
2023-12-14 21:00:00,2036.289,2036.712,2035.407,2036.199,2142,No Trade
2023-12-15 02:00:00,2032.231,2037.565,2031.91,2036.103,4266,No Trade
2023-12-15 03:00:00,2036.103,2036.667,2034.116,2035.847,3561,No Trade
2023-12-15 04:00:00,2035.813,2037.406,2035.363,2036.659,3336,No Trade
2023-12-15 07:00:00,2036.152,2039.195,2035.819,2037.936,4364,No Trade
2023-12-15 08:00:00,2037.897,2040.644,2037.05,2040.076,4943,No Trade
2023-12-15 09:00:00,2040.122,2044.299,2040.102,2042.661,4991,No Trade
2023-12-15 10:00:00,2042.699,2044.472,2041.225,2042.661,4006,No Trade
2023-12-15 11:00:00,2042.612,2043.532,2040.055,2041.735,3988,No Trade
2023-12-15 21:00:00,2018.024,2019.861,2017.896,2019.591,2548,No Trade
2023-12-18 00:00:00,2017.513,2020.606,2016.167,2020.151,4514,No Trade
2023-12-18 02:00:00,2019.387,2023.397,2019.052,2021.934,3935,No Trade
2023-12-18 05:00:00,2023.18,2024.738,2022.443,2023.204,3047,No Trade
2023-12-18 06:00:00,2023.196,2024.922,2021.557,2023.305,3721,No Trade
2023-12-18 07:00:00,2023.265,2024.454,2022.632,2023.24,3761,No Trade
2023-12-18 08:00:00,2023.206,2026.296,2021.726,2024.487,5448,No Trade
2023-12-18 11:00:00,2019.395,2022.677,2018.85,2022.044,3762,No Trade
2023-12-18 12:00:00,2022.019,2024.209,2021.842,2023.67,3550,No Trade
2023-12-18 14:00:00,2025.876,2027.008,2020.903,2024.311,6620,No Trade
2023-12-18 15:00:00,2024.291,2025.359,2020.408,2022.384,5990,No Trade
2023-12-18 16:00:00,2022.429,2024.733,2021.235,2022.327,4303,No Trade
2023-12-18 20:00:00,2026.344,2027.033,2025.61,2026.549,3290,No Trade
2023-12-18 21:00:00,2026.548,2027.513,2026.36,2027.189,1712,No Trade
2023-12-19 00:00:00,2027.668,2029.395,2026.524,2027.338,3291,No Trade
2023-12-19 05:00:00,2024.239,2025.229,2022.633,2024.137,3497,No Trade
2023-12-19 06:00:00,2024.203,2026.482,2023.499,2024.892,4741,No Trade
2023-12-19 07:00:00,2024.897,2026.416,2022.963,2024.853,5001,No Trade
2023-12-19 08:00:00,2024.823,2028.552,2023.927,2027.09,4377,No Trade
2023-12-19 10:00:00,2026.365,2027.043,2024.37,2025.658,3172,No Trade
2023-12-19 11:00:00,2025.677,2027.273,2025.377,2026.623,3170,No Trade
2023-12-19 12:00:00,2026.643,2030.119,2026.267,2029.501,4958,No Trade
2023-12-19 13:00:00,2029.531,2032.765,2028.549,2030.045,5797,No Trade
2023-12-19 15:00:00,2041.481,2045.562,2039.111,2041.839,7670,No Trade
2023-12-19 16:00:00,2041.856,2047.064,2041.216,2044.373,5355,No Trade
2023-12-19 18:00:00,2040.506,2040.982,2036.726,2039.11,4713,No Trade
2023-12-19 19:00:00,2039.064,2039.796,2038.467,2039.545,3420,No Trade
2023-12-19 21:00:00,2040.451,2040.715,2039.653,2040.288,1482,No Trade
2023-12-19 23:00:00,2039.922,2041.724,2038.877,2041.031,3253,No Trade
2023-12-20 03:00:00,2040.016,2040.976,2039.088,2040.493,2965,No Trade
2023-12-20 04:00:00,2040.493,2041.115,2039.942,2040.584,2644,No Trade
2023-12-20 06:00:00,2041.243,2042.496,2040.562,2041.081,3391,No Trade
2023-12-20 07:00:00,2041.082,2043.544,2040.755,2042.363,4402,No Trade
2023-12-20 10:00:00,2040.019,2040.453,2035.632,2036.063,3563,No Trade
2023-12-20 14:00:00,2036.469,2039.955,2034.109,2038.09,7202,No Trade
2023-12-20 16:00:00,2032.627,2035.44,2032.554,2034.833,4725,No Trade
2023-12-20 18:00:00,2034.782,2036.791,2034.063,2036.292,3909,No Trade
2023-12-20 23:00:00,2032.163,2033.324,2031.542,2032.227,2970,No Trade
2023-12-21 00:00:00,2032.203,2034.254,2032.006,2033.731,2778,No Trade
2023-12-21 01:00:00,2033.693,2036.066,2033.497,2035.534,3805,No Trade
2023-12-21 02:00:00,2035.534,2037.578,2034.934,2036.977,3652,No Trade
2023-12-21 05:00:00,2036.418,2038.359,2035.026,2036.192,3043,No Trade
2023-12-21 07:00:00,2036.974,2037.424,2033.955,2034.98,3676,No Trade
2023-12-21 08:00:00,2034.966,2037.294,2034.881,2036.508,3876,No Trade
2023-12-21 12:00:00,2034.197,2039.536,2033.328,2037.979,3873,No Trade
2023-12-21 13:00:00,2038.033,2046.13,2032.204,2041.48,8884,No Trade
2023-12-21 14:00:00,2041.533,2046.073,2037.12,2042.137,9532,No Trade
2023-12-21 16:00:00,2041.564,2044.81,2041.114,2041.769,5318,No Trade
2023-12-21 19:00:00,2039.149,2045.187,2039.149,2044.03,3626,No Trade
2023-12-21 20:00:00,2044.026,2045.235,2043.161,2044.204,3466,No Trade
2023-12-21 21:00:00,2044.17,2046.074,2043.928,2045.942,2082,No Trade
2023-12-21 23:00:00,2048.344,2055.112,2046.77,2052.878,4904,No Trade
2023-12-22 01:00:00,2048.271,2051.367,2046.85,2048.82,4803,No Trade
2023-12-22 02:00:00,2048.802,2050.949,2048.049,2050.228,4094,No Trade
2023-12-22 04:00:00,2048.358,2050.822,2048.183,2049.697,3017,No Trade
2023-12-22 07:00:00,2047.751,2050.976,2047.587,2050.039,3738,No Trade
2023-12-22 08:00:00,2050.035,2052.176,2049.719,2051.511,3854,No Trade
2023-12-22 09:00:00,2051.501,2054.7,2051.501,2053.508,3587,No Trade
2023-12-22 10:00:00,2053.547,2057.328,2053.535,2055.805,3302,No Trade
2023-12-22 11:00:00,2055.8,2063.095,2055.267,2060.73,5454,No Trade
2023-12-22 13:00:00,2060.271,2069.367,2057.747,2067.392,9931,No Trade
2023-12-22 14:00:00,2067.427,2070.135,2064.15,2068.556,8442,No Trade
2023-12-22 18:00:00,2055.505,2058.146,2054.837,2057.254,4322,No Trade
2023-12-22 20:00:00,2054.048,2054.152,2052.212,2053.359,3575,No Trade
2023-12-22 21:00:00,2053.405,2053.794,2052.548,2053.195,2013,No Trade
2023-12-26 02:00:00,2063.287,2065.281,2062.015,2064.708,2685,No Trade
2023-12-26 04:00:00,2064.012,2064.607,2063.551,2064.142,1475,No Trade
2023-12-26 06:00:00,2062.802,2065.147,2062.192,2064.131,2333,No Trade
2023-12-26 07:00:00,2064.132,2064.747,2062.97,2064.289,2606,No Trade
2023-12-26 09:00:00,2061.503,2063.089,2060.53,2061.936,2434,No Trade
2023-12-26 15:00:00,2057.106,2059.967,2056.21,2056.89,3597,No Trade
2023-12-26 16:00:00,2056.911,2059.937,2056.605,2059.502,3025,No Trade
2023-12-26 19:00:00,2058.46,2062.211,2058.434,2061.758,2585,No Trade
2023-12-26 21:00:00,2068.352,2069.179,2066.196,2067.635,1775,No Trade
2023-12-27 00:00:00,2066.061,2066.634,2063.985,2065.672,3421,No Trade
2023-12-27 01:00:00,2065.628,2067.901,2065.003,2066.8,3886,No Trade
2023-12-27 04:00:00,2064.639,2066.007,2064.151,2065.875,2251,No Trade
2023-12-27 07:00:00,2065.191,2066.401,2064.871,2066.042,3400,No Trade
2023-12-27 08:00:00,2066.04,2068.417,2065.858,2067.424,3806,No Trade
2023-12-27 09:00:00,2067.446,2069.368,2067.299,2068.372,3112,No Trade
2023-12-27 12:00:00,2068.211,2070.379,2064.466,2067.679,4103,No Trade
2023-12-27 13:00:00,2067.662,2069.764,2066.162,2068.39,5349,No Trade
2023-12-27 14:00:00,2068.338,2072.426,2066.693,2070.322,5756,No Trade
2023-12-27 15:00:00,2070.284,2081.978,2069.0,2078.916,7715,No Trade
2023-12-27 17:00:00,2081.699,2082.622,2079.57,2081.909,4040,No Trade
2023-12-27 19:00:00,2078.5,2078.871,2076.089,2077.549,3843,No Trade
2023-12-27 23:00:00,2077.825,2079.786,2077.401,2079.384,2075,No Trade
2023-12-28 03:00:00,2088.017,2088.504,2086.048,2087.299,3408,No Trade
2023-12-28 06:00:00,2085.875,2086.952,2084.367,2085.897,4077,No Trade
2023-12-28 07:00:00,2085.909,2087.7,2084.076,2086.172,3983,No Trade
2023-12-28 09:00:00,2077.545,2078.226,2072.739,2077.01,5373,No Trade
2023-12-28 10:00:00,2077.038,2079.377,2074.822,2077.28,4146,No Trade
2023-12-28 14:00:00,2073.107,2079.479,2072.167,2078.888,6436,No Trade
2023-12-28 17:00:00,2074.258,2076.17,2072.135,2074.853,4737,No Trade
2023-12-28 18:00:00,2074.884,2075.563,2071.453,2072.751,5191,No Trade
2023-12-28 23:00:00,2066.586,2067.253,2065.672,2066.779,1808,No Trade
2023-12-29 00:00:00,2066.817,2067.99,2066.11,2066.936,3268,No Trade
2023-12-29 01:00:00,2066.987,2071.49,2066.729,2070.776,4576,No Trade
2023-12-29 03:00:00,2068.748,2070.633,2067.711,2069.594,3220,No Trade
2023-12-29 04:00:00,2069.595,2070.781,2068.95,2070.05,2467,No Trade
2023-12-29 06:00:00,2072.316,2073.254,2071.821,2072.762,3392,No Trade
2023-12-29 10:00:00,2065.667,2065.924,2061.882,2064.813,4581,No Trade
2023-12-29 11:00:00,2064.857,2068.472,2064.857,2067.79,3963,No Trade
2023-12-29 14:00:00,2059.203,2065.383,2058.512,2063.103,6847,No Trade
2023-12-29 15:00:00,2063.095,2066.167,2061.74,2064.936,6848,No Trade
2023-12-29 16:00:00,2064.891,2068.016,2063.425,2066.241,6327,No Trade
2023-12-29 17:00:00,2066.17,2068.249,2064.58,2066.625,4848,No Trade
2023-12-29 18:00:00,2066.573,2066.62,2061.201,2064.882,6074,No Trade
2023-12-29 19:00:00,2064.922,2067.867,2064.083,2067.351,3358,No Trade
2024-01-02 00:00:00,2063.691,2065.92,2062.331,2065.498,2816,No Trade
2024-01-02 03:00:00,2067.85,2070.496,2066.579,2069.644,2736,No Trade
2024-01-02 04:00:00,2069.65,2070.824,2068.981,2069.658,2460,No Trade
2024-01-02 06:00:00,2074.464,2076.81,2072.993,2074.302,3309,No Trade
2024-01-02 08:00:00,2073.288,2074.563,2071.858,2073.373,3609,No Trade
2024-01-02 09:00:00,2073.433,2078.989,2073.341,2077.132,3516,No Trade
2024-01-02 10:00:00,2077.148,2077.853,2073.551,2076.049,4146,No Trade
2024-01-02 12:00:00,2069.279,2069.598,2065.116,2067.969,5202,No Trade
2024-01-02 16:00:00,2059.436,2067.682,2059.191,2066.192,6585,No Trade
2024-01-02 19:00:00,2061.258,2062.276,2060.47,2061.046,3409,No Trade
2024-01-02 21:00:00,2058.25,2059.331,2058.093,2058.955,2094,No Trade
2024-01-02 23:00:00,2059.012,2060.089,2058.623,2059.691,1873,No Trade
2024-01-03 01:00:00,2060.285,2062.654,2059.545,2062.479,4213,No Trade
2024-01-03 02:00:00,2062.51,2065.274,2061.698,2064.796,3855,No Trade
2024-01-03 06:00:00,2064.124,2065.458,2063.477,2064.4,3492,No Trade
2024-01-03 07:00:00,2064.368,2064.42,2060.938,2063.015,4265,No Trade
2024-01-03 10:00:00,2056.844,2057.257,2052.748,2054.949,4391,No Trade
2024-01-03 12:00:00,2047.748,2048.441,2041.828,2045.812,7202,No Trade
2024-01-03 14:00:00,2041.127,2042.394,2031.782,2037.921,9379,No Trade
2024-01-03 16:00:00,2032.701,2036.149,2031.35,2032.475,7573,No Trade
2024-01-03 18:00:00,2033.411,2036.431,2032.957,2035.919,4371,No Trade
2024-01-03 19:00:00,2035.93,2042.378,2030.622,2036.72,8576,No Trade
2024-01-03 20:00:00,2036.683,2042.409,2036.505,2041.056,5631,No Trade
2024-01-03 21:00:00,2041.096,2041.909,2040.322,2041.275,2553,No Trade
2024-01-03 23:00:00,2042.216,2043.884,2041.381,2042.881,2193,No Trade
2024-01-04 01:00:00,2042.189,2043.389,2040.144,2042.297,4350,No Trade
2024-01-04 05:00:00,2043.098,2044.374,2042.411,2043.874,3196,No Trade
2024-01-04 06:00:00,2043.881,2048.69,2043.671,2047.303,4506,No Trade
2024-01-04 10:00:00,2048.12,2050.914,2046.725,2047.987,4323,No Trade
2024-01-04 14:00:00,2040.3,2042.663,2036.274,2039.367,6593,No Trade
2024-01-04 15:00:00,2039.395,2047.838,2039.207,2045.146,7375,No Trade
2024-01-04 17:00:00,2044.786,2045.11,2040.925,2043.292,4606,No Trade
2024-01-04 18:00:00,2043.305,2044.038,2041.56,2043.223,3948,No Trade
2024-01-04 19:00:00,2043.172,2044.952,2042.495,2044.399,3207,No Trade
2024-01-04 23:00:00,2043.546,2044.824,2042.7,2044.08,2094,No Trade
2024-01-05 00:00:00,2044.132,2044.779,2043.335,2044.351,2981,No Trade
2024-01-05 02:00:00,2046.238,2047.895,2045.739,2046.234,3397,No Trade
2024-01-05 05:00:00,2044.651,2045.349,2043.228,2044.552,3098,No Trade
2024-01-05 11:00:00,2040.019,2040.402,2037.117,2039.252,3434,No Trade
2024-01-05 12:00:00,2039.236,2041.095,2038.459,2040.217,3768,No Trade
2024-01-05 14:00:00,2039.98,2049.287,2038.835,2046.959,14722,No Trade
2024-01-05 18:00:00,2042.017,2048.572,2040.568,2048.234,5716,No Trade
2024-01-05 21:00:00,2043.655,2046.277,2043.655,2045.579,2394,No Trade
2024-01-07 23:00:00,2044.736,2045.675,2043.002,2044.308,2618,No Trade
2024-01-08 00:00:00,2044.312,2046.364,2043.807,2046.042,2627,No Trade
2024-01-08 06:00:00,2030.765,2033.361,2030.42,2033.011,4354,No Trade
2024-01-08 07:00:00,2032.97,2033.253,2028.674,2031.493,5097,No Trade
2024-01-08 09:00:00,2028.387,2031.787,2026.566,2029.189,4828,No Trade
2024-01-08 12:00:00,2020.151,2024.989,2018.93,2024.672,5150,No Trade
2024-01-08 21:00:00,2027.218,2028.81,2027.144,2028.098,2071,No Trade
2024-01-08 23:00:00,2028.202,2030.9,2027.85,2030.654,1948,No Trade
2024-01-09 00:00:00,2030.626,2035.038,2030.626,2034.437,4132,No Trade
2024-01-09 05:00:00,2032.967,2033.61,2030.393,2032.873,3672,No Trade
2024-01-09 06:00:00,2032.91,2035.206,2031.27,2033.235,4373,No Trade
2024-01-09 07:00:00,2033.26,2037.313,2032.282,2036.061,5096,No Trade
2024-01-09 08:00:00,2036.111,2038.358,2031.349,2034.36,6308,No Trade
2024-01-09 09:00:00,2034.314,2037.091,2033.218,2035.492,4684,No Trade
2024-01-09 11:00:00,2035.554,2035.796,2033.739,2035.061,3910,No Trade
2024-01-09 13:00:00,2036.394,2042.104,2031.733,2038.734,8164,No Trade
2024-01-09 14:00:00,2038.695,2040.174,2033.989,2034.693,8933,No Trade
2024-01-09 19:00:00,2029.246,2030.096,2027.859,2028.89,3478,No Trade
2024-01-09 21:00:00,2028.538,2030.249,2028.528,2029.986,1668,No Trade
2024-01-10 00:00:00,2030.618,2031.239,2029.688,2030.355,2787,No Trade
2024-01-10 02:00:00,2031.832,2032.924,2030.426,2031.897,3673,No Trade
2024-01-10 04:00:00,2028.893,2030.75,2028.446,2029.815,2900,No Trade
2024-01-10 08:00:00,2031.024,2036.13,2030.29,2035.301,6443,No Trade
2024-01-10 09:00:00,2035.25,2036.266,2034.659,2035.747,4540,No Trade
2024-01-10 11:00:00,2034.928,2035.379,2032.848,2034.143,3918,No Trade
2024-01-10 15:00:00,2027.479,2029.865,2024.874,2027.912,7333,No Trade
2024-01-10 16:00:00,2027.875,2028.612,2024.779,2027.121,5380,No Trade
2024-01-10 18:00:00,2024.102,2024.644,2021.438,2023.719,4914,No Trade
2024-01-10 20:00:00,2024.17,2025.121,2021.942,2023.613,4498,No Trade
2024-01-10 21:00:00,2023.587,2024.584,2023.37,2024.335,1959,No Trade
2024-01-11 00:00:00,2026.628,2028.537,2026.589,2027.93,2956,No Trade
2024-01-11 01:00:00,2027.948,2030.443,2027.133,2029.716,3899,No Trade
2024-01-11 02:00:00,2029.722,2032.069,2028.96,2029.711,3708,No Trade
2024-01-11 04:00:00,2030.89,2032.335,2030.88,2032.089,2413,No Trade
2024-01-11 05:00:00,2032.137,2034.69,2031.171,2033.033,3446,No Trade
2024-01-11 06:00:00,2033.047,2035.15,2032.227,2034.041,3747,No Trade
2024-01-11 09:00:00,2030.972,2032.575,2030.19,2031.373,3963,No Trade
2024-01-11 10:00:00,2031.373,2032.832,2030.571,2032.11,3400,No Trade
2024-01-11 11:00:00,2032.155,2034.483,2031.428,2034.387,3600,No Trade
2024-01-11 14:00:00,2029.556,2034.985,2024.949,2029.789,15998,No Trade
2024-01-11 15:00:00,2029.759,2033.085,2025.266,2029.085,12785,No Trade
2024-01-11 18:00:00,2014.386,2017.115,2013.852,2017.11,5828,No Trade
2024-01-11 19:00:00,2017.141,2027.509,2017.141,2026.538,6413,No Trade
2024-01-11 21:00:00,2027.606,2029.701,2027.437,2028.92,2494,No Trade
2024-01-12 00:00:00,2035.226,2035.481,2030.344,2031.174,3901,No Trade
2024-01-12 01:00:00,2031.13,2034.82,2030.11,2033.977,4924,No Trade
2024-01-12 02:00:00,2033.977,2035.35,2033.296,2034.063,3618,No Trade
2024-01-12 04:00:00,2033.947,2035.094,2032.884,2034.759,2898,No Trade
2024-01-12 05:00:00,2034.772,2037.205,2033.8,2036.098,3433,No Trade
2024-01-12 07:00:00,2035.336,2039.45,2034.22,2037.654,4993,No Trade
2024-01-12 08:00:00,2037.652,2039.85,2037.009,2038.71,5151,No Trade
2024-01-12 11:00:00,2045.935,2047.482,2044.226,2045.407,4902,No Trade
2024-01-12 13:00:00,2047.908,2056.743,2044.429,2056.197,12742,No Trade
2024-01-12 14:00:00,2056.249,2062.367,2053.378,2056.08,11182,No Trade
2024-01-12 18:00:00,2043.911,2048.759,2043.009,2047.578,5363,No Trade
2024-01-12 19:00:00,2047.582,2049.245,2046.276,2047.383,3707,No Trade
2024-01-12 21:00:00,2047.598,2049.323,2046.939,2049.132,2350,No Trade
2024-01-14 23:00:00,2048.23,2048.805,2046.393,2047.687,2658,No Trade
2024-01-15 01:00:00,2047.963,2051.487,2047.546,2051.038,4571,No Trade
2024-01-15 02:00:00,2051.041,2056.471,2049.922,2056.431,4690,No Trade
2024-01-15 03:00:00,2056.382,2058.133,2055.552,2057.476,4015,No Trade
2024-01-15 06:00:00,2055.172,2057.077,2053.922,2055.477,3760,No Trade
2024-01-15 12:00:00,2053.363,2053.749,2051.371,2052.777,3618,No Trade
2024-01-15 13:00:00,2052.835,2054.343,2052.147,2054.255,3856,No Trade
2024-01-16 05:00:00,2049.447,2049.531,2047.585,2048.67,3516,No Trade
2024-01-16 10:00:00,2041.271,2042.507,2039.301,2041.107,4866,No Trade
2024-01-16 11:00:00,2041.138,2041.307,2038.239,2039.974,4495,No Trade
2024-01-16 12:00:00,2039.914,2040.101,2035.688,2038.567,5420,No Trade
2024-01-16 13:00:00,2038.519,2045.189,2031.344,2037.732,11395,No Trade
2024-01-16 15:00:00,2038.295,2042.089,2037.396,2041.153,7907,No Trade
2024-01-16 20:00:00,2029.32,2029.854,2027.906,2028.343,3684,No Trade
2024-01-17 01:00:00,2028.532,2030.838,2026.772,2030.364,4636,No Trade
2024-01-17 03:00:00,2029.004,2029.229,2023.495,2024.174,3730,No Trade
2024-01-17 04:00:00,2024.17,2025.849,2023.425,2025.462,3403,No Trade
2024-01-17 07:00:00,2019.312,2026.207,2017.909,2025.846,5991,No Trade
2024-01-17 10:00:00,2023.768,2028.407,2022.821,2026.161,5073,No Trade
2024-01-17 12:00:00,2023.993,2029.132,2023.782,2028.417,5250,No Trade
2024-01-17 17:00:00,2005.569,2008.122,2003.48,2007.108,5444,No Trade
2024-01-17 20:00:00,2005.56,2006.939,2004.809,2006.226,3814,No Trade
2024-01-18 03:00:00,2007.734,2009.231,2006.538,2008.124,3658,No Trade
2024-01-18 06:00:00,2009.245,2013.133,2008.875,2012.728,4146,No Trade
2024-01-18 07:00:00,2012.687,2014.113,2011.131,2012.419,4163,No Trade
2024-01-18 09:00:00,2009.78,2013.072,2008.192,2010.219,4364,No Trade
2024-01-18 10:00:00,2010.263,2012.311,2009.272,2011.652,3806,No Trade
2024-01-18 11:00:00,2011.657,2013.574,2010.843,2012.654,3702,No Trade
2024-01-18 14:00:00,2009.201,2013.757,2009.072,2012.908,8226,No Trade
2024-01-18 15:00:00,2012.962,2015.752,2011.709,2013.652,6916,No Trade
2024-01-18 18:00:00,2016.402,2021.201,2015.514,2020.548,5127,No Trade
2024-01-18 19:00:00,2020.509,2020.687,2018.439,2019.845,3970,No Trade
2024-01-18 20:00:00,2019.839,2022.732,2019.839,2022.312,3641,No Trade
2024-01-18 21:00:00,2022.268,2023.366,2021.907,2023.187,1850,No Trade
2024-01-19 01:00:00,2023.211,2025.608,2022.145,2024.094,4242,No Trade
2024-01-19 02:00:00,2024.04,2025.09,2022.645,2024.07,3580,No Trade
2024-01-19 05:00:00,2021.058,2021.98,2020.41,2021.666,2976,No Trade
2024-01-19 06:00:00,2021.641,2024.358,2020.944,2023.899,3686,No Trade
2024-01-19 07:00:00,2023.893,2029.713,2023.76,2028.046,4398,No Trade
2024-01-19 09:00:00,2029.788,2030.931,2027.679,2029.82,3847,No Trade
2024-01-19 10:00:00,2029.815,2031.043,2028.962,2030.418,3328,No Trade
2024-01-19 15:00:00,2029.777,2032.3,2023.226,2027.761,9073,No Trade
2024-01-19 19:00:00,2027.903,2029.488,2027.582,2029.175,3500,No Trade
2024-01-19 21:00:00,2028.347,2030.07,2028.182,2029.552,2070,No Trade
2024-01-22 01:00:00,2029.134,2032.174,2028.784,2029.134,4164,No Trade
2024-01-22 02:00:00,2029.148,2030.123,2028.419,2029.823,3336,No Trade
2024-01-22 07:00:00,2020.97,2024.304,2019.161,2021.896,4990,No Trade
2024-01-22 10:00:00,2021.726,2024.615,2021.121,2022.934,3869,No Trade
2024-01-22 11:00:00,2022.916,2026.707,2022.275,2026.213,4002,No Trade
2024-01-22 12:00:00,2026.166,2030.272,2025.267,2029.728,4787,No Trade
2024-01-22 15:00:00,2022.723,2026.634,2020.808,2024.2,6328,No Trade
2024-01-22 17:00:00,2023.77,2024.701,2021.431,2021.676,3829,No Trade
2024-01-22 18:00:00,2021.673,2021.996,2019.818,2021.389,3681,No Trade
2024-01-23 00:00:00,2020.769,2023.193,2020.769,2022.854,2507,No Trade
2024-01-23 01:00:00,2022.813,2022.986,2019.659,2021.748,3766,No Trade
2024-01-23 02:00:00,2021.768,2024.228,2020.881,2022.742,3831,No Trade
2024-01-23 03:00:00,2022.737,2027.961,2021.798,2027.493,3970,No Trade
2024-01-23 05:00:00,2027.699,2031.763,2027.288,2030.933,3926,No Trade
2024-01-23 06:00:00,2030.909,2036.036,2029.228,2035.183,4598,No Trade
2024-01-23 09:00:00,2028.951,2030.652,2027.105,2028.77,4391,No Trade
2024-01-23 12:00:00,2023.968,2027.045,2023.297,2025.799,4238,No Trade
2024-01-23 15:00:00,2023.252,2026.843,2023.028,2025.208,6343,No Trade
2024-01-23 16:00:00,2025.265,2027.811,2023.332,2025.769,4830,No Trade
2024-01-23 19:00:00,2025.269,2030.784,2024.833,2029.936,3883,No Trade
2024-01-24 01:00:00,2027.405,2029.022,2026.501,2027.31,3716,No Trade
2024-01-24 03:00:00,2024.286,2025.761,2023.747,2024.92,3224,No Trade
2024-01-24 05:00:00,2024.536,2025.785,2022.835,2024.634,3281,No Trade
2024-01-24 06:00:00,2024.635,2028.051,2023.827,2026.123,3678,No Trade
2024-01-24 07:00:00,2026.079,2031.686,2025.862,2029.628,4568,No Trade
2024-01-24 08:00:00,2029.661,2032.314,2028.274,2030.999,5026,No Trade
2024-01-24 16:00:00,2015.344,2016.402,2011.883,2015.39,6529,No Trade
2024-01-24 17:00:00,2015.429,2019.878,2015.351,2019.273,4998,No Trade
2024-01-25 01:00:00,2015.511,2017.382,2014.54,2016.562,4066,No Trade
2024-01-25 04:00:00,2015.866,2016.493,2014.862,2015.751,2155,No Trade
2024-01-25 05:00:00,2015.772,2016.669,2014.9,2015.593,2844,No Trade
2024-01-25 06:00:00,2015.61,2016.659,2014.606,2015.844,3130,No Trade
2024-01-25 07:00:00,2015.842,2018.347,2013.648,2015.911,4192,No Trade
2024-01-25 09:00:00,2013.928,2017.973,2012.873,2017.912,3972,No Trade
2024-01-25 10:00:00,2017.906,2019.586,2017.233,2019.206,3754,No Trade
2024-01-25 13:00:00,2013.708,2023.084,2009.712,2019.358,9723,No Trade
2024-01-25 14:00:00,2019.393,2025.341,2018.435,2023.705,9817,No Trade
2024-01-25 17:00:00,2014.704,2016.585,2012.518,2014.963,4600,No Trade
2024-01-25 19:00:00,2014.31,2018.467,2013.472,2017.8,3547,No Trade
2024-01-25 20:00:00,2017.834,2020.383,2016.966,2020.124,3232,No Trade
2024-01-26 00:00:00,2020.571,2021.891,2019.434,2021.274,2836,No Trade
2024-01-26 03:00:00,2022.051,2022.969,2021.399,2021.873,2535,No Trade
2024-01-26 05:00:00,2021.246,2023.566,2021.116,2023.084,2828,No Trade
2024-01-26 07:00:00,2021.673,2022.879,2019.871,2021.352,3922,No Trade
2024-01-26 09:00:00,2020.682,2022.478,2018.284,2020.894,4166,No Trade
2024-01-26 10:00:00,2020.935,2023.924,2020.935,2023.5,3742,No Trade
2024-01-26 11:00:00,2023.487,2024.748,2022.446,2023.529,3663,No Trade
2024-01-26 13:00:00,2021.339,2026.959,2018.787,2024.713,7878,No Trade
2024-01-26 16:00:00,2017.105,2019.547,2015.954,2018.257,4589,No Trade
2024-01-26 18:00:00,2016.689,2018.292,2016.12,2017.404,3645,No Trade
2024-01-26 19:00:00,2017.415,2017.936,2016.205,2017.115,3018,No Trade
2024-01-26 20:00:00,2017.091,2019.315,2016.547,2018.58,2936,No Trade
2024-01-26 21:00:00,2018.535,2019.218,2018.085,2018.569,1644,No Trade
2024-01-29 03:00:00,2025.523,2026.422,2024.245,2025.7,2856,No Trade
2024-01-29 06:00:00,2025.547,2029.07,2024.95,2028.825,3292,No Trade
2024-01-29 10:00:00,2028.433,2028.669,2025.651,2027.547,3680,No Trade
2024-01-29 13:00:00,2028.522,2037.661,2027.84,2036.869,5497,No Trade
2024-01-29 16:00:00,2025.444,2028.026,2024.055,2027.106,4607,No Trade
2024-01-29 19:00:00,2025.929,2028.03,2025.219,2026.981,3354,No Trade
2024-01-29 20:00:00,2027.016,2035.351,2027.016,2032.792,5356,No Trade
2024-01-30 00:00:00,2031.062,2034.166,2030.926,2033.634,3229,No Trade
2024-01-30 02:00:00,2031.108,2032.513,2029.889,2031.982,3089,No Trade
2024-01-30 03:00:00,2031.952,2032.643,2031.415,2032.099,2738,No Trade
2024-01-30 08:00:00,2037.915,2039.564,2037.077,2038.387,4711,No Trade
2024-01-30 10:00:00,2035.75,2037.392,2035.096,2035.712,3728,No Trade
2024-01-30 11:00:00,2035.671,2036.209,2031.132,2034.352,3892,No Trade
2024-01-30 12:00:00,2034.324,2036.433,2033.703,2035.984,3830,No Trade
2024-01-30 14:00:00,2037.811,2048.656,2037.371,2046.716,8868,No Trade
2024-01-30 16:00:00,2032.706,2036.147,2031.75,2035.934,5600,No Trade
2024-01-30 19:00:00,2032.826,2037.121,2032.407,2036.14,3690,No Trade
2024-01-30 20:00:00,2036.103,2036.692,2035.333,2036.085,3228,No Trade
2024-01-30 21:00:00,2036.024,2036.947,2035.895,2036.868,2026,No Trade
2024-01-31 07:00:00,2034.331,2038.637,2033.957,2036.663,3855,No Trade
2024-01-31 08:00:00,2036.666,2040.537,2036.179,2039.2,4071,No Trade
2024-01-31 12:00:00,2037.387,2039.675,2037.188,2038.574,3523,No Trade
2024-01-31 13:00:00,2038.652,2043.283,2036.079,2041.947,7012,No Trade
2024-01-31 14:00:00,2041.977,2055.394,2040.744,2051.71,8330,No Trade
2024-01-31 19:00:00,2046.382,2050.913,2039.599,2044.88,21798,No Trade
2024-01-31 21:00:00,2034.886,2040.242,2033.424,2039.086,4656,No Trade
2024-02-01 00:00:00,2039.997,2042.775,2039.219,2040.724,3353,No Trade
2024-02-01 01:00:00,2040.777,2041.994,2040.103,2041.377,4030,No Trade
2024-02-01 02:00:00,2041.377,2049.616,2041.277,2047.036,4106,No Trade
2024-02-01 07:00:00,2043.572,2044.282,2041.191,2042.995,4150,No Trade
2024-02-01 08:00:00,2042.91,2042.91,2038.962,2041.999,5230,No Trade
2024-02-01 11:00:00,2031.907,2034.519,2030.013,2033.478,5306,No Trade
2024-02-01 13:00:00,2034.229,2042.21,2030.916,2040.075,8576,No Trade
2024-02-01 14:00:00,2040.119,2050.917,2040.01,2046.267,9360,No Trade
2024-02-01 18:00:00,2054.478,2058.766,2052.201,2055.844,7188,No Trade
2024-02-02 01:00:00,2055.118,2056.107,2052.959,2054.821,3752,No Trade
2024-02-02 02:00:00,2054.81,2055.491,2051.993,2053.864,3423,No Trade
2024-02-02 03:00:00,2053.847,2055.065,2053.68,2054.659,2854,No Trade
2024-02-02 04:00:00,2054.664,2056.003,2054.163,2055.15,2502,No Trade
2024-02-02 05:00:00,2055.153,2056.564,2054.532,2055.608,3282,No Trade
2024-02-02 06:00:00,2055.636,2057.031,2054.161,2055.524,3678,No Trade
2024-02-02 10:00:00,2053.137,2055.685,2052.984,2054.688,3528,No Trade
2024-02-02 12:00:00,2056.169,2056.408,2053.843,2055.284,3556,No Trade
2024-02-02 14:00:00,2031.725,2036.159,2027.841,2035.431,14576,No Trade
2024-02-02 16:00:00,2035.043,2037.572,2033.154,2036.321,6080,No Trade
2024-02-02 18:00:00,2035.217,2038.835,2034.488,2037.448,4584,No Trade
2024-02-02 19:00:00,2037.447,2038.61,2036.475,2038.152,3717,No Trade
2024-02-05 03:00:00,2033.594,2034.528,2030.325,2032.364,4054,No Trade
2024-02-05 09:00:00,2023.511,2024.288,2020.688,2022.785,4036,No Trade
2024-02-05 10:00:00,2022.759,2025.34,2022.349,2024.508,3786,No Trade
2024-02-05 11:00:00,2024.548,2028.451,2024.143,2027.677,3607,No Trade
2024-02-05 14:00:00,2016.007,2023.834,2014.921,2023.693,6801,No Trade
2024-02-05 17:00:00,2022.231,2026.494,2021.406,2025.655,4291,No Trade
2024-02-05 19:00:00,2026.024,2027.584,2025.138,2026.028,3457,No Trade
2024-02-05 21:00:00,2025.1,2025.213,2024.161,2024.767,1655,No Trade
2024-02-06 00:00:00,2025.024,2027.671,2025.024,2026.917,2514,No Trade
2024-02-06 05:00:00,2026.389,2029.902,2025.884,2029.515,3646,No Trade
2024-02-06 09:00:00,2023.894,2025.424,2022.932,2023.675,3687,No Trade
2024-02-06 11:00:00,2024.089,2027.572,2022.988,2026.796,3634,No Trade
2024-02-06 13:00:00,2027.785,2030.941,2026.341,2029.234,5939,No Trade
2024-02-06 14:00:00,2029.183,2033.086,2026.938,2030.749,6484,No Trade
2024-02-06 15:00:00,2030.694,2038.208,2029.667,2036.387,7956,No Trade
2024-02-06 16:00:00,2036.331,2038.98,2035.27,2036.715,5163,No Trade
2024-02-06 18:00:00,2037.078,2038.293,2033.884,2036.573,4537,No Trade
2024-02-06 20:00:00,2036.064,2037.052,2035.239,2035.812,3202,No Trade
2024-02-06 21:00:00,2035.807,2036.213,2035.037,2035.92,1683,No Trade
2024-02-06 23:00:00,2035.548,2036.286,2034.503,2035.284,1655,No Trade
2024-02-07 00:00:00,2035.33,2036.195,2034.523,2035.079,2406,No Trade
2024-02-07 03:00:00,2034.49,2035.534,2034.149,2034.542,2522,No Trade
2024-02-07 04:00:00,2034.53,2035.535,2034.21,2035.301,1941,No Trade
2024-02-07 06:00:00,2033.437,2034.333,2032.509,2033.55,2898,No Trade
2024-02-07 09:00:00,2033.021,2035.021,2032.403,2034.424,3478,No Trade
2024-02-07 13:00:00,2033.509,2036.743,2032.428,2036.181,4908,No Trade
2024-02-07 14:00:00,2036.178,2044.627,2032.702,2042.493,8204,No Trade
2024-02-08 00:00:00,2036.436,2037.825,2036.389,2037.342,2258,No Trade
2024-02-08 01:00:00,2037.339,2038.18,2036.693,2037.266,3041,No Trade
2024-02-08 06:00:00,2033.49,2034.292,2032.351,2033.377,2752,No Trade
2024-02-08 07:00:00,2033.362,2035.051,2031.702,2032.894,3535,No Trade
2024-02-08 09:00:00,2030.846,2036.071,2029.849,2035.378,3895,No Trade
2024-02-08 14:00:00,2021.198,2034.111,2020.217,2028.412,9072,No Trade
2024-02-08 15:00:00,2028.469,2033.273,2027.695,2032.033,6831,No Trade
2024-02-08 17:00:00,2031.981,2033.175,2030.358,2031.727,4001,No Trade
2024-02-08 19:00:00,2032.211,2033.548,2031.472,2032.595,3244,No Trade
2024-02-08 21:00:00,2033.107,2034.276,2033.107,2034.013,1418,No Trade
2024-02-08 23:00:00,2034.553,2034.888,2033.741,2034.338,1327,No Trade
2024-02-09 01:00:00,2032.123,2035.143,2032.105,2034.285,2774,No Trade
2024-02-09 05:00:00,2032.817,2034.097,2032.216,2032.925,1908,No Trade
2024-02-09 06:00:00,2032.92,2034.4,2032.369,2033.897,2124,No Trade
2024-02-09 07:00:00,2033.9,2035.051,2032.949,2033.622,3231,No Trade
2024-02-09 08:00:00,2033.621,2034.169,2030.59,2032.432,3990,No Trade
2024-02-09 10:00:00,2031.665,2033.209,2031.056,2032.798,3486,No Trade
2024-02-09 17:00:00,2021.582,2024.82,2021.249,2024.686,3815,No Trade
2024-02-09 19:00:00,2023.807,2026.191,2023.405,2024.849,3037,No Trade
2024-02-09 20:00:00,2024.839,2026.29,2023.905,2025.185,2986,No Trade
2024-02-12 04:00:00,2022.981,2024.23,2022.602,2023.228,1830,No Trade
2023-06-26 01:00:00,1926.443,1928.57,1925.141,1925.513,5236,Sell
2023-06-26 02:00:00,1925.476,1926.839,1924.224,1924.565,3797,Sell
2023-06-26 03:00:00,1924.572,1926.867,1924.413,1925.561,2817,Sell
2023-06-26 04:00:00,1925.562,1925.996,1924.549,1925.129,2180,Sell
2023-06-26 06:00:00,1926.813,1927.694,1922.225,1922.825,4170,Sell
2023-06-26 09:00:00,1931.832,1932.468,1929.367,1929.913,3801,Sell
2023-06-26 11:00:00,1931.967,1932.591,1931.207,1931.445,3396,Sell
2023-06-26 13:00:00,1931.573,1931.696,1921.484,1924.826,7437,Sell
2023-06-26 14:00:00,1924.793,1925.592,1922.578,1923.339,6332,Sell
2023-06-26 15:00:00,1923.37,1928.548,1923.37,1925.775,4824,Sell
2023-06-26 16:00:00,1925.745,1926.602,1923.501,1923.792,3952,Sell
2023-06-26 18:00:00,1924.586,1924.889,1923.076,1923.462,3076,Sell
2023-06-26 19:00:00,1923.455,1924.008,1922.444,1922.919,2856,Sell
2023-06-26 23:00:00,1924.756,1924.756,1920.94,1922.522,6311,Sell
2023-06-27 03:00:00,1928.847,1929.572,1927.981,1928.452,9147,Sell
2023-06-27 04:00:00,1928.508,1929.681,1928.378,1928.497,7146,Sell
2023-06-27 05:00:00,1928.561,1929.567,1925.067,1925.067,9666,Sell
2023-06-27 07:00:00,1927.505,1929.715,1927.117,1928.189,12219,Sell
2023-06-27 08:00:00,1928.252,1928.69,1924.188,1925.527,12627,Sell
2023-06-27 09:00:00,1925.559,1925.818,1923.784,1924.057,10362,Sell
2023-06-27 10:00:00,1924.11,1924.575,1922.684,1923.457,9582,Sell
2023-06-27 12:00:00,1923.168,1930.387,1923.094,1926.175,18514,Sell
2023-06-27 13:00:00,1926.277,1930.739,1922.847,1923.596,24294,Sell
2023-06-27 14:00:00,1923.572,1924.154,1911.378,1917.208,33594,Sell
2023-06-27 15:00:00,1917.303,1917.582,1913.366,1913.498,16620,Sell
2023-06-27 17:00:00,1914.632,1915.929,1911.622,1912.123,12156,Sell
2023-06-27 19:00:00,1914.858,1915.791,1913.348,1913.723,10167,Sell
2023-06-28 03:00:00,1915.189,1916.832,1914.849,1915.213,8604,Sell
2023-06-28 04:00:00,1915.276,1916.339,1915.085,1915.22,7167,Sell
2023-06-28 05:00:00,1915.285,1916.841,1915.033,1915.563,8481,Sell
2023-06-28 06:00:00,1915.658,1916.338,1909.054,1910.854,13878,Sell
2023-06-28 09:00:00,1909.993,1912.001,1907.169,1907.322,12554,Sell
2023-06-28 10:00:00,1907.415,1909.054,1906.152,1907.022,11480,Sell
2023-06-28 17:00:00,1912.338,1913.434,1911.562,1911.777,12174,Sell
2023-06-28 18:00:00,1911.87,1913.215,1911.801,1912.211,9432,Sell
2023-06-28 19:00:00,1912.264,1912.391,1909.198,1909.281,10203,Sell
2023-06-28 20:00:00,1909.308,1910.094,1906.812,1907.43,6717,Sell
2023-06-28 23:00:00,1909.971,1910.806,1909.625,1909.719,5100,Sell
2023-06-29 01:00:00,1910.058,1912.879,1909.485,1909.866,12750,Sell
2023-06-29 09:00:00,1906.242,1906.333,1903.923,1905.134,10734,Sell
2023-06-29 12:00:00,1910.107,1912.192,1895.536,1896.137,28326,Sell
2023-06-29 15:00:00,1911.055,1912.719,1908.44,1908.977,17639,Sell
2023-06-29 17:00:00,1910.332,1910.83,1907.695,1908.005,11496,Sell
2023-06-29 18:00:00,1908.048,1908.662,1906.686,1907.005,10509,Sell
2023-06-29 22:00:00,1908.718,1909.035,1907.655,1908.216,6024,Sell
2023-06-30 01:00:00,1908.801,1909.787,1907.117,1907.938,11823,Sell
2023-06-30 02:00:00,1908.016,1909.713,1907.666,1907.83,10533,Sell
2023-06-30 06:00:00,1907.203,1907.494,1903.768,1906.811,12598,Sell
2023-06-30 07:00:00,1906.863,1907.572,1904.431,1905.283,13049,Sell
2023-06-30 08:00:00,1905.319,1905.562,1900.527,1901.868,13221,Sell
2023-06-30 14:00:00,1911.988,1919.077,1911.926,1915.416,30981,Sell
2023-06-30 17:00:00,1920.072,1922.793,1917.775,1918.568,13953,Sell
2023-06-30 18:00:00,1918.647,1920.024,1918.462,1918.98,9828,Sell
2023-07-02 23:00:00,1919.322,1919.409,1917.564,1918.269,1726,Sell
2023-07-03 00:00:00,1918.264,1918.89,1916.874,1917.208,2553,Sell
2023-07-03 02:00:00,1917.396,1917.84,1914.704,1914.92,3164,Sell
2023-07-03 05:00:00,1920.156,1920.682,1916.773,1916.998,3483,Sell
2023-07-03 06:00:00,1916.967,1917.757,1913.543,1915.186,4209,Sell
2023-07-03 07:00:00,1915.152,1916.191,1912.168,1912.231,4244,Sell
2023-07-03 15:00:00,1930.246,1930.384,1926.023,1926.665,5377,Sell
2023-07-03 16:00:00,1926.663,1926.748,1921.858,1921.923,3997,Sell
2023-07-03 17:00:00,1921.959,1922.165,1920.665,1920.684,2715,Sell
2023-07-03 18:00:00,1920.681,1921.794,1920.676,1921.305,1457,Sell
2023-07-03 22:00:00,1921.379,1921.664,1921.238,1921.283,790,Sell
2023-07-04 00:00:00,1921.28,1922.111,1920.841,1921.216,2414,Sell
2023-07-04 10:00:00,1929.809,1930.745,1928.702,1928.891,2858,Sell
2023-07-04 12:00:00,1928.577,1930.368,1926.307,1926.82,3555,Sell
2023-07-04 14:00:00,1928.304,1929.604,1927.524,1928.169,3034,Sell
2023-07-04 16:00:00,1927.093,1927.235,1924.136,1924.247,2508,Sell
2023-07-04 18:00:00,1925.554,1925.722,1925.028,1925.093,256,Sell
2023-07-04 22:00:00,1925.648,1929.414,1924.947,1926.255,1819,Sell
2023-07-05 03:00:00,1924.727,1925.137,1924.126,1924.459,2325,Sell
2023-07-05 06:00:00,1925.626,1925.845,1920.909,1922.158,4113,Sell
2023-07-05 10:00:00,1929.012,1929.656,1926.687,1927.369,3108,Sell
2023-07-05 13:00:00,1929.403,1934.982,1922.754,1925.273,9877,Sell
2023-07-05 14:00:00,1925.128,1926.159,1919.135,1922.691,8182,Sell
2023-07-05 15:00:00,1922.659,1925.259,1922.187,1923.273,5090,Sell
2023-07-05 16:00:00,1923.272,1924.834,1921.399,1921.601,4058,Sell
2023-07-05 17:00:00,1921.605,1921.605,1919.072,1919.806,4157,Sell
2023-07-05 18:00:00,1919.842,1921.354,1915.94,1916.039,4296,Sell
2023-07-05 19:00:00,1916.075,1917.921,1915.227,1915.899,3697,Sell
2023-07-05 20:00:00,1915.863,1916.781,1914.865,1915.113,1744,Sell
2023-07-05 22:00:00,1915.473,1917.969,1915.445,1916.307,1653,Sell
2023-07-06 02:00:00,1919.592,1919.796,1918.183,1918.802,3238,Sell
2023-07-06 03:00:00,1918.785,1919.257,1918.149,1918.208,2775,Sell
2023-07-06 04:00:00,1918.213,1918.26,1917.0,1917.915,2739,Sell
2023-07-06 09:00:00,1918.101,1919.583,1916.738,1917.365,2999,Sell
2023-07-06 12:00:00,1926.686,1927.648,1902.733,1906.353,16314,Sell
2023-07-06 16:00:00,1911.572,1912.446,1909.025,1909.871,4100,Sell
2023-07-06 19:00:00,1910.904,1911.966,1909.88,1910.261,2850,Sell
2023-07-07 00:00:00,1911.643,1912.491,1909.725,1910.684,2747,Sell
2023-07-07 01:00:00,1910.68,1912.136,1910.385,1910.687,3559,Sell
2023-07-07 06:00:00,1914.397,1915.468,1913.043,1913.389,3671,Sell
2023-07-07 12:00:00,1917.615,1928.166,1914.351,1918.938,12663,Sell
2023-07-07 16:00:00,1927.639,1929.397,1926.426,1926.953,4364,Sell
2023-07-07 19:00:00,1926.395,1926.406,1924.696,1924.742,3082,Sell
2023-07-09 22:00:00,1925.388,1928.24,1925.346,1926.192,2407,Sell
2023-07-09 23:00:00,1926.193,1926.193,1923.942,1924.948,2062,Sell
2023-07-10 01:00:00,1924.299,1926.98,1924.247,1924.999,4326,Sell
2023-07-10 03:00:00,1925.119,1925.743,1922.625,1923.94,2900,Sell
2023-07-10 04:00:00,1923.937,1923.986,1921.062,1921.316,2544,Sell
2023-07-10 05:00:00,1921.307,1921.625,1919.67,1920.264,3334,Sell
2023-07-10 09:00:00,1925.26,1926.283,1922.815,1923.357,3099,Sell
2023-07-10 12:00:00,1924.752,1925.042,1912.574,1914.064,6741,Sell
2023-07-10 14:00:00,1923.12,1925.072,1920.757,1922.104,6455,Sell
2023-07-10 17:00:00,1925.636,1926.894,1925.171,1925.723,3700,Sell
2023-07-10 20:00:00,1925.866,1925.973,1924.912,1925.332,1410,Sell
2023-07-10 22:00:00,1925.452,1925.673,1924.694,1925.159,1285,Sell
2023-07-11 01:00:00,1926.393,1927.904,1925.144,1925.59,3773,Sell
2023-07-11 03:00:00,1927.801,1928.991,1925.851,1926.716,3229,Sell
2023-07-11 07:00:00,1936.249,1936.338,1929.983,1932.322,5051,Sell
2023-07-11 10:00:00,1938.137,1938.504,1934.986,1935.255,3303,Sell
2023-07-11 12:00:00,1936.335,1936.542,1929.577,1932.061,6106,Sell
2023-07-11 14:00:00,1933.589,1935.435,1931.265,1931.863,5219,Sell
2023-07-11 15:00:00,1931.865,1933.23,1930.336,1931.148,4221,Sell
2023-07-12 01:00:00,1935.769,1939.104,1935.694,1937.609,3813,Sell
2023-07-12 03:00:00,1940.149,1940.261,1937.738,1938.594,3132,Sell
2023-07-12 06:00:00,1938.674,1940.278,1934.437,1934.881,3820,Sell
2023-07-12 10:00:00,1935.472,1935.531,1933.883,1934.311,2664,Sell
2023-07-12 17:00:00,1959.222,1959.718,1955.784,1957.281,3796,Sell
2023-07-12 20:00:00,1958.762,1958.786,1957.458,1957.458,1625,Sell
2023-07-13 00:00:00,1957.814,1958.927,1956.568,1957.102,3104,Sell
2023-07-13 04:00:00,1960.376,1962.272,1957.21,1957.329,2905,Sell
2023-07-13 05:00:00,1957.299,1958.448,1955.33,1955.46,4130,Sell
2023-07-13 08:00:00,1961.866,1962.789,1960.311,1961.003,3388,Sell
2023-07-13 09:00:00,1960.984,1961.016,1959.503,1960.071,3074,Sell
2023-07-13 15:00:00,1960.886,1961.651,1954.773,1955.043,5048,Sell
2023-07-13 22:00:00,1960.476,1960.968,1960.02,1960.02,1281,Sell
2023-07-13 23:00:00,1960.029,1961.918,1959.965,1960.234,2326,Sell
2023-07-14 02:00:00,1962.896,1963.771,1961.639,1961.769,3354,Sell
2023-07-14 04:00:00,1962.647,1962.647,1960.383,1960.447,2730,Sell
2023-07-14 05:00:00,1960.456,1961.333,1957.994,1958.904,3421,Sell
2023-07-14 06:00:00,1958.936,1960.393,1955.707,1956.61,4181,Sell
2023-07-14 08:00:00,1956.919,1958.243,1955.719,1956.173,3760,Sell
2023-07-14 12:00:00,1959.333,1962.811,1956.995,1957.587,5844,Sell
2023-07-14 15:00:00,1960.348,1961.987,1957.45,1958.174,5439,Sell
2023-07-14 18:00:00,1960.338,1961.084,1959.215,1959.324,2946,Sell
2023-07-14 19:00:00,1959.293,1959.312,1954.391,1954.391,3302,Sell
2023-07-17 05:00:00,1953.624,1956.9,1953.441,1954.122,3420,Sell
2023-07-17 06:00:00,1954.129,1955.123,1952.117,1953.307,3870,Sell
2023-07-17 07:00:00,1953.339,1955.176,1950.667,1952.354,4034,Sell
2023-07-17 10:00:00,1958.771,1959.901,1956.969,1957.292,3533,Sell
2023-07-17 12:00:00,1957.677,1959.477,1948.198,1948.639,7468,Sell
2023-07-17 23:00:00,1955.084,1956.353,1955.081,1955.498,1374,Sell
2023-07-18 01:00:00,1955.55,1959.583,1955.169,1957.206,4372,Sell
2023-07-18 04:00:00,1959.862,1961.154,1959.755,1960.09,2423,Sell
2023-07-18 05:00:00,1960.069,1961.818,1959.061,1959.333,3092,Sell
2023-07-18 07:00:00,1961.774,1964.119,1960.906,1961.579,4631,Sell
2023-07-18 17:00:00,1977.958,1978.015,1975.065,1976.364,3944,Sell
2023-07-18 23:00:00,1978.841,1979.191,1976.833,1977.581,2059,Sell
2023-07-19 01:00:00,1978.515,1978.559,1976.395,1976.676,4002,Sell
2023-07-19 03:00:00,1976.518,1977.181,1975.54,1975.543,2597,Sell
2023-07-19 04:00:00,1975.544,1976.154,1974.215,1974.856,2600,Sell
2023-07-19 07:00:00,1976.66,1980.959,1976.594,1978.029,4210,Sell
2023-07-19 08:00:00,1978.012,1979.127,1977.24,1977.578,3588,Sell
2023-07-19 09:00:00,1977.575,1979.164,1976.895,1977.243,3291,Sell
2023-07-19 10:00:00,1977.244,1978.173,1974.102,1974.956,3204,Sell
2023-07-19 20:00:00,1978.534,1978.638,1976.71,1977.115,1516,Sell
2023-07-20 03:00:00,1986.556,1987.521,1985.238,1985.274,2979,Sell
2023-07-20 04:00:00,1985.276,1985.548,1984.187,1984.675,2251,Sell
2023-07-20 05:00:00,1984.698,1984.819,1980.208,1980.811,3642,Sell
2023-07-20 07:00:00,1980.654,1982.716,1977.911,1979.255,4623,Sell
2023-07-20 09:00:00,1981.663,1982.385,1980.635,1980.955,3184,Sell
2023-07-20 10:00:00,1980.985,1983.275,1980.24,1980.628,3175,Sell
2023-07-20 12:00:00,1981.508,1981.644,1972.353,1974.059,7421,Sell
2023-07-20 13:00:00,1974.027,1980.145,1972.816,1976.048,8133,Sell
2023-07-20 14:00:00,1976.3,1977.343,1965.772,1970.531,8044,Sell
2023-07-20 15:00:00,1970.546,1971.031,1967.233,1968.709,4677,Sell
2023-07-20 18:00:00,1970.667,1971.523,1969.307,1969.739,2988,Sell
2023-07-20 19:00:00,1969.74,1971.518,1968.559,1968.812,3016,Sell
2023-07-21 01:00:00,1973.023,1973.835,1971.614,1972.382,4025,Sell
2023-07-21 02:00:00,1972.383,1972.754,1970.546,1970.941,3536,Sell
2023-07-21 03:00:00,1970.929,1971.133,1969.95,1970.334,2684,Sell
2023-07-21 04:00:00,1970.31,1971.074,1969.058,1970.008,2220,Sell
2023-07-21 06:00:00,1969.394,1972.241,1969.096,1970.814,3761,Sell
2023-07-21 07:00:00,1970.78,1971.215,1964.256,1964.358,5050,Sell
2023-07-21 08:00:00,1964.358,1965.22,1961.285,1961.521,4915,Sell
2023-07-21 12:00:00,1965.815,1968.169,1962.562,1963.176,5556,Sell
2023-07-21 14:00:00,1961.58,1965.447,1958.101,1959.843,6722,Sell
2023-07-21 17:00:00,1963.607,1964.906,1962.782,1962.812,3143,Sell
2023-07-21 18:00:00,1962.843,1964.31,1962.808,1963.242,2604,Sell
2023-07-21 20:00:00,1962.577,1962.727,1961.563,1961.951,1404,Sell
2023-07-23 22:00:00,1962.328,1962.982,1961.689,1962.011,1316,Sell
2023-07-23 23:00:00,1962.013,1962.346,1960.451,1961.277,1659,Sell
2023-07-24 02:00:00,1961.523,1962.003,1960.221,1960.697,3187,Sell
2023-07-24 03:00:00,1960.7,1961.996,1959.926,1960.243,2683,Sell
2023-07-24 05:00:00,1960.663,1962.209,1959.836,1960.075,2972,Sell
2023-07-24 07:00:00,1961.768,1965.732,1961.634,1963.336,5124,Sell
2023-07-24 08:00:00,1963.318,1963.905,1959.437,1959.641,4169,Sell
2023-07-24 10:00:00,1965.483,1966.588,1963.97,1965.524,3225,Sell
2023-07-24 11:00:00,1965.523,1967.905,1964.852,1965.057,3344,Sell
2023-07-24 15:00:00,1961.485,1962.209,1957.917,1959.721,4784,Sell
2023-07-24 17:00:00,1959.928,1960.71,1959.012,1959.157,3268,Sell
2023-07-24 18:00:00,1959.158,1959.288,1954.046,1954.998,3533,Sell
2023-07-25 02:00:00,1962.707,1963.479,1961.675,1962.227,3475,Sell
2023-07-25 03:00:00,1962.268,1963.598,1961.163,1961.653,2758,Sell
2023-07-25 04:00:00,1961.653,1962.144,1960.627,1960.633,2024,Sell
2023-07-25 09:00:00,1962.959,1963.724,1961.352,1962.252,3281,Sell
2023-07-25 10:00:00,1962.222,1962.701,1959.22,1959.224,2838,Sell
2023-07-25 13:00:00,1959.464,1961.112,1955.943,1956.883,7075,Sell
2023-07-25 16:00:00,1964.324,1965.72,1962.208,1962.466,3334,Sell
2023-07-25 22:00:00,1965.25,1966.342,1964.199,1964.617,1819,Sell
2023-07-26 00:00:00,1965.383,1966.126,1964.773,1964.997,2500,Sell
2023-07-26 04:00:00,1963.989,1964.457,1963.003,1963.162,1890,Sell
2023-07-26 09:00:00,1972.193,1972.515,1971.083,1971.538,2907,Sell
2023-07-26 11:00:00,1971.788,1974.261,1971.387,1972.011,3671,Sell
2023-07-26 13:00:00,1972.339,1972.339,1963.897,1966.74,6896,Sell
2023-07-26 16:00:00,1972.474,1973.412,1969.966,1970.378,3409,Sell
2023-07-26 23:00:00,1973.548,1973.956,1971.807,1972.109,1745,Sell
2023-07-27 02:00:00,1977.858,1982.233,1977.858,1979.285,3986,Sell
2023-07-27 03:00:00,1979.301,1979.631,1976.848,1977.979,2414,Sell
2023-07-27 04:00:00,1978.005,1978.815,1976.652,1976.792,2599,Sell
2023-07-27 05:00:00,1976.761,1976.853,1975.112,1975.771,3002,Sell
2023-07-27 06:00:00,1975.798,1977.416,1974.104,1974.843,4005,Sell
2023-07-27 16:00:00,1946.949,1947.839,1942.333,1944.321,3996,Sell
2023-07-27 18:00:00,1948.821,1948.933,1944.071,1945.441,4033,Sell
2023-07-27 19:00:00,1945.452,1947.464,1943.676,1944.24,3879,Sell
2023-07-28 04:00:00,1954.316,1956.761,1950.723,1951.919,7471,Sell
2023-07-28 07:00:00,1951.595,1953.456,1948.319,1949.703,6305,Sell
2023-07-28 12:00:00,1956.644,1961.209,1954.197,1955.688,8842,Sell
2023-07-28 15:00:00,1960.307,1963.455,1959.806,1961.009,4832,Sell
2023-07-28 16:00:00,1960.992,1963.56,1960.372,1961.177,3454,Sell
2023-07-28 17:00:00,1961.178,1962.474,1958.903,1959.664,3129,Sell
2023-07-28 18:00:00,1959.7,1960.985,1959.08,1959.13,2644,Sell
2023-07-31 01:00:00,1958.314,1958.625,1955.55,1956.783,4949,Sell
2023-07-31 02:00:00,1956.767,1958.49,1956.172,1956.735,3629,Sell
2023-07-31 03:00:00,1956.725,1957.624,1953.812,1954.651,2808,Sell
2023-07-31 14:00:00,1971.515,1972.006,1965.674,1967.358,6365,Sell
2023-07-31 16:00:00,1970.746,1972.301,1970.275,1971.019,3074,Sell
2023-07-31 17:00:00,1971.036,1972.096,1970.576,1971.053,2789,Sell
2023-07-31 18:00:00,1971.059,1971.103,1966.438,1966.519,2641,Sell
2023-07-31 19:00:00,1966.493,1967.079,1964.309,1964.582,3138,Sell
2023-08-01 00:00:00,1963.976,1964.728,1963.065,1963.484,2437,Sell
2023-08-01 04:00:00,1962.23,1962.377,1958.999,1959.738,2709,Sell
2023-08-01 05:00:00,1959.707,1960.244,1958.352,1958.995,2972,Sell
2023-08-01 07:00:00,1957.695,1957.697,1954.516,1955.537,4513,Sell
2023-08-01 09:00:00,1955.902,1957.757,1955.805,1956.96,3159,Sell
2023-08-01 11:00:00,1956.348,1956.69,1953.167,1953.624,3805,Sell
2023-08-01 12:00:00,1953.646,1955.982,1946.035,1946.895,7892,Sell
2023-08-01 16:00:00,1944.269,1944.301,1942.023,1943.171,3290,Sell
2023-08-01 19:00:00,1944.335,1945.601,1944.063,1944.47,2290,Sell
2023-08-01 20:00:00,1944.502,1944.912,1944.14,1944.181,1276,Sell
2023-08-02 01:00:00,1949.337,1949.909,1947.748,1947.766,3660,Sell
2023-08-02 07:00:00,1949.149,1950.351,1947.812,1948.472,4245,Sell
2023-08-02 08:00:00,1948.514,1951.948,1948.43,1949.894,4248,Sell
2023-08-02 11:00:00,1952.687,1954.852,1950.469,1950.721,3880,Sell
2023-08-02 12:00:00,1950.757,1951.921,1943.83,1945.701,9508,Sell
2023-08-02 14:00:00,1945.19,1945.346,1934.051,1935.978,9080,Sell
2023-08-02 17:00:00,1935.748,1939.191,1935.569,1936.659,3352,Sell
2023-08-02 20:00:00,1935.282,1935.589,1934.488,1934.587,1301,Sell
2023-08-02 23:00:00,1936.494,1936.694,1935.694,1936.1,1245,Sell
2023-08-03 00:00:00,1936.125,1937.085,1935.374,1935.593,2358,Sell
2023-08-03 02:00:00,1936.88,1938.286,1936.067,1936.338,2847,Sell
2023-08-03 06:00:00,1935.24,1936.165,1932.819,1933.543,4098,Sell
2023-08-03 10:00:00,1936.201,1937.506,1932.904,1934.406,3523,Sell
2023-08-03 14:00:00,1932.433,1938.697,1932.433,1935.03,9020,Sell
2023-08-03 15:00:00,1935.026,1938.773,1932.785,1933.121,5317,Sell
2023-08-03 18:00:00,1934.821,1935.387,1932.75,1933.227,2355,Sell
2023-08-03 22:00:00,1934.347,1937.104,1934.285,1935.569,2176,Sell
2023-08-04 02:00:00,1936.582,1937.594,1934.762,1935.225,3643,Sell
2023-08-04 08:00:00,1932.956,1933.715,1932.24,1932.451,3171,Sell
2023-08-04 16:00:00,1942.74,1943.586,1940.874,1941.792,3470,Sell
2023-08-06 22:00:00,1942.66,1946.748,1942.515,1943.79,2513,Sell
2023-08-07 02:00:00,1942.451,1942.939,1940.224,1940.942,2757,Sell
2023-08-07 03:00:00,1940.928,1941.748,1938.321,1939.42,2596,Sell
2023-08-08 05:00:00,1934.504,1934.913,1932.646,1934.083,2933,Sell
2023-08-08 06:00:00,1934.078,1934.847,1932.653,1933.226,3611,Sell
2023-08-08 10:00:00,1934.994,1935.477,1930.487,1930.781,3387,Sell
2023-08-08 11:00:00,1930.781,1933.28,1928.187,1929.016,4234,Sell
2023-08-08 12:00:00,1929.025,1929.842,1923.714,1925.467,7360,Sell
2023-08-08 15:00:00,1927.21,1928.112,1925.25,1925.874,4402,Sell
2023-08-08 16:00:00,1925.877,1928.501,1924.739,1925.406,3203,Sell
2023-08-08 19:00:00,1925.347,1926.662,1924.675,1924.896,2334,Sell
2023-08-08 20:00:00,1924.864,1925.321,1924.591,1925.12,1218,Sell
2023-08-09 00:00:00,1925.674,1926.569,1924.832,1925.118,1855,Sell
2023-08-09 08:00:00,1930.615,1930.869,1927.535,1928.105,3372,Sell
2023-08-09 09:00:00,1928.07,1928.383,1925.943,1926.247,2995,Sell
2023-08-09 10:00:00,1926.214,1926.579,1924.708,1925.25,2849,Sell
2023-08-09 13:00:00,1924.943,1926.051,1921.505,1922.896,5461,Sell
2023-08-09 14:00:00,1922.891,1927.539,1915.986,1917.334,7314,Sell
2023-08-09 16:00:00,1916.783,1918.22,1915.798,1916.37,3492,Sell
2023-08-09 17:00:00,1916.371,1918.008,1916.061,1916.422,3146,Sell
2023-08-09 19:00:00,1916.216,1916.979,1915.593,1915.593,2224,Sell
2023-08-10 02:00:00,1918.062,1919.23,1917.127,1917.133,2853,Sell
2023-08-10 04:00:00,1918.736,1918.895,1916.436,1916.815,2099,Sell
2023-08-10 13:00:00,1926.303,1927.238,1918.905,1922.801,10238,Sell
2023-08-10 14:00:00,1922.767,1922.997,1913.474,1915.113,7607,Sell
2023-08-10 17:00:00,1920.574,1921.027,1913.505,1913.769,4542,Sell
2023-08-10 19:00:00,1914.995,1915.178,1913.106,1913.389,2832,Sell
2023-08-10 20:00:00,1913.355,1913.726,1912.196,1912.459,1623,Sell
2023-08-11 02:00:00,1915.564,1916.045,1914.253,1914.822,2546,Sell
2023-08-11 04:00:00,1914.681,1914.86,1912.684,1913.51,2009,Sell
2023-08-11 06:00:00,1915.722,1917.641,1915.428,1916.348,3184,Sell
2023-08-11 09:00:00,1919.058,1919.869,1917.136,1918.02,3026,Sell
2023-08-11 12:00:00,1919.072,1920.982,1913.206,1916.083,7099,Sell
2023-08-11 15:00:00,1918.635,1919.614,1913.026,1914.078,4930,Sell
2023-08-11 17:00:00,1914.38,1915.543,1913.139,1913.283,2847,Sell
2023-08-14 06:00:00,1912.969,1914.113,1911.619,1912.159,2925,Sell
2023-08-14 08:00:00,1914.539,1916.256,1913.951,1914.33,3561,Sell
2023-08-14 11:00:00,1914.46,1915.016,1913.399,1914.027,2902,Sell
2023-08-14 13:00:00,1910.41,1910.999,1902.68,1904.295,6684,Sell
2023-08-14 17:00:00,1911.926,1913.167,1910.242,1910.333,2885,Sell
2023-08-14 18:00:00,1910.336,1910.631,1907.822,1908.113,2665,Sell
2023-08-14 19:00:00,1908.089,1908.303,1907.275,1907.663,2401,Sell
2023-08-15 15:00:00,1910.096,1911.157,1906.61,1906.92,5395,Sell
2023-08-15 16:00:00,1906.902,1907.477,1903.534,1903.701,3531,Sell
2023-08-15 19:00:00,1902.662,1903.863,1902.525,1902.764,3232,Sell
2023-08-15 20:00:00,1902.732,1903.64,1901.432,1901.67,1786,Sell
2023-08-15 22:00:00,1902.001,1902.582,1901.28,1901.528,1483,Sell
2023-08-16 03:00:00,1903.874,1905.373,1903.752,1904.171,2512,Sell
2023-08-16 09:00:00,1905.453,1907.246,1905.325,1906.13,3077,Sell
2023-08-16 11:00:00,1906.115,1906.732,1903.141,1903.187,2884,Sell
2023-08-16 12:00:00,1903.156,1904.251,1900.076,1900.854,5311,Sell
2023-08-16 16:00:00,1901.972,1902.63,1898.922,1899.5,3539,Sell
2023-08-16 18:00:00,1898.521,1899.629,1894.639,1895.053,4969,Sell
2023-08-16 19:00:00,1895.019,1895.557,1891.817,1892.246,3908,Sell
2023-08-16 20:00:00,1892.283,1893.726,1891.898,1892.105,1953,Sell
2023-08-16 23:00:00,1894.412,1894.44,1892.351,1893.395,2499,Sell
2023-08-17 03:00:00,1893.787,1894.006,1892.445,1892.821,2655,Sell
2023-08-17 07:00:00,1897.345,1897.599,1895.426,1896.489,3617,Sell
2023-08-17 08:00:00,1896.485,1896.549,1893.878,1894.046,3185,Sell
2023-08-17 13:00:00,1899.543,1903.513,1895.819,1896.014,7498,Sell
2023-08-17 15:00:00,1895.444,1896.432,1889.19,1889.528,4477,Sell
2023-08-17 16:00:00,1889.516,1891.265,1887.756,1888.426,3777,Sell
2023-08-18 02:00:00,1893.621,1894.963,1892.93,1893.266,3094,Sell
2023-08-18 06:00:00,1893.74,1893.95,1891.875,1892.215,3731,Sell
2023-08-18 07:00:00,1892.191,1894.034,1891.97,1892.647,3940,Sell
2023-08-18 08:00:00,1892.63,1893.583,1891.45,1892.092,3314,Sell
2023-08-18 10:00:00,1892.805,1895.598,1892.802,1894.279,2986,Sell
2023-08-18 11:00:00,1894.302,1895.121,1893.307,1893.833,2960,Sell
2023-08-18 12:00:00,1893.821,1894.906,1888.64,1890.293,5261,Sell
2023-08-18 13:00:00,1890.307,1896.794,1889.432,1893.893,7033,Sell
2023-08-18 15:00:00,1893.67,1893.722,1890.515,1891.306,3907,Sell
2023-08-18 16:00:00,1891.276,1891.997,1888.712,1889.586,3305,Sell
2023-08-21 00:00:00,1890.034,1891.211,1889.951,1890.007,2148,Sell
2023-08-21 01:00:00,1889.981,1890.084,1885.025,1885.509,4204,Sell
2023-08-21 03:00:00,1892.797,1893.646,1890.646,1891.743,2952,Sell
2023-08-21 04:00:00,1891.728,1893.671,1891.545,1892.555,2363,Sell
2023-08-21 05:00:00,1892.554,1894.115,1887.914,1888.1,3624,Sell
2023-08-21 07:00:00,1888.942,1890.432,1888.047,1888.204,3976,Sell
2023-08-21 13:00:00,1897.232,1898.715,1888.654,1890.081,7701,Sell
2023-08-21 14:00:00,1890.114,1891.239,1885.347,1886.897,6236,Sell
2023-08-21 19:00:00,1894.627,1895.219,1894.278,1894.368,2205,Sell
2023-08-21 23:00:00,1895.097,1896.09,1894.697,1894.764,1477,Sell
2023-08-22 01:00:00,1895.57,1897.341,1894.381,1895.179,3656,Sell
2023-08-22 02:00:00,1895.176,1897.357,1894.478,1894.497,3480,Sell
2023-08-22 04:00:00,1896.129,1896.413,1893.955,1894.08,1852,Sell
2023-08-22 05:00:00,1894.063,1896.551,1893.999,1895.483,2972,Sell
2023-08-22 08:00:00,1901.549,1902.329,1898.467,1900.021,3326,Sell
2023-08-22 10:00:00,1902.844,1904.51,1901.98,1902.044,3261,Sell
2023-08-22 12:00:00,1902.212,1903.468,1896.369,1897.455,5529,Sell
2023-08-22 13:00:00,1897.422,1897.652,1889.069,1890.438,7016,Sell
2023-08-22 16:00:00,1897.939,1898.976,1896.844,1897.404,3066,Sell
2023-08-23 00:00:00,1898.576,1900.359,1898.532,1899.066,2269,Sell
2023-08-23 02:00:00,1901.615,1902.955,1900.844,1901.075,3054,Sell
2023-08-23 05:00:00,1903.391,1904.026,1902.431,1902.679,2854,Sell
2023-08-23 06:00:00,1902.649,1904.765,1902.347,1902.968,3465,Sell
2023-08-23 08:00:00,1903.653,1905.456,1903.58,1903.81,3750,Sell
2023-08-23 09:00:00,1903.818,1905.217,1901.942,1902.717,3371,Sell
2023-08-23 11:00:00,1903.294,1904.64,1902.872,1903.359,3217,Sell
2023-08-23 12:00:00,1903.36,1908.484,1902.711,1903.786,5594,Sell
2023-08-23 17:00:00,1919.832,1919.897,1917.521,1918.074,3263,Sell
2023-08-23 18:00:00,1918.043,1918.212,1916.364,1916.739,2823,Sell
2023-08-23 19:00:00,1916.729,1917.613,1916.504,1916.931,2526,Sell
2023-08-23 20:00:00,1916.902,1917.017,1914.542,1915.423,1785,Sell
2023-08-24 07:00:00,1921.711,1922.207,1919.578,1919.621,3807,Sell
2023-08-24 08:00:00,1919.654,1922.038,1919.57,1920.401,3176,Sell
2023-08-24 09:00:00,1920.387,1921.037,1919.388,1919.628,2931,Sell
2023-08-24 10:00:00,1919.648,1920.784,1918.862,1919.363,2907,Sell
2023-08-24 11:00:00,1919.351,1919.708,1916.494,1916.667,3044,Sell
2023-08-24 16:00:00,1921.074,1921.508,1917.479,1918.402,3184,Sell
2023-08-24 17:00:00,1918.4,1919.67,1916.815,1917.21,2923,Sell
2023-08-24 18:00:00,1917.246,1918.107,1916.735,1916.952,2605,Sell
2023-08-24 19:00:00,1916.96,1918.154,1916.838,1916.838,2588,Sell
2023-08-24 23:00:00,1916.988,1916.988,1915.738,1915.947,1417,Sell
2023-08-25 00:00:00,1915.945,1916.628,1915.25,1915.577,2066,Sell
2023-08-25 02:00:00,1917.049,1917.206,1914.448,1914.94,2942,Sell
2023-08-25 03:00:00,1914.91,1915.059,1913.247,1913.517,2248,Sell
2023-08-25 04:00:00,1913.516,1914.874,1913.368,1913.816,2496,Sell
2023-08-25 06:00:00,1914.506,1915.136,1912.898,1913.126,3246,Sell
2023-08-25 07:00:00,1913.156,1916.104,1913.156,1914.249,3390,Sell
2023-08-25 09:00:00,1915.447,1918.029,1915.253,1916.151,2751,Sell
2023-08-25 12:00:00,1918.345,1920.334,1916.489,1917.266,4273,Sell
2023-08-25 14:00:00,1915.463,1922.313,1903.696,1904.698,15937,Sell
2023-08-27 22:00:00,1916.074,1916.119,1914.655,1914.948,1295,Sell
2023-08-28 01:00:00,1915.784,1917.452,1915.314,1915.575,3832,Sell
2023-08-28 04:00:00,1916.322,1916.786,1914.796,1915.664,1892,Sell
2023-08-28 05:00:00,1915.672,1917.677,1915.258,1915.714,2674,Sell
2023-08-28 06:00:00,1915.715,1917.819,1915.715,1915.991,2940,Sell
2023-08-28 07:00:00,1915.991,1916.42,1914.394,1914.564,2796,Sell
2023-08-28 09:00:00,1914.73,1915.741,1914.004,1914.163,2228,Sell
2023-08-28 11:00:00,1915.249,1915.534,1914.491,1914.857,2469,Sell
2023-08-28 16:00:00,1924.827,1925.295,1920.305,1920.749,3393,Sell
2023-08-28 18:00:00,1920.427,1920.572,1919.533,1919.622,2238,Sell
2023-08-28 19:00:00,1919.621,1920.647,1919.557,1919.759,2114,Sell
2023-08-28 23:00:00,1920.849,1921.676,1920.765,1921.286,990,Sell
2023-08-29 01:00:00,1921.713,1923.11,1921.427,1922.116,2855,Sell
2023-08-29 04:00:00,1925.448,1925.643,1923.958,1924.001,2054,Sell
2023-08-29 06:00:00,1924.483,1925.33,1922.946,1923.01,2915,Sell
2023-08-29 08:00:00,1923.316,1924.345,1922.319,1922.924,2952,Sell
2023-08-29 09:00:00,1922.894,1924.507,1922.616,1924.374,2772,Sell
2023-08-29 10:00:00,1924.406,1924.423,1920.243,1920.336,3053,Sell
2023-08-29 11:00:00,1920.329,1920.493,1916.794,1917.284,3332,Sell
2023-08-29 23:00:00,1937.229,1937.589,1936.024,1936.268,1408,Sell
2023-08-30 01:00:00,1936.839,1937.097,1935.46,1936.239,3108,Sell
2023-08-30 02:00:00,1936.239,1937.567,1936.211,1936.796,2831,Sell
2023-08-30 04:00:00,1936.838,1937.177,1935.941,1936.131,1892,Sell
2023-08-30 05:00:00,1936.131,1936.936,1935.339,1935.439,2556,Sell
2023-08-30 15:00:00,1946.671,1947.042,1944.149,1945.011,4321,Sell
2023-08-30 17:00:00,1944.955,1945.664,1943.58,1943.747,2639,Sell
2023-08-30 19:00:00,1943.9,1943.948,1943.126,1943.485,2102,Sell
2023-08-30 20:00:00,1943.509,1943.68,1942.173,1942.473,1560,Sell
2023-08-30 23:00:00,1944.646,1944.819,1943.853,1944.285,1558,Sell
2023-08-31 02:00:00,1947.266,1947.76,1945.593,1946.233,2518,Sell
2023-08-31 03:00:00,1946.228,1946.232,1944.801,1945.236,2240,Sell
2023-08-31 07:00:00,1943.895,1946.353,1943.895,1945.135,3222,Sell
2023-08-31 08:00:00,1945.143,1945.549,1944.408,1944.463,2834,Sell
2023-08-31 10:00:00,1944.831,1945.41,1943.963,1944.355,2535,Sell
2023-08-31 15:00:00,1942.961,1943.776,1939.133,1940.692,4561,Sell
2023-08-31 17:00:00,1941.781,1941.895,1939.147,1940.522,2873,Sell
2023-08-31 18:00:00,1940.524,1942.154,1940.351,1941.428,2216,Sell
2023-08-31 19:00:00,1941.435,1941.729,1939.986,1940.119,2386,Sell
2023-08-31 20:00:00,1940.154,1940.609,1939.44,1939.856,1360,Sell
2023-09-01 02:00:00,1942.636,1942.694,1940.074,1940.576,2721,Sell
2023-09-01 03:00:00,1940.54,1940.54,1938.846,1939.007,2329,Sell
2023-09-01 05:00:00,1940.054,1940.73,1939.29,1939.807,2262,Sell
2023-09-01 11:00:00,1944.352,1945.922,1944.077,1944.542,2944,Sell
2023-09-01 13:00:00,1949.884,1951.497,1940.194,1943.914,10420,Sell
2023-09-01 16:00:00,1938.88,1939.9,1937.677,1938.183,3332,Sell
2023-09-01 19:00:00,1941.129,1941.406,1940.505,1940.59,2107,Sell
2023-09-01 20:00:00,1940.591,1940.767,1939.325,1939.804,1227,Sell
2023-09-03 22:00:00,1940.087,1940.305,1939.506,1939.634,906,Sell
2023-09-04 03:00:00,1945.748,1946.06,1944.96,1945.031,2001,Sell
2023-09-04 05:00:00,1945.176,1945.903,1944.144,1944.561,2661,Sell
2023-09-04 06:00:00,1944.565,1946.332,1944.466,1945.153,3147,Sell
2023-09-04 09:00:00,1943.905,1944.262,1940.874,1941.034,2784,Sell
2023-09-04 10:00:00,1941.037,1942.791,1940.35,1940.525,2462,Sell
2023-09-04 12:00:00,1941.7,1941.78,1939.953,1940.01,2460,Sell
2023-09-04 13:00:00,1940.01,1940.257,1937.96,1938.297,3665,Sell
2023-09-04 16:00:00,1938.697,1938.922,1938.035,1938.392,1693,Sell
2023-09-04 17:00:00,1938.391,1938.433,1938.031,1938.218,242,Sell
2023-09-04 22:00:00,1938.557,1938.842,1938.041,1938.171,973,Sell
2023-09-04 23:00:00,1938.17,1938.652,1937.728,1937.759,1064,Sell
2023-09-05 01:00:00,1937.88,1938.718,1934.935,1935.885,3170,Sell
2023-09-05 05:00:00,1938.652,1939.027,1936.654,1937.124,2582,Sell
2023-09-05 07:00:00,1936.822,1938.335,1935.576,1935.641,3478,Sell
2023-09-05 08:00:00,1935.64,1935.724,1932.289,1933.488,3378,Sell
2023-09-05 09:00:00,1933.493,1933.514,1930.6,1930.779,3209,Sell
2023-09-05 10:00:00,1930.749,1932.434,1930.283,1931.152,2854,Sell
2023-09-05 11:00:00,1931.152,1931.941,1930.011,1930.528,3183,Sell
2023-09-05 13:00:00,1933.883,1934.292,1926.796,1927.865,7842,Sell
2023-09-05 15:00:00,1927.494,1928.999,1926.17,1926.17,4154,Sell
2023-09-05 17:00:00,1927.334,1927.513,1926.303,1926.57,2658,Sell
2023-09-05 18:00:00,1926.569,1927.536,1926.008,1926.046,2140,Sell
2023-09-05 19:00:00,1926.047,1927.358,1925.512,1925.88,2277,Sell
2023-09-06 00:00:00,1926.669,1926.782,1924.508,1924.77,2031,Sell
2023-09-06 06:00:00,1928.264,1928.397,1925.686,1926.166,3121,Sell
2023-09-06 07:00:00,1926.161,1926.679,1922.906,1922.906,4078,Sell
2023-09-06 11:00:00,1926.541,1927.026,1925.364,1925.471,2767,Sell
2023-09-06 12:00:00,1925.463,1927.343,1923.185,1923.254,4261,Sell
2023-09-06 14:00:00,1928.17,1928.17,1915.343,1918.197,9894,Sell
2023-09-06 15:00:00,1918.183,1918.319,1915.586,1916.836,4428,Sell
2023-09-06 17:00:00,1920.047,1920.722,1917.596,1917.714,2784,Sell
2023-09-06 18:00:00,1917.714,1918.197,1916.059,1917.714,2128,Sell
2023-09-06 19:00:00,1917.713,1917.775,1916.402,1916.742,2087,Sell
2023-09-06 20:00:00,1916.772,1917.086,1916.021,1916.451,1296,Sell
2023-09-06 22:00:00,1917.526,1918.203,1917.367,1917.609,1241,Sell
2023-09-06 23:00:00,1917.62,1917.933,1917.004,1917.191,1181,Sell
2023-09-07 04:00:00,1920.2,1920.309,1918.096,1919.041,2031,Sell
2023-09-07 05:00:00,1919.031,1919.375,1917.489,1917.562,2586,Sell
2023-09-07 06:00:00,1917.538,1919.841,1917.538,1918.456,3164,Sell
2023-09-07 19:00:00,1920.385,1920.594,1918.715,1918.816,1847,Sell
2023-09-08 03:00:00,1926.006,1926.3,1924.429,1925.005,2078,Sell
2023-09-08 04:00:00,1925.005,1925.11,1924.336,1924.567,1724,Sell
2023-09-08 06:00:00,1925.748,1927.336,1924.945,1925.396,3205,Sell
2023-09-08 07:00:00,1925.397,1926.022,1923.91,1924.173,3247,Sell
2023-09-08 10:00:00,1925.272,1925.639,1923.441,1923.572,2364,Sell
2023-09-08 11:00:00,1923.602,1923.99,1922.708,1923.053,2739,Sell
2023-09-08 12:00:00,1923.054,1926.109,1920.445,1920.477,4449,Sell
2023-09-08 14:00:00,1928.531,1929.658,1923.888,1923.904,6021,Sell
2023-09-08 15:00:00,1923.935,1924.287,1919.249,1919.646,4249,Sell
2023-09-08 18:00:00,1920.518,1920.731,1918.461,1918.628,1879,Sell
2023-09-08 20:00:00,1919.246,1919.448,1918.856,1919.073,1009,Sell
2023-09-10 22:00:00,1919.721,1919.753,1918.016,1918.356,1773,Sell
2023-09-11 02:00:00,1922.493,1924.14,1922.399,1922.767,3254,Sell
2023-09-11 07:00:00,1927.953,1930.685,1926.341,1926.522,3858,Sell
2023-09-11 09:00:00,1927.775,1928.077,1925.376,1925.418,2910,Sell
2023-09-11 11:00:00,1925.81,1926.562,1924.723,1925.267,2907,Sell
2023-09-11 13:00:00,1927.26,1930.084,1924.476,1925.913,5846,Sell
2023-09-11 14:00:00,1925.88,1926.721,1921.618,1922.647,5712,Sell
2023-09-11 16:00:00,1923.087,1925.138,1922.84,1923.471,2725,Sell
2023-09-11 17:00:00,1923.477,1924.343,1922.465,1922.698,2543,Sell
2023-09-11 18:00:00,1922.701,1922.969,1921.536,1921.897,2148,Sell
2023-09-11 20:00:00,1922.768,1922.768,1922.273,1922.37,917,Sell
2023-09-11 22:00:00,1922.799,1923.336,1922.559,1922.563,921,Sell
2023-09-11 23:00:00,1922.56,1922.56,1921.305,1921.724,1406,Sell
2023-09-12 04:00:00,1923.723,1924.547,1922.3,1922.316,2221,Sell
2023-09-12 05:00:00,1922.314,1922.398,1919.982,1920.278,2777,Sell
2023-09-12 07:00:00,1920.013,1920.152,1918.863,1919.068,2966,Sell
2023-09-12 09:00:00,1919.815,1920.105,1918.641,1919.019,2607,Sell
2023-09-12 10:00:00,1919.03,1919.669,1914.818,1915.622,3666,Sell
2023-09-12 11:00:00,1915.643,1915.643,1910.981,1913.036,3945,Sell
2023-09-12 12:00:00,1913.036,1913.036,1908.627,1909.808,5441,Sell
2023-09-12 14:00:00,1909.277,1914.648,1908.471,1911.97,5577,Sell
2023-09-12 15:00:00,1912.004,1913.778,1911.744,1912.511,3530,Sell
2023-09-12 16:00:00,1912.522,1915.107,1911.78,1912.432,3021,Sell
2023-09-12 17:00:00,1912.4,1913.349,1911.845,1912.078,2698,Sell
2023-09-12 19:00:00,1913.429,1913.626,1912.685,1913.042,1983,Sell
2023-09-12 23:00:00,1913.536,1913.878,1912.534,1912.958,1244,Sell
2023-09-13 00:00:00,1912.957,1913.716,1912.513,1912.627,2139,Sell
2023-09-13 01:00:00,1912.627,1913.881,1910.783,1911.431,3376,Sell
2023-09-13 02:00:00,1911.462,1911.886,1908.959,1909.16,2941,Sell
2023-09-13 05:00:00,1911.673,1912.7,1909.305,1910.331,2828,Sell
2023-09-13 09:00:00,1912.254,1912.496,1910.84,1911.272,2701,Sell
2023-09-13 16:00:00,1910.476,1911.731,1908.962,1909.425,3386,Sell
2023-09-13 18:00:00,1910.117,1910.391,1908.909,1909.416,2252,Sell
2023-09-13 19:00:00,1909.416,1909.416,1908.496,1908.839,2306,Sell
2023-09-13 20:00:00,1908.867,1908.987,1908.229,1908.317,1157,Sell
2023-09-13 22:00:00,1908.986,1909.876,1908.842,1908.89,1255,Sell
2023-09-14 01:00:00,1912.711,1912.956,1910.688,1911.25,3860,Sell
2023-09-14 02:00:00,1911.219,1911.396,1908.863,1910.018,3536,Sell
2023-09-14 04:00:00,1909.741,1910.745,1909.25,1909.441,2035,Sell
2023-09-14 05:00:00,1909.452,1911.083,1907.835,1908.114,3004,Sell
2023-09-14 06:00:00,1908.114,1908.689,1907.061,1907.39,3338,Sell
2023-09-14 07:00:00,1907.421,1907.562,1905.266,1905.918,3298,Sell
2023-09-14 08:00:00,1905.917,1907.414,1905.598,1907.356,3117,Sell
2023-09-14 09:00:00,1907.35,1907.587,1906.157,1906.407,2510,Sell
2023-09-14 11:00:00,1909.142,1909.165,1907.267,1907.558,2867,Sell
2023-09-14 12:00:00,1907.588,1910.306,1901.26,1904.53,9715,Sell
2023-09-14 13:00:00,1904.496,1907.597,1902.053,1903.188,10245,Sell
2023-09-14 16:00:00,1908.02,1912.13,1908.003,1910.266,4211,Sell
2023-09-14 17:00:00,1910.287,1911.481,1908.444,1908.779,3083,Sell
2023-09-14 18:00:00,1908.778,1909.533,1908.145,1908.284,2392,Sell
2023-09-14 22:00:00,1910.979,1911.012,1910.319,1910.436,1158,Sell
2023-09-14 23:00:00,1910.436,1911.126,1909.835,1909.835,1461,Sell
2023-09-15 10:00:00,1918.072,1918.3,1917.15,1917.185,2555,Sell
2023-09-15 12:00:00,1919.253,1920.549,1916.098,1917.15,5110,Sell
2023-09-15 15:00:00,1928.584,1929.741,1924.834,1926.478,4704,Sell
2023-09-15 16:00:00,1926.481,1927.904,1925.042,1925.404,3408,Sell
2023-09-15 18:00:00,1924.788,1925.033,1923.957,1924.086,2316,Sell
2023-09-15 19:00:00,1924.091,1924.554,1922.453,1922.55,2407,Sell
2023-09-17 22:00:00,1924.177,1924.63,1923.571,1923.73,1180,Sell
2023-09-18 06:00:00,1929.932,1930.396,1928.202,1928.597,4354,Sell
2023-09-18 07:00:00,1928.614,1929.249,1926.511,1926.54,3507,Sell
2023-09-18 08:00:00,1926.51,1926.68,1925.143,1926.177,3047,Sell
2023-09-18 12:00:00,1926.855,1928.089,1923.605,1924.033,4208,Sell
2023-09-18 13:00:00,1924.045,1928.505,1923.535,1924.1,5585,Sell
2023-09-18 17:00:00,1931.167,1933.525,1931.065,1932.217,2960,Sell
2023-09-18 18:00:00,1932.221,1932.322,1931.161,1931.563,2180,Sell
2023-09-19 00:00:00,1934.161,1934.634,1932.739,1932.795,2140,Sell
2023-09-19 03:00:00,1932.95,1933.097,1932.189,1932.327,1823,Sell
2023-09-19 04:00:00,1932.326,1932.604,1931.39,1931.39,1689,Sell
2023-09-19 05:00:00,1931.388,1931.871,1930.341,1930.94,2321,Sell
2023-09-19 06:00:00,1930.944,1931.41,1929.9,1930.556,3144,Sell
2023-09-19 08:00:00,1934.512,1934.984,1933.526,1933.817,2713,Sell
2023-09-19 16:00:00,1933.17,1933.787,1930.885,1930.946,2872,Sell
2023-09-19 17:00:00,1930.936,1933.075,1930.691,1930.894,2794,Sell
2023-09-19 20:00:00,1931.961,1931.961,1931.082,1931.34,1103,Sell
2023-09-19 22:00:00,1931.982,1932.407,1931.792,1931.898,1011,Sell
2023-09-19 23:00:00,1931.899,1931.899,1930.968,1931.419,1182,Sell
2023-09-20 00:00:00,1931.417,1931.591,1930.357,1930.726,1831,Sell
2023-09-20 03:00:00,1930.747,1931.474,1930.454,1930.651,1947,Sell
2023-09-20 04:00:00,1930.652,1930.921,1929.744,1929.858,1521,Sell
2023-09-20 06:00:00,1931.236,1932.381,1929.931,1930.481,3537,Sell
2023-09-20 07:00:00,1930.45,1930.584,1928.002,1928.768,3387,Sell
2023-09-20 08:00:00,1928.737,1930.334,1928.708,1929.174,2891,Sell
2023-09-20 15:00:00,1944.028,1945.874,1941.708,1941.935,4311,Sell
2023-09-21 04:00:00,1928.4,1928.622,1927.889,1928.031,1879,Sell
2023-09-21 06:00:00,1928.754,1930.551,1927.79,1928.22,3168,Sell
2023-09-21 07:00:00,1928.25,1928.741,1926.454,1927.22,4092,Sell
2023-09-21 08:00:00,1927.189,1927.482,1922.952,1923.13,3575,Sell
2023-09-21 11:00:00,1925.242,1925.361,1920.289,1920.805,4592,Sell
2023-09-21 12:00:00,1920.812,1920.812,1914.167,1916.465,8106,Sell
2023-09-21 13:00:00,1916.444,1918.896,1913.856,1916.541,8604,Sell
2023-09-21 15:00:00,1920.251,1921.337,1917.212,1917.497,4749,Sell
2023-09-21 18:00:00,1920.514,1921.318,1919.626,1919.945,2653,Sell
2023-09-21 19:00:00,1919.972,1921.114,1919.362,1919.791,2380,Sell
2023-09-22 08:00:00,1928.029,1928.048,1926.387,1926.777,3180,Sell
2023-09-22 09:00:00,1926.76,1927.677,1925.167,1925.439,2860,Sell
2023-09-22 10:00:00,1925.441,1926.486,1924.361,1924.656,2830,Sell
2023-09-22 16:00:00,1927.766,1928.578,1924.943,1925.346,3025,Sell
2023-09-22 18:00:00,1925.563,1925.966,1924.342,1925.014,2212,Sell
2023-09-24 22:00:00,1926.216,1926.394,1925.738,1925.844,1366,Sell
2023-09-25 04:00:00,1923.679,1923.689,1922.853,1923.191,1691,Sell
2023-09-25 05:00:00,1923.191,1923.584,1921.792,1921.792,2370,Sell
2023-09-25 07:00:00,1924.067,1927.247,1922.593,1923.549,3710,Sell
2023-09-25 11:00:00,1924.932,1925.051,1923.758,1924.119,3038,Sell
2023-09-25 16:00:00,1917.51,1918.32,1915.819,1916.8,3296,Sell
2023-09-25 17:00:00,1916.812,1917.659,1915.582,1915.988,2690,Sell
2023-09-25 18:00:00,1915.988,1917.244,1915.244,1915.666,2342,Sell
2023-09-25 19:00:00,1915.659,1916.199,1915.476,1915.554,2236,Sell
2023-09-25 23:00:00,1916.611,1916.758,1916.204,1916.307,968,Sell
2023-09-26 00:00:00,1916.309,1916.547,1914.671,1914.915,2039,Sell
2023-09-26 02:00:00,1914.865,1915.195,1913.173,1913.69,2518,Sell
2023-09-26 05:00:00,1914.696,1915.233,1913.648,1913.648,2251,Sell
2023-09-26 06:00:00,1913.647,1913.774,1910.533,1910.561,2993,Sell
2023-09-26 10:00:00,1913.059,1913.473,1911.356,1911.802,2656,Sell
2023-09-26 11:00:00,1911.805,1913.707,1910.618,1911.634,3107,Sell
2023-09-26 13:00:00,1910.328,1910.36,1904.761,1906.824,6397,Sell
2023-09-26 15:00:00,1906.498,1906.551,1900.727,1902.452,4860,Sell
2023-09-26 16:00:00,1902.466,1903.698,1900.892,1901.302,3571,Sell
2023-09-26 17:00:00,1901.34,1902.359,1900.695,1901.055,3223,Sell
2023-09-26 18:00:00,1901.1,1901.627,1899.203,1899.986,3005,Sell
2023-09-27 02:00:00,1902.658,1902.658,1900.14,1900.912,2750,Sell
2023-09-27 03:00:00,1900.877,1901.002,1899.467,1899.973,2137,Sell
2023-09-27 04:00:00,1899.964,1899.964,1896.676,1897.785,2610,Sell
2023-09-27 05:00:00,1897.755,1898.428,1895.662,1896.415,2962,Sell
2023-09-27 07:00:00,1898.163,1899.131,1896.485,1896.719,3513,Sell
2023-09-27 09:00:00,1896.711,1896.726,1894.628,1895.622,2988,Sell
2023-09-27 10:00:00,1895.605,1896.406,1893.541,1893.919,3073,Sell
2023-09-27 11:00:00,1893.877,1894.256,1892.569,1892.951,3391,Sell
2023-09-27 13:00:00,1891.861,1892.257,1884.549,1887.828,6146,Sell
2023-09-27 14:00:00,1887.846,1888.972,1883.564,1883.565,6110,Sell
2023-09-27 15:00:00,1883.597,1885.099,1879.822,1881.59,5291,Sell
2023-09-27 16:00:00,1881.625,1881.691,1875.558,1875.957,4242,Sell
2023-09-28 01:00:00,1877.179,1877.544,1873.666,1874.197,3475,Sell
2023-09-28 06:00:00,1877.098,1877.681,1873.994,1875.035,4218,Sell
2023-09-28 07:00:00,1875.071,1878.27,1874.733,1875.78,4063,Sell
2023-09-28 08:00:00,1875.814,1876.294,1873.751,1874.224,3657,Sell
2023-09-28 10:00:00,1875.92,1876.385,1874.521,1874.959,2904,Sell
2023-09-28 11:00:00,1874.923,1876.838,1874.64,1876.072,3068,Sell
2023-09-28 12:00:00,1876.084,1879.59,1871.717,1872.456,7276,Sell
2023-09-28 13:00:00,1872.421,1877.125,1871.373,1873.1,8581,Sell
2023-09-28 14:00:00,1873.066,1876.49,1865.259,1865.262,7651,Sell
2023-09-28 16:00:00,1864.858,1865.902,1862.399,1863.576,4657,Sell
2023-09-28 17:00:00,1863.592,1864.306,1861.047,1861.972,4124,Sell
2023-09-28 20:00:00,1867.171,1867.325,1864.532,1864.76,1676,Sell
2023-09-28 22:00:00,1865.376,1866.371,1863.983,1864.422,1657,Sell
2023-09-29 00:00:00,1866.795,1867.304,1864.878,1865.405,2073,Sell
2023-09-29 02:00:00,1865.862,1867.07,1864.779,1864.927,2621,Sell
2023-09-29 03:00:00,1864.957,1864.979,1862.99,1863.402,2201,Sell
2023-09-29 10:00:00,1873.634,1873.634,1872.352,1872.402,2876,Sell
2023-09-29 11:00:00,1872.369,1872.369,1867.63,1869.525,4177,Sell
2023-09-29 13:00:00,1873.941,1879.816,1870.265,1870.679,9527,Sell
2023-09-29 14:00:00,1870.61,1871.773,1858.976,1860.937,10946,Sell
2023-09-29 15:00:00,1860.97,1861.116,1852.294,1854.841,7128,Sell
2023-09-29 16:00:00,1854.873,1856.517,1853.017,1853.738,4285,Sell
2023-09-29 17:00:00,1853.735,1853.738,1849.728,1850.031,4153,Sell
2023-09-29 19:00:00,1848.942,1850.332,1848.068,1848.33,3399,Sell
2023-10-01 22:00:00,1847.384,1848.778,1845.787,1846.567,2189,Sell
2023-10-02 00:00:00,1848.414,1848.985,1845.217,1845.562,2512,Sell
2023-10-02 01:00:00,1845.529,1847.476,1844.03,1844.032,2547,Sell
2023-10-02 03:00:00,1844.093,1844.908,1843.417,1843.536,1627,Sell
2023-10-02 04:00:00,1843.532,1844.392,1842.417,1842.636,2197,Sell
2023-10-02 05:00:00,1842.634,1843.161,1839.357,1839.721,2613,Sell
2023-10-02 07:00:00,1844.573,1846.062,1839.492,1839.876,4544,Sell
2023-10-02 08:00:00,1839.844,1843.268,1839.591,1839.625,3686,Sell
2023-10-02 09:00:00,1839.593,1839.733,1831.145,1834.294,5040,Sell
2023-10-02 10:00:00,1834.303,1836.359,1832.896,1833.532,3912,Sell
2023-10-02 12:00:00,1837.363,1840.659,1834.085,1836.35,6221,Sell
2023-10-02 13:00:00,1836.368,1838.487,1832.373,1833.945,7784,Sell
2023-10-02 14:00:00,1833.915,1836.884,1827.213,1828.939,10416,Sell
2023-10-02 16:00:00,1832.676,1833.299,1830.55,1831.686,4669,Sell
2023-10-02 17:00:00,1831.717,1833.666,1831.057,1831.926,4035,Sell
2023-10-02 18:00:00,1831.927,1833.421,1830.29,1830.59,3089,Sell
2023-10-02 19:00:00,1830.618,1830.648,1829.264,1829.406,2946,Sell
2023-10-02 20:00:00,1829.376,1829.687,1827.588,1827.878,1672,Sell
2023-10-02 22:00:00,1829.046,1829.603,1827.457,1828.22,1975,Sell
2023-10-03 01:00:00,1824.789,1825.201,1822.705,1823.01,3360,Sell
2023-10-03 02:00:00,1823.009,1823.309,1815.318,1817.489,3798,Sell
2023-10-03 05:00:00,1820.717,1820.943,1818.258,1819.489,3080,Sell
2023-10-03 10:00:00,1826.505,1827.414,1825.059,1825.832,3399,Sell
2023-10-03 12:00:00,1826.008,1829.84,1824.407,1824.86,6841,Sell
2023-10-03 16:00:00,1824.919,1828.145,1822.961,1823.956,5593,Sell
2023-10-03 17:00:00,1823.96,1826.048,1822.998,1823.635,4190,Sell
2023-10-03 20:00:00,1823.986,1825.055,1822.828,1822.861,1609,Sell
2023-10-03 22:00:00,1823.537,1824.336,1822.229,1822.694,1546,Sell
2023-10-04 02:00:00,1822.764,1823.041,1820.069,1820.898,2956,Sell
2023-10-04 05:00:00,1823.64,1823.754,1821.01,1821.297,2826,Sell
2023-10-04 06:00:00,1821.325,1821.475,1816.769,1819.152,4031,Sell
2023-10-04 09:00:00,1823.091,1824.579,1821.473,1822.176,3902,Sell
2023-10-04 11:00:00,1823.171,1827.228,1822.942,1825.049,4915,Sell
2023-10-04 12:00:00,1825.045,1830.707,1823.789,1827.362,8999,Sell
2023-10-04 13:00:00,1827.393,1827.528,1817.811,1820.446,8304,Sell
2023-10-04 14:00:00,1820.442,1821.924,1817.17,1818.493,12106,Sell
2023-10-04 16:00:00,1823.917,1824.083,1820.994,1821.067,5115,Sell
2023-10-04 17:00:00,1821.036,1821.378,1818.348,1818.414,3972,Sell
2023-10-04 19:00:00,1817.648,1823.735,1817.478,1823.386,3355,Sell
2023-10-04 20:00:00,1823.421,1823.424,1820.55,1821.313,1782,Sell
2023-10-04 23:00:00,1822.408,1824.085,1822.397,1822.624,1624,Sell
2023-10-05 02:00:00,1828.154,1828.47,1826.115,1826.241,2381,Sell
2023-10-05 04:00:00,1828.428,1829.273,1827.441,1827.7,2335,Sell
2023-10-05 05:00:00,1827.658,1828.222,1826.354,1826.363,2671,Sell
2023-10-05 06:00:00,1826.37,1826.644,1822.175,1822.323,3511,Sell
2023-10-05 07:00:00,1822.314,1822.889,1819.941,1820.79,4194,Sell
2023-10-05 08:00:00,1820.819,1822.493,1819.794,1819.937,3640,Sell
2023-10-05 23:00:00,1821.253,1823.202,1821.226,1821.372,1447,Sell
2023-10-06 00:00:00,1821.372,1822.23,1820.29,1820.747,2270,Sell
2023-10-06 04:00:00,1824.005,1824.61,1822.645,1822.831,2021,Sell
2023-10-06 05:00:00,1822.85,1822.947,1820.802,1821.419,2281,Sell
2023-10-06 06:00:00,1821.42,1821.712,1818.676,1819.442,3022,Sell
2023-10-06 09:00:00,1821.979,1822.359,1820.119,1820.557,3066,Sell
2023-10-06 10:00:00,1820.554,1825.15,1820.554,1822.642,3534,Sell
2023-10-06 11:00:00,1822.696,1822.821,1820.733,1821.309,3382,Sell
2023-10-06 12:00:00,1821.306,1821.761,1810.502,1815.147,11739,Sell
2023-10-06 14:00:00,1821.346,1831.57,1820.983,1823.616,10350,Sell
2023-10-06 18:00:00,1831.888,1834.03,1831.552,1831.927,3071,Sell
2023-10-08 22:00:00,1853.49,1854.743,1845.625,1849.899,7008,Sell
2023-10-08 23:00:00,1849.9,1849.959,1846.597,1848.065,3965,Sell
2023-10-09 01:00:00,1852.437,1852.826,1847.406,1849.031,5481,Sell
2023-10-09 02:00:00,1849.031,1852.817,1848.976,1850.522,3300,Sell
2023-10-09 04:00:00,1851.174,1853.322,1850.184,1850.565,2600,Sell
2023-10-09 06:00:00,1851.88,1854.461,1850.004,1850.081,4392,Sell
2023-10-09 10:00:00,1851.247,1852.045,1849.883,1850.168,2891,Sell
2023-10-09 13:00:00,1848.02,1849.515,1844.261,1845.394,8053,Sell
2023-10-09 14:00:00,1845.426,1852.513,1845.116,1852.164,5727,Sell
2023-10-09 15:00:00,1852.133,1853.229,1850.615,1851.64,4387,Sell
2023-10-09 16:00:00,1851.639,1851.847,1848.733,1850.092,3277,Sell
2023-10-09 17:00:00,1850.105,1855.491,1850.014,1854.535,3584,Sell
2023-10-09 20:00:00,1863.291,1863.291,1861.019,1861.403,1730,Sell
2023-10-10 01:00:00,1864.127,1865.298,1863.139,1863.794,4286,Sell
2023-10-10 02:00:00,1863.802,1864.68,1862.377,1863.035,3102,Sell
2023-10-10 03:00:00,1863.006,1863.777,1862.429,1862.52,2792,Sell
2023-10-10 04:00:00,1862.52,1862.56,1860.878,1860.926,2304,Sell
2023-10-10 06:00:00,1860.842,1862.07,1855.235,1856.612,5077,Sell
2023-10-10 09:00:00,1858.56,1859.66,1857.642,1858.363,3565,Sell
2023-10-10 10:00:00,1858.338,1858.448,1856.432,1856.749,3271,Sell
2023-10-10 12:00:00,1857.257,1857.734,1853.07,1854.568,6004,Sell
2023-10-10 17:00:00,1862.017,1862.821,1858.317,1858.552,4334,Sell
2023-10-10 22:00:00,1860.216,1860.525,1859.429,1859.895,990,Sell
2023-10-10 23:00:00,1859.883,1860.788,1859.704,1859.747,1206,Sell
2023-10-11 03:00:00,1861.526,1861.556,1859.825,1860.157,2416,Sell
2023-10-11 04:00:00,1860.157,1860.728,1859.514,1859.81,1747,Sell
2023-10-11 11:00:00,1873.991,1874.641,1870.973,1871.071,3658,Sell
2023-10-11 16:00:00,1873.127,1877.252,1872.935,1874.392,4276,Sell
2023-10-11 17:00:00,1874.382,1874.778,1870.883,1872.047,4237,Sell
2023-10-11 23:00:00,1874.695,1875.763,1874.685,1875.35,1041,Sell
2023-10-12 07:00:00,1882.219,1882.692,1878.824,1878.955,4049,Sell
2023-10-12 08:00:00,1878.924,1881.543,1878.704,1880.398,3490,Sell
2023-10-12 10:00:00,1881.024,1882.743,1880.652,1881.432,2929,Sell
2023-10-12 12:00:00,1883.597,1885.083,1875.314,1879.141,9449,Sell
2023-10-12 13:00:00,1879.11,1880.078,1872.903,1873.951,8503,Sell
2023-10-12 14:00:00,1873.919,1876.667,1871.229,1872.22,7336,Sell
2023-10-12 16:00:00,1872.413,1873.689,1871.041,1871.477,3995,Sell
2023-10-12 17:00:00,1871.501,1872.069,1868.069,1869.035,5388,Sell
2023-10-12 18:00:00,1869.004,1870.733,1867.983,1868.442,3809,Sell
2023-10-12 22:00:00,1869.245,1871.232,1869.242,1869.785,1438,Sell
2023-10-13 01:00:00,1872.604,1873.062,1871.423,1872.061,3040,Sell
2023-10-13 05:00:00,1876.361,1878.113,1876.063,1877.143,2632,Sell
2023-10-13 17:00:00,1927.227,1929.956,1926.904,1928.371,4927,Sell
2023-10-16 00:00:00,1925.942,1926.027,1921.512,1921.745,3424,Sell
2023-10-16 01:00:00,1921.757,1923.55,1920.444,1920.548,3670,Sell
2023-10-16 06:00:00,1915.09,1915.883,1909.304,1909.975,5561,Sell
2023-10-16 11:00:00,1918.013,1918.277,1914.833,1915.666,4257,Sell
2023-10-16 12:00:00,1915.698,1924.626,1914.678,1918.774,8675,Sell
2023-10-16 17:00:00,1921.962,1922.821,1918.608,1919.208,3553,Sell
2023-10-16 22:00:00,1920.056,1921.039,1918.868,1918.931,1755,Sell
2023-10-16 23:00:00,1918.93,1921.836,1918.89,1919.486,1732,Sell
2023-10-17 00:00:00,1919.482,1920.067,1914.469,1916.668,3032,Sell
2023-10-17 01:00:00,1916.656,1917.66,1913.386,1915.154,3289,Sell
2023-10-17 04:00:00,1916.91,1917.012,1914.583,1914.738,2102,Sell
2023-10-17 08:00:00,1920.072,1920.599,1918.694,1919.234,3878,Sell
2023-10-17 10:00:00,1923.077,1926.604,1922.642,1923.518,4857,Sell
2023-10-17 14:00:00,1927.926,1930.98,1922.78,1924.101,8765,Sell
2023-10-17 16:00:00,1926.885,1926.885,1923.115,1924.161,4420,Sell
2023-10-17 17:00:00,1924.159,1925.163,1919.739,1919.845,3955,Sell
2023-10-17 19:00:00,1922.082,1925.175,1921.916,1922.685,3232,Sell
2023-10-18 05:00:00,1938.144,1939.752,1936.518,1937.159,3206,Sell
2023-10-18 06:00:00,1937.13,1938.756,1935.175,1936.119,4245,Sell
2023-10-18 08:00:00,1939.622,1939.818,1937.354,1938.426,4029,Sell
2023-10-18 14:00:00,1957.116,1958.784,1943.602,1947.029,11149,Sell
2023-10-18 18:00:00,1954.042,1954.22,1948.849,1950.633,3966,Sell
2023-10-18 20:00:00,1950.431,1950.685,1947.176,1947.614,2317,Sell
2023-10-19 00:00:00,1950.918,1953.353,1948.753,1950.234,3265,Sell
2023-10-19 03:00:00,1949.626,1950.737,1945.272,1946.353,3025,Sell
2023-10-19 05:00:00,1948.245,1949.337,1945.955,1946.933,3272,Sell
2023-10-19 07:00:00,1948.023,1952.857,1947.685,1949.555,5293,Sell
2023-10-19 19:00:00,1973.118,1977.751,1973.118,1974.363,5223,Sell
2023-10-19 22:00:00,1973.519,1976.629,1972.539,1972.539,2692,Sell
2023-10-19 23:00:00,1972.494,1982.546,1972.494,1977.219,4775,Sell
2023-10-20 00:00:00,1977.283,1977.68,1974.118,1975.059,4760,Sell
2023-10-20 03:00:00,1979.466,1980.509,1977.19,1977.866,3086,Sell
2023-10-20 04:00:00,1977.864,1978.289,1976.663,1977.314,2517,Sell
2023-10-20 10:00:00,1982.628,1984.393,1982.343,1983.369,3429,Sell
2023-10-20 11:00:00,1983.371,1985.946,1976.471,1977.364,4841,Sell
2023-10-20 16:00:00,1991.682,1992.488,1981.21,1982.662,6565,Sell
2023-10-22 23:00:00,1976.387,1978.244,1970.137,1971.654,2963,Sell
2023-10-23 00:00:00,1971.616,1973.337,1964.373,1966.357,4577,Sell
2023-10-23 13:00:00,1977.613,1980.069,1970.211,1974.893,9019,Sell
2023-10-23 15:00:00,1976.261,1978.927,1973.631,1975.393,5921,Sell
2023-10-23 16:00:00,1975.374,1979.439,1973.745,1974.583,4877,Sell
2023-10-23 19:00:00,1977.603,1977.823,1971.206,1973.235,3780,Sell
2023-10-23 22:00:00,1973.76,1973.872,1973.041,1973.138,1142,Sell
2023-10-24 02:00:00,1976.665,1980.925,1975.805,1977.752,4288,Sell
2023-10-24 04:00:00,1976.908,1977.433,1975.393,1976.247,2510,Sell
2023-10-24 07:00:00,1977.705,1979.213,1974.949,1975.435,4945,Sell
2023-10-24 08:00:00,1975.429,1976.027,1970.005,1972.349,4762,Sell
2023-10-24 09:00:00,1972.31,1972.59,1964.966,1966.631,5272,Sell
2023-10-24 10:00:00,1966.659,1967.484,1960.998,1961.935,4599,Sell
2023-10-24 18:00:00,1975.981,1976.302,1971.916,1973.77,3268,Sell
2023-10-24 20:00:00,1972.73,1973.246,1970.976,1971.122,1781,Sell
2023-10-25 02:00:00,1976.035,1976.932,1971.427,1972.761,3668,Sell
2023-10-25 04:00:00,1973.304,1974.6,1971.965,1972.502,2719,Sell
2023-10-25 06:00:00,1972.951,1976.052,1971.352,1971.459,4047,Sell
2023-10-25 08:00:00,1971.219,1974.999,1970.679,1971.493,4275,Sell
2023-10-25 09:00:00,1971.522,1972.069,1969.516,1969.611,3816,Sell
2023-10-25 14:00:00,1985.161,1985.968,1974.865,1977.183,8884,Sell
2023-10-25 16:00:00,1981.291,1983.732,1977.602,1978.221,5218,Sell
2023-10-25 18:00:00,1983.208,1984.447,1980.836,1981.602,3657,Sell
2023-10-25 19:00:00,1981.621,1982.714,1980.43,1980.847,3109,Sell
2023-10-25 22:00:00,1980.283,1984.185,1980.203,1982.158,3150,Sell
2023-10-26 02:00:00,1985.103,1986.982,1984.593,1984.91,2814,Sell
2023-10-26 05:00:00,1988.52,1989.688,1984.881,1985.902,3690,Sell
2023-10-26 06:00:00,1985.895,1988.3,1984.036,1985.076,4819,Sell
2023-10-26 10:00:00,1990.713,1991.255,1986.069,1986.675,3527,Sell
2023-10-26 11:00:00,1986.666,1987.672,1982.517,1984.706,4088,Sell
2023-10-26 12:00:00,1984.725,1986.754,1974.835,1979.536,9854,Sell
2023-10-26 18:00:00,1986.973,1987.186,1984.862,1986.028,3445,Sell
2023-10-26 19:00:00,1986.009,1986.91,1982.4,1984.428,3388,Sell
2023-10-26 23:00:00,1985.345,1986.835,1983.459,1984.445,2715,Sell
2023-10-27 00:00:00,1984.443,1984.951,1982.943,1983.589,2844,Sell
2023-10-27 02:00:00,1985.601,1988.923,1985.601,1986.789,3487,Sell
2023-10-27 09:00:00,1986.987,1987.993,1985.329,1985.976,3125,Sell
2023-10-27 10:00:00,1985.975,1986.284,1980.683,1980.683,3399,Sell
2023-10-27 14:00:00,1983.152,1985.743,1980.966,1982.185,7664,Sell
2023-10-27 15:00:00,1982.214,1983.534,1978.643,1979.997,5276,Sell
2023-10-27 19:00:00,2005.476,2009.456,2004.873,2007.044,5493,Sell
2023-10-30 02:00:00,2004.671,2004.79,2001.994,2002.975,3258,Sell
2023-10-30 03:00:00,2002.973,2003.582,2001.58,2002.192,2812,Sell
2023-10-30 04:00:00,2002.21,2002.749,2000.247,2001.587,2361,Sell
2023-10-30 05:00:00,2001.577,2002.665,1999.632,1999.766,2796,Sell
2023-10-30 06:00:00,1999.75,2000.856,1995.127,1995.671,3874,Sell
2023-10-30 07:00:00,1995.64,1997.799,1993.493,1993.743,4857,Sell
2023-10-30 10:00:00,1996.623,1997.411,1994.17,1994.519,4015,Sell
2023-10-30 19:00:00,1997.936,1998.762,1994.765,1996.002,3189,Sell
2023-10-30 22:00:00,1995.948,1996.423,1994.956,1995.179,1161,Sell
2023-10-31 02:00:00,1996.391,1997.144,1994.456,1994.612,2573,Sell
2023-10-31 03:00:00,1994.608,1995.12,1991.795,1992.26,4686,Sell
2023-10-31 05:00:00,1992.844,1995.191,1992.7,1993.149,3211,Sell
2023-10-31 12:00:00,1999.911,2001.588,1994.901,1995.735,6834,Sell
2023-10-31 14:00:00,2002.561,2007.949,1998.916,1999.222,9221,Sell
2023-10-31 15:00:00,1999.221,1999.423,1992.53,1994.377,8107,Sell
2023-10-31 16:00:00,1994.304,1994.826,1986.668,1990.865,6863,Sell
2023-10-31 17:00:00,1990.861,1991.33,1983.326,1984.251,6238,Sell
2023-10-31 19:00:00,1984.58,1986.828,1984.239,1984.926,4005,Sell
2023-10-31 20:00:00,1984.889,1985.262,1983.364,1984.073,1977,Sell
2023-10-31 22:00:00,1983.74,1986.218,1983.698,1984.778,2206,Sell
2023-10-31 23:00:00,1984.818,1985.341,1983.196,1983.767,2170,Sell
2023-11-01 00:00:00,1983.77,1984.047,1978.838,1980.021,3464,Sell
2023-11-01 02:00:00,1979.587,1980.943,1978.296,1978.424,3209,Sell
2023-11-01 03:00:00,1978.41,1979.086,1976.936,1977.18,2714,Sell
2023-11-01 06:00:00,1979.139,1981.067,1979.139,1980.323,3173,Sell
2023-11-01 07:00:00,1980.28,1980.638,1976.58,1977.203,3699,Sell
2023-11-01 14:00:00,1985.813,1992.803,1985.813,1986.588,9923,Sell
2023-11-01 15:00:00,1986.624,1987.231,1978.441,1979.338,5977,Sell
2023-11-01 16:00:00,1979.306,1980.52,1974.668,1977.85,4812,Sell
2023-11-01 17:00:00,1977.856,1979.955,1977.416,1978.06,3828,Sell
2023-11-01 18:00:00,1978.038,1982.205,1969.923,1975.003,12828,Sell
2023-11-01 19:00:00,1974.965,1982.358,1974.873,1978.696,7513,Sell
2023-11-02 00:00:00,1985.089,1986.173,1983.976,1984.7,3250,Sell
2023-11-02 01:00:00,1984.715,1988.222,1984.327,1986.365,3872,Sell
2023-11-02 02:00:00,1986.356,1986.599,1983.48,1983.883,3092,Sell
2023-11-02 05:00:00,1986.097,1986.72,1984.309,1985.401,3045,Sell
2023-11-02 09:00:00,1986.914,1989.671,1986.741,1988.29,3376,Sell
2023-11-02 13:00:00,1990.355,1991.026,1982.02,1984.374,7907,Sell
2023-11-02 15:00:00,1984.372,1985.046,1978.898,1981.24,5842,Sell
2023-11-02 22:00:00,1986.243,1986.565,1984.634,1985.034,1258,Sell
2023-11-03 00:00:00,1985.056,1986.299,1985.007,1985.606,2045,Sell
2023-11-03 01:00:00,1985.642,1985.801,1983.318,1983.978,3163,Sell
2023-11-03 03:00:00,1987.409,1987.516,1985.526,1985.902,1883,Sell
2023-11-03 04:00:00,1985.903,1986.89,1985.587,1985.818,2183,Sell
2023-11-03 09:00:00,1988.613,1990.285,1988.353,1989.183,3333,Sell
2023-11-03 10:00:00,1989.176,1989.856,1987.114,1988.333,2933,Sell
2023-11-03 11:00:00,1988.327,1988.718,1987.021,1987.636,2970,Sell
2023-11-03 15:00:00,1994.527,1995.833,1990.947,1991.807,6279,Sell
2023-11-03 16:00:00,1991.837,1993.264,1989.416,1990.443,5746,Sell
2023-11-03 19:00:00,1995.09,1995.157,1991.67,1992.82,2750,Sell
2023-11-05 23:00:00,1991.519,1991.679,1987.249,1988.57,2472,Sell
2023-11-06 04:00:00,1985.254,1985.254,1983.248,1983.814,2360,Sell
2023-11-06 06:00:00,1983.985,1985.372,1983.702,1984.304,2875,Sell
2023-11-06 12:00:00,1987.733,1988.237,1983.526,1984.477,3948,Sell
2023-11-06 14:00:00,1986.424,1988.204,1984.148,1984.882,6274,Sell
2023-11-06 15:00:00,1984.877,1985.876,1981.178,1981.178,5519,Sell
2023-11-06 18:00:00,1983.755,1983.792,1980.593,1981.356,2929,Sell
2023-11-06 19:00:00,1981.351,1981.523,1979.275,1980.401,2891,Sell
2023-11-06 20:00:00,1980.381,1980.381,1977.439,1977.566,3032,Sell
2023-11-06 21:00:00,1977.601,1978.802,1977.451,1977.964,1999,Sell
2023-11-06 23:00:00,1978.246,1978.377,1975.837,1976.777,2655,Sell
2023-11-07 00:00:00,1976.753,1977.101,1975.53,1976.046,2931,Sell
2023-11-07 02:00:00,1975.873,1976.172,1972.972,1973.003,2742,Sell
2023-11-07 03:00:00,1973.013,1973.68,1972.328,1972.662,2924,Sell
2023-11-07 04:00:00,1972.663,1973.347,1971.06,1971.456,2357,Sell
2023-11-07 06:00:00,1973.709,1974.009,1971.137,1971.162,2881,Sell
2023-11-07 07:00:00,1971.169,1971.259,1967.29,1969.383,3688,Sell
2023-11-07 08:00:00,1969.376,1970.299,1966.1,1966.785,4271,Sell
2023-11-07 11:00:00,1966.203,1966.3,1962.737,1963.945,3757,Sell
2023-11-07 12:00:00,1963.94,1964.413,1957.264,1958.818,5505,Sell
2023-11-07 14:00:00,1966.593,1967.294,1960.239,1960.461,7662,Sell
2023-11-07 15:00:00,1960.431,1965.686,1960.379,1963.397,6444,Sell
2023-11-07 16:00:00,1963.399,1966.667,1963.288,1964.768,4990,Sell
2023-11-07 19:00:00,1969.424,1969.939,1967.275,1967.524,3005,Sell
2023-11-08 00:00:00,1969.008,1970.107,1967.97,1968.192,2703,Sell
2023-11-08 03:00:00,1968.716,1968.941,1967.583,1967.85,2858,Sell
2023-11-08 04:00:00,1967.846,1967.97,1967.547,1967.707,2201,Sell
2023-11-08 05:00:00,1967.706,1968.009,1965.05,1965.674,2692,Sell
2023-11-08 09:00:00,1968.263,1968.32,1965.522,1965.544,3765,Sell
2023-11-08 10:00:00,1965.55,1965.55,1959.521,1962.078,4491,Sell
2023-11-08 12:00:00,1964.496,1964.591,1961.995,1962.833,3433,Sell
2023-11-08 13:00:00,1962.863,1966.746,1962.863,1964.859,5701,Sell
2023-11-08 14:00:00,1964.863,1966.441,1959.928,1960.312,6501,Sell
2023-11-08 15:00:00,1960.281,1960.684,1951.018,1955.455,7752,Sell
2023-11-08 17:00:00,1954.976,1956.735,1952.014,1953.789,4343,Sell
2023-11-08 18:00:00,1953.817,1954.784,1950.995,1952.046,4587,Sell
2023-11-08 19:00:00,1952.064,1952.075,1947.569,1948.23,3286,Sell
2023-11-09 06:00:00,1950.236,1950.426,1949.103,1949.389,3388,Sell
2023-11-09 09:00:00,1948.455,1949.773,1946.443,1946.972,3612,Sell
2023-11-09 12:00:00,1948.901,1949.008,1945.146,1945.876,4475,Sell
2023-11-09 14:00:00,1950.651,1958.933,1948.626,1958.152,7793,Sell
2023-11-09 16:00:00,1962.962,1963.768,1959.896,1960.659,4922,Sell
2023-11-09 17:00:00,1960.69,1964.24,1960.172,1961.921,4510,Sell
2023-11-09 20:00:00,1958.486,1960.098,1957.101,1957.413,3525,Sell
2023-11-10 01:00:00,1960.566,1960.815,1958.901,1959.165,3614,Sell
2023-11-10 04:00:00,1959.483,1959.567,1957.642,1957.892,2557,Sell
2023-11-10 07:00:00,1957.047,1957.214,1953.815,1955.45,3758,Sell
2023-11-10 08:00:00,1955.433,1957.259,1954.722,1954.994,3891,Sell
2023-11-10 09:00:00,1955.007,1955.388,1953.595,1953.997,3257,Sell
2023-11-10 11:00:00,1954.138,1954.138,1947.159,1948.277,3888,Sell
2023-11-10 14:00:00,1946.259,1947.729,1941.242,1942.605,6305,Sell
2023-11-10 16:00:00,1942.109,1943.504,1937.269,1939.614,5327,Sell
2023-11-10 17:00:00,1939.586,1940.172,1936.611,1936.849,3982,Sell
2023-11-10 19:00:00,1936.042,1937.398,1935.049,1935.54,3223,Sell
2023-11-13 00:00:00,1940.474,1942.013,1939.443,1939.443,3303,Sell
2023-11-13 02:00:00,1940.344,1941.311,1937.505,1937.566,3395,Sell
2023-11-13 03:00:00,1937.603,1937.982,1934.152,1935.412,3617,Sell
2023-11-13 06:00:00,1939.128,1940.124,1938.529,1938.708,3123,Sell
2023-11-13 08:00:00,1938.895,1939.427,1936.082,1936.692,3895,Sell
2023-11-13 09:00:00,1936.714,1940.524,1936.142,1938.292,3657,Sell
2023-11-13 11:00:00,1939.563,1939.744,1937.271,1938.065,2937,Sell
2023-11-13 12:00:00,1938.055,1938.453,1935.476,1936.323,3109,Sell
2023-11-13 14:00:00,1936.056,1936.201,1932.587,1932.797,5376,Sell
2023-11-13 15:00:00,1932.78,1939.011,1931.704,1938.522,6000,Sell
2023-11-13 21:00:00,1946.675,1946.684,1946.008,1946.122,1187,Sell
2023-11-13 23:00:00,1946.392,1946.571,1945.673,1946.499,1598,Sell
2023-11-14 01:00:00,1946.868,1948.42,1945.488,1945.757,2949,Sell
2023-11-14 03:00:00,1945.86,1946.027,1944.757,1944.863,2484,Sell
2023-11-14 06:00:00,1944.496,1946.059,1944.263,1944.693,2602,Sell
2023-11-14 11:00:00,1946.908,1947.211,1945.289,1945.937,3094,Sell
2023-11-14 12:00:00,1945.971,1946.686,1944.826,1945.193,3122,Sell
2023-11-14 15:00:00,1967.768,1969.247,1962.33,1964.415,7229,Sell
2023-11-14 17:00:00,1964.205,1965.115,1961.923,1962.287,4553,Sell
2023-11-14 21:00:00,1963.881,1964.027,1962.666,1963.257,1499,Sell
2023-11-14 23:00:00,1963.036,1963.27,1962.278,1962.593,1835,Sell
2023-11-15 12:00:00,1973.001,1973.401,1970.379,1971.62,3897,Sell
2023-11-15 13:00:00,1971.588,1975.38,1963.5,1965.636,8486,Sell
2023-11-15 14:00:00,1965.678,1966.749,1955.513,1957.542,8318,Sell
2023-11-15 17:00:00,1962.35,1963.257,1960.518,1961.465,4066,Sell
2023-11-15 18:00:00,1961.434,1962.125,1959.245,1960.482,3559,Sell
2023-11-15 20:00:00,1961.813,1962.277,1959.02,1959.521,2967,Sell
2023-11-16 09:00:00,1967.535,1968.636,1966.023,1966.331,3394,Sell
2023-11-16 10:00:00,1966.332,1966.79,1964.708,1965.207,3123,Sell
2023-11-16 16:00:00,1984.958,1988.043,1980.228,1982.054,6158,Sell
2023-11-16 18:00:00,1983.409,1985.261,1983.218,1984.226,3565,Sell
2023-11-16 19:00:00,1984.226,1984.403,1982.992,1983.453,3075,Sell
2023-11-16 20:00:00,1983.399,1984.141,1980.813,1980.907,3139,Sell
2023-11-17 01:00:00,1985.019,1987.044,1982.767,1983.485,4073,Sell
2023-11-17 04:00:00,1986.763,1987.124,1985.353,1986.133,2548,Sell
2023-11-17 05:00:00,1986.123,1986.123,1984.366,1984.499,2750,Sell
2023-11-17 06:00:00,1984.494,1984.828,1982.776,1983.667,2863,Sell
2023-11-17 10:00:00,1991.377,1993.509,1990.601,1991.845,3751,Sell
2023-11-17 11:00:00,1991.845,1991.89,1987.457,1988.834,4122,Sell
2023-11-17 13:00:00,1988.849,1991.697,1983.665,1984.895,6482,Sell
2023-11-17 14:00:00,1984.911,1986.763,1979.424,1980.498,7427,Sell
2023-11-17 16:00:00,1983.532,1985.382,1979.446,1981.258,5128,Sell
2023-11-19 23:00:00,1977.556,1978.82,1974.22,1974.571,2472,Sell
2023-11-20 04:00:00,1982.34,1983.492,1980.988,1981.47,3400,Sell
2023-11-20 05:00:00,1981.48,1983.453,1979.635,1980.664,3479,Sell
2023-11-20 07:00:00,1980.333,1981.092,1978.184,1978.595,4280,Sell
2023-11-20 08:00:00,1978.647,1980.111,1975.922,1977.054,5080,Sell
2023-11-20 10:00:00,1979.346,1979.571,1975.1,1975.904,4058,Sell
2023-11-20 11:00:00,1975.89,1976.351,1972.319,1973.432,3726,Sell
2023-11-20 12:00:00,1973.411,1973.479,1970.631,1972.531,4614,Sell
2023-11-20 13:00:00,1972.465,1973.285,1965.688,1968.28,6836,Sell
2023-11-20 17:00:00,1974.643,1976.359,1972.588,1973.842,4030,Sell
2023-11-21 04:00:00,1993.3,1994.144,1991.226,1992.209,3543,Sell
2023-11-21 05:00:00,1992.214,1993.415,1991.005,1991.745,3686,Sell
2023-11-21 06:00:00,1991.766,1992.573,1989.724,1990.846,3822,Sell
2023-11-21 07:00:00,1990.852,1993.696,1990.504,1992.459,4287,Sell
2023-11-21 08:00:00,1992.394,1994.345,1986.613,1987.908,5170,Sell
2023-11-21 09:00:00,1987.914,1988.68,1984.336,1985.448,4683,Sell
2023-11-21 16:00:00,2004.272,2005.454,1998.718,2001.147,5790,Sell
2023-11-21 17:00:00,2001.175,2001.689,1999.149,2001.504,4120,Sell
2023-11-21 20:00:00,2000.16,2000.253,1998.466,1999.079,3046,Sell
2023-11-21 21:00:00,1999.058,1999.154,1997.898,1998.495,1646,Sell
2023-11-22 00:00:00,1999.438,1999.438,1996.948,1997.477,3126,Sell
2023-11-22 01:00:00,1997.52,1998.897,1995.897,1996.217,4170,Sell
2023-11-22 03:00:00,1996.817,1998.168,1995.972,1996.564,3024,Sell
2023-11-22 08:00:00,2003.729,2006.504,1999.353,1999.768,5104,Sell
2023-11-22 10:00:00,2002.164,2002.974,1999.597,2001.147,3770,Sell
2023-11-22 11:00:00,2001.141,2003.498,2000.479,2000.7,3632,Sell
2023-11-22 13:00:00,2002.044,2003.31,1996.823,1999.214,6407,Sell
2023-11-22 15:00:00,2001.754,2001.754,1989.985,1995.001,7976,Sell
2023-11-22 16:00:00,1994.996,1995.578,1990.121,1991.128,4914,Sell
2023-11-22 17:00:00,1991.173,1992.51,1988.702,1991.642,3898,Sell
2023-11-22 20:00:00,1990.8,1991.581,1989.49,1989.795,2831,Sell
2023-11-22 23:00:00,1989.678,1991.913,1989.664,1990.606,2051,Sell
2023-11-23 08:00:00,1996.434,1996.506,1993.846,1995.079,4011,Sell
2023-11-23 12:00:00,1993.923,1994.302,1992.037,1992.552,3046,Sell
2023-11-23 15:00:00,1993.905,1993.977,1991.878,1992.229,3072,Sell
2023-11-23 16:00:00,1992.239,1992.239,1989.862,1990.637,2855,Sell
2023-11-23 18:00:00,1992.778,1993.068,1992.087,1992.232,293,Sell
2023-11-24 01:00:00,1993.967,1994.954,1991.581,1992.914,3684,Sell
2023-11-24 02:00:00,1992.904,1994.234,1991.989,1992.362,3317,Sell
2023-11-24 11:00:00,1995.842,1996.234,1994.594,1995.279,3092,Sell
2023-11-24 12:00:00,1995.329,1997.231,1994.955,1995.535,3440,Sell
2023-11-24 14:00:00,1999.712,2003.196,1999.563,2001.237,5994,Sell
2023-11-24 17:00:00,1999.957,2002.408,1999.601,2001.021,3511,Sell
2023-11-27 00:00:00,2002.464,2004.327,2001.889,2002.18,3624,Sell
2023-11-27 05:00:00,2012.999,2013.824,2010.684,2010.764,3648,Sell
2023-11-27 06:00:00,2010.74,2012.021,2008.814,2009.776,4050,Sell
2023-11-27 09:00:00,2013.855,2015.59,2012.992,2013.473,3830,Sell
2023-11-27 13:00:00,2013.684,2016.437,2009.849,2011.435,6697,Sell
2023-11-27 15:00:00,2011.537,2014.998,2008.743,2010.302,7653,Sell
2023-11-28 01:00:00,2017.228,2018.121,2013.924,2015.579,4431,Sell
2023-11-28 03:00:00,2015.266,2017.275,2014.922,2014.999,3117,Sell
2023-11-28 07:00:00,2015.907,2016.682,2012.179,2013.609,3806,Sell
2023-11-28 12:00:00,2015.273,2016.028,2014.055,2014.43,3374,Sell
2023-11-28 18:00:00,2040.797,2041.496,2038.227,2039.522,4176,Sell
2023-11-29 02:00:00,2048.795,2049.073,2046.026,2047.087,4560,Sell
2023-11-29 03:00:00,2047.037,2047.569,2043.059,2044.111,4035,Sell
2023-11-29 06:00:00,2045.967,2046.361,2043.188,2044.714,4589,Sell
2023-11-29 07:00:00,2044.678,2044.893,2041.068,2042.583,4139,Sell
2023-11-29 09:00:00,2042.781,2043.456,2035.328,2038.468,4915,Sell
2023-11-29 10:00:00,2038.466,2039.229,2036.729,2037.53,4210,Sell
2023-11-29 13:00:00,2041.462,2043.041,2037.367,2039.179,7903,Sell
2023-11-29 19:00:00,2047.912,2049.636,2045.387,2046.358,3783,Sell
2023-11-29 20:00:00,2046.37,2046.521,2042.878,2044.598,3876,Sell
2023-11-30 01:00:00,2046.723,2046.791,2043.167,2043.427,4018,Sell
2023-11-30 04:00:00,2046.165,2046.733,2043.204,2044.602,3402,Sell
2023-11-30 05:00:00,2044.599,2044.823,2041.429,2041.761,3269,Sell
2023-11-30 09:00:00,2040.679,2042.365,2038.792,2039.973,4398,Sell
2023-11-30 10:00:00,2039.926,2040.681,2036.814,2038.476,4417,Sell
2023-11-30 11:00:00,2038.47,2038.768,2035.957,2037.247,4209,Sell
2023-11-30 13:00:00,2038.419,2044.168,2033.996,2036.891,9356,Sell
2023-11-30 17:00:00,2039.72,2041.469,2036.838,2037.132,4285,Sell
2023-11-30 18:00:00,2037.157,2038.678,2033.737,2034.979,3274,Sell
2023-12-01 02:00:00,2041.771,2042.84,2040.04,2040.361,3202,Sell
2023-12-01 03:00:00,2040.378,2042.797,2038.753,2039.51,3382,Sell
2023-12-01 06:00:00,2041.047,2042.935,2039.785,2040.507,3428,Sell
2023-12-01 07:00:00,2040.554,2042.062,2039.306,2039.602,3739,Sell
2023-12-01 09:00:00,2045.392,2049.953,2044.899,2046.448,4686,Sell
2023-12-01 10:00:00,2046.448,2047.302,2043.259,2043.825,3860,Sell
2023-12-01 11:00:00,2043.825,2044.286,2036.521,2037.133,4530,Sell
2023-12-01 12:00:00,2037.164,2038.634,2033.925,2036.017,4780,Sell
2023-12-01 19:00:00,2071.747,2072.285,2065.714,2067.142,3649,Sell
2023-12-04 00:00:00,2118.02,2120.788,2090.819,2095.951,16286,Sell
2023-12-04 01:00:00,2095.995,2098.582,2083.249,2087.851,12141,Sell
2023-12-04 03:00:00,2088.206,2089.489,2084.538,2085.874,4530,Sell
2023-12-04 06:00:00,2086.137,2088.042,2073.905,2076.622,6834,Sell
2023-12-04 07:00:00,2076.677,2078.862,2061.559,2063.652,10891,Sell
2023-12-04 09:00:00,2069.745,2076.471,2068.271,2071.119,6585,Sell
2023-12-04 10:00:00,2071.16,2071.21,2064.124,2068.387,5545,Sell
2023-12-04 13:00:00,2069.888,2070.597,2055.974,2057.62,9807,Sell
2023-12-04 14:00:00,2057.65,2058.094,2042.513,2050.182,15894,Sell
2023-12-04 15:00:00,2050.2,2053.516,2020.086,2022.645,24710,Sell
2023-12-04 20:00:00,2031.011,2032.396,2026.235,2026.408,4765,Sell
2023-12-05 00:00:00,2034.031,2041.27,2032.742,2036.819,5718,Sell
2023-12-05 01:00:00,2036.788,2038.525,2034.108,2035.709,6173,Sell
2023-12-05 02:00:00,2035.67,2036.667,2033.589,2034.746,4067,Sell
2023-12-05 04:00:00,2037.371,2038.411,2030.474,2032.299,3883,Sell
2023-12-05 06:00:00,2032.199,2034.613,2031.806,2033.497,4514,Sell
2023-12-05 07:00:00,2033.548,2035.079,2031.217,2032.742,5854,Sell
2023-12-05 08:00:00,2032.699,2039.678,2032.679,2034.51,6772,Sell
2023-12-05 09:00:00,2034.501,2034.501,2028.563,2029.046,5450,Sell
2023-12-05 10:00:00,2029.04,2029.72,2023.053,2025.332,5452,Sell
2023-12-05 14:00:00,2029.595,2030.282,2015.507,2016.833,9963,Sell
2023-12-05 16:00:00,2016.361,2019.521,2012.213,2014.928,8957,Sell
2023-12-05 17:00:00,2014.965,2020.658,2014.724,2017.271,6058,Sell
2023-12-05 20:00:00,2019.812,2021.009,2018.43,2019.285,3475,Sell
2023-12-06 11:00:00,2022.914,2023.302,2020.193,2021.42,3835,Sell
2023-12-06 14:00:00,2030.228,2033.114,2024.851,2025.23,9059,Sell
2023-12-06 20:00:00,2029.986,2030.006,2025.206,2026.691,3678,Sell
2023-12-06 21:00:00,2026.644,2027.058,2024.49,2025.527,1997,Sell
2023-12-07 01:00:00,2028.724,2029.612,2026.12,2026.248,4095,Sell
2023-12-07 03:00:00,2029.09,2030.003,2026.463,2026.969,3796,Sell
2023-12-07 04:00:00,2026.927,2027.204,2025.464,2026.181,3425,Sell
2023-12-07 14:00:00,2037.298,2037.602,2025.174,2026.49,10708,Sell
2023-12-07 16:00:00,2029.354,2030.925,2025.622,2026.572,6059,Sell
2023-12-07 19:00:00,2030.397,2031.105,2029.491,2029.976,2841,Sell
2023-12-07 21:00:00,2029.531,2029.593,2028.315,2028.423,1780,Sell
2023-12-08 05:00:00,2031.571,2032.013,2029.367,2030.124,3542,Sell
2023-12-08 12:00:00,2030.11,2030.196,2027.047,2027.668,4006,Sell
2023-12-08 13:00:00,2027.666,2028.996,2014.522,2018.73,14298,Sell
2023-12-08 14:00:00,2018.681,2019.467,2002.598,2008.811,17419,Sell
2023-12-08 16:00:00,2008.966,2009.763,2001.228,2002.362,7219,Sell
2023-12-08 17:00:00,2002.316,2002.807,1994.618,1997.189,7313,Sell
2023-12-11 01:00:00,2004.891,2005.112,2001.795,2002.231,5186,Sell
2023-12-11 02:00:00,2002.236,2002.939,1996.675,1998.292,4378,Sell
2023-12-11 03:00:00,1998.25,2000.394,1995.497,1996.992,4315,Sell
2023-12-11 07:00:00,1998.952,2000.656,1991.37,1992.861,5520,Sell
2023-12-11 09:00:00,1996.168,1997.103,1991.953,1993.41,4545,Sell
2023-12-11 12:00:00,1996.253,1996.843,1993.924,1995.101,4186,Sell
2023-12-11 14:00:00,1993.725,1994.448,1986.532,1986.862,7963,Sell
2023-12-11 15:00:00,1986.818,1988.297,1980.672,1982.401,7224,Sell
2023-12-11 16:00:00,1982.46,1984.407,1980.103,1981.736,6065,Sell
2023-12-11 17:00:00,1981.756,1982.904,1976.159,1976.845,4971,Sell
2023-12-11 20:00:00,1981.716,1982.282,1980.389,1980.905,3110,Sell
2023-12-11 23:00:00,1982.148,1984.402,1981.846,1983.06,3093,Sell
2023-12-12 00:00:00,1983.054,1989.575,1982.411,1985.705,4616,Sell
2023-12-12 01:00:00,1985.657,1986.292,1982.918,1983.327,4603,Sell
2023-12-12 02:00:00,1983.29,1983.701,1981.955,1982.327,3573,Sell
2023-12-12 03:00:00,1982.338,1986.419,1982.156,1985.562,3596,Sell
2023-12-12 05:00:00,1985.695,1988.107,1984.801,1987.617,3400,Sell
2023-12-12 09:00:00,1983.839,1986.123,1982.715,1985.883,3951,Sell
2023-12-12 13:00:00,1988.398,1996.821,1982.749,1984.58,12911,Sell
2023-12-12 14:00:00,1984.519,1989.923,1980.113,1981.901,10098,Sell
2023-12-12 15:00:00,1981.931,1984.64,1980.518,1981.671,6884,Sell
2023-12-12 16:00:00,1981.696,1983.737,1979.256,1981.042,5398,Sell
2023-12-12 17:00:00,1981.088,1981.421,1977.215,1977.799,4689,Sell
2023-12-12 18:00:00,1977.812,1980.771,1977.574,1979.104,5138,Sell
2023-12-12 19:00:00,1979.092,1981.156,1979.037,1980.367,3288,Sell
2023-12-12 20:00:00,1980.361,1980.575,1979.345,1979.654,3028,Sell
2023-12-12 21:00:00,1979.649,1980.049,1979.101,1979.465,1542,Sell
2023-12-13 00:00:00,1982.552,1982.616,1980.383,1980.804,2914,Sell
2023-12-13 01:00:00,1980.846,1981.699,1979.74,1980.18,3653,Sell
2023-12-13 02:00:00,1980.163,1980.457,1977.966,1979.419,3228,Sell
2023-12-13 03:00:00,1979.379,1980.22,1977.82,1978.086,2785,Sell
2023-12-13 05:00:00,1978.359,1979.791,1978.359,1978.861,2969,Sell
2023-12-13 06:00:00,1978.809,1979.018,1973.133,1974.468,4340,Sell
2023-12-13 12:00:00,1982.848,1982.986,1980.886,1981.472,3319,Sell
2023-12-13 14:00:00,1984.404,1986.246,1981.314,1982.009,6879,Sell
2023-12-13 16:00:00,1981.924,1983.865,1980.497,1981.426,4445,Sell
2023-12-13 17:00:00,1981.446,1983.598,1981.157,1982.121,3786,Sell
2023-12-14 01:00:00,2038.101,2038.316,2030.035,2032.489,8980,Sell
2023-12-14 03:00:00,2032.774,2034.951,2030.36,2031.083,5005,Sell
2023-12-14 07:00:00,2035.506,2036.799,2029.356,2032.758,6636,Sell
2023-12-14 08:00:00,2032.717,2040.421,2032.086,2036.508,7427,Sell
2023-12-14 10:00:00,2036.742,2036.803,2032.381,2034.061,4938,Sell
2023-12-14 15:00:00,2043.253,2046.988,2036.53,2040.312,10674,Sell
2023-12-14 17:00:00,2039.596,2039.729,2034.717,2036.196,5593,Sell
2023-12-14 18:00:00,2036.164,2036.234,2029.044,2031.137,6650,Sell
2023-12-14 23:00:00,2036.466,2038.746,2035.572,2035.653,3885,Sell
2023-12-15 00:00:00,2035.62,2036.442,2031.296,2032.875,4228,Sell
2023-12-15 01:00:00,2032.92,2033.822,2031.897,2032.26,4432,Sell
2023-12-15 05:00:00,2036.628,2037.307,2035.163,2035.364,3871,Sell
2023-12-15 12:00:00,2041.723,2045.009,2040.967,2041.166,4088,Sell
2023-12-15 13:00:00,2041.162,2044.275,2026.982,2031.496,12551,Sell
2023-12-15 14:00:00,2031.542,2036.489,2031.411,2033.302,11510,Sell
2023-12-15 15:00:00,2033.303,2038.613,2032.02,2035.18,8316,Sell
2023-12-15 16:00:00,2035.15,2036.498,2033.049,2033.955,5336,Sell
2023-12-15 17:00:00,2033.959,2034.537,2031.992,2032.854,4171,Sell
2023-12-15 18:00:00,2032.839,2033.872,2019.651,2019.738,7784,Sell
2023-12-15 20:00:00,2019.119,2021.72,2017.495,2018.056,4515,Sell
2023-12-17 23:00:00,2019.902,2020.202,2015.991,2017.514,3333,Sell
2023-12-18 01:00:00,2020.102,2023.426,2018.737,2019.444,5749,Sell
2023-12-18 03:00:00,2021.924,2024.221,2021.408,2022.887,3474,Sell
2023-12-18 09:00:00,2024.496,2027.394,2022.007,2023.005,5151,Sell
2023-12-18 10:00:00,2022.976,2024.965,2019.183,2019.389,4633,Sell
2023-12-18 13:00:00,2023.632,2026.313,2022.8,2025.933,5115,Sell
2023-12-18 18:00:00,2033.631,2033.789,2025.016,2026.62,4949,Sell
2023-12-18 19:00:00,2026.576,2027.935,2025.804,2026.31,3481,Sell
2023-12-19 01:00:00,2027.321,2028.127,2025.932,2026.18,3367,Sell
2023-12-19 02:00:00,2026.178,2026.597,2023.227,2024.651,4605,Sell
2023-12-19 03:00:00,2024.601,2025.702,2022.699,2023.438,4456,Sell
2023-12-19 09:00:00,2027.115,2027.513,2025.697,2026.373,3456,Sell
2023-12-19 17:00:00,2044.418,2045.539,2040.274,2040.455,4510,Sell
2023-12-20 00:00:00,2040.962,2041.129,2038.862,2039.325,3453,Sell
2023-12-20 01:00:00,2039.373,2040.026,2037.681,2038.276,3941,Sell
2023-12-20 08:00:00,2042.306,2042.306,2039.844,2041.051,4083,Sell
2023-12-20 09:00:00,2041.082,2042.547,2039.667,2040.011,3534,Sell
2023-12-20 11:00:00,2036.072,2036.072,2031.851,2033.604,4314,Sell
2023-12-20 12:00:00,2033.518,2036.418,2033.232,2034.073,4331,Sell
2023-12-20 15:00:00,2038.054,2038.838,2030.582,2032.579,6971,Sell
2023-12-20 19:00:00,2036.314,2037.279,2030.213,2032.407,4181,Sell
2023-12-20 20:00:00,2032.371,2033.934,2029.534,2029.786,5438,Sell
2023-12-21 04:00:00,2037.472,2037.972,2036.224,2036.42,2551,Sell
2023-12-21 09:00:00,2036.493,2037.158,2034.817,2035.481,3352,Sell
2023-12-21 10:00:00,2035.488,2036.17,2033.092,2034.208,3424,Sell
2023-12-21 11:00:00,2034.193,2035.447,2033.949,2034.154,3374,Sell
2023-12-21 17:00:00,2041.771,2043.979,2040.412,2041.06,4434,Sell
2023-12-21 18:00:00,2041.061,2041.786,2037.508,2039.123,4617,Sell
2023-12-22 00:00:00,2052.888,2054.014,2047.049,2048.225,4603,Sell
2023-12-22 03:00:00,2050.192,2051.384,2047.271,2048.358,3711,Sell
2023-12-22 05:00:00,2049.708,2049.876,2047.703,2048.393,3843,Sell
2023-12-22 06:00:00,2048.421,2049.147,2047.11,2047.801,3355,Sell
2023-12-22 12:00:00,2060.774,2066.215,2059.497,2060.24,6315,Sell
2023-12-22 15:00:00,2068.505,2070.719,2059.423,2060.885,7850,Sell
2023-12-22 16:00:00,2060.886,2062.272,2051.153,2053.408,7265,Sell
2023-12-22 19:00:00,2057.231,2057.341,2051.777,2054.059,4071,Sell
2023-12-25 23:00:00,2058.439,2058.439,2053.461,2054.842,1480,Sell
2023-12-26 03:00:00,2064.718,2065.034,2063.606,2064.034,2155,Sell
2023-12-26 05:00:00,2064.146,2064.602,2061.436,2062.717,2267,Sell
2023-12-26 08:00:00,2064.31,2064.649,2061.219,2061.495,2396,Sell
2023-12-26 11:00:00,2063.866,2064.207,2062.892,2063.51,2514,Sell
2023-12-26 12:00:00,2063.557,2063.631,2061.259,2061.922,2571,Sell
2023-12-26 13:00:00,2061.921,2063.985,2058.824,2058.824,3494,Sell
2023-12-26 14:00:00,2058.882,2061.998,2054.579,2057.097,4134,Sell
2023-12-26 17:00:00,2059.523,2059.798,2057.047,2057.845,2759,Sell
2023-12-26 18:00:00,2057.846,2060.073,2057.43,2058.422,2948,Sell
2023-12-26 23:00:00,2067.842,2068.384,2065.693,2065.844,1524,Sell
2023-12-27 02:00:00,2066.797,2067.266,2064.87,2065.455,3437,Sell
2023-12-27 03:00:00,2065.445,2066.584,2064.411,2064.633,3029,Sell
2023-12-27 05:00:00,2065.877,2066.336,2064.485,2064.758,2884,Sell
2023-12-27 06:00:00,2064.742,2067.51,2064.453,2065.201,3358,Sell
2023-12-27 10:00:00,2068.36,2068.715,2061.568,2064.733,4054,Sell
2023-12-27 11:00:00,2064.729,2068.894,2064.601,2068.164,3381,Sell
2023-12-27 18:00:00,2081.916,2084.523,2075.96,2078.506,5136,Sell
2023-12-27 21:00:00,2078.227,2078.596,2076.672,2077.188,2038,Sell
2023-12-28 00:00:00,2079.483,2081.204,2079.271,2079.784,3438,Sell
2023-12-28 04:00:00,2087.3,2087.398,2085.916,2086.611,2997,Sell
2023-12-28 05:00:00,2086.612,2087.614,2084.743,2085.876,3635,Sell
2023-12-28 08:00:00,2086.246,2086.508,2076.684,2077.496,5640,Sell
2023-12-28 11:00:00,2077.319,2078.563,2075.103,2075.586,3562,Sell
2023-12-28 13:00:00,2076.479,2079.143,2072.069,2073.065,6087,Sell
2023-12-28 15:00:00,2078.935,2081.234,2075.696,2077.335,6371,Sell
2023-12-28 16:00:00,2077.286,2077.424,2073.157,2074.235,5306,Sell
2023-12-28 19:00:00,2072.768,2073.241,2065.991,2068.154,4396,Sell
2023-12-28 20:00:00,2068.107,2068.996,2065.963,2066.534,3809,Sell
2023-12-28 21:00:00,2066.568,2067.097,2064.556,2065.329,2418,Sell
2023-12-29 02:00:00,2070.758,2071.355,2068.367,2068.752,4034,Sell
2023-12-29 07:00:00,2072.814,2074.829,2071.937,2072.025,3465,Sell
2023-12-29 08:00:00,2072.074,2073.535,2068.797,2068.815,3918,Sell
2023-12-29 09:00:00,2068.801,2069.849,2065.421,2065.647,3892,Sell
2023-12-29 12:00:00,2067.82,2068.968,2064.516,2065.45,4217,Sell
2023-12-29 13:00:00,2065.462,2066.377,2058.195,2059.237,5753,Sell
2023-12-29 20:00:00,2067.328,2067.463,2062.681,2063.25,3644,Sell
2023-12-29 21:00:00,2063.29,2063.699,2062.524,2062.938,2271,Sell
2024-01-01 23:00:00,2065.053,2066.446,2062.989,2063.887,1994,Sell
2024-01-02 01:00:00,2065.499,2070.0,2064.97,2066.694,4604,Sell
2024-01-02 07:00:00,2074.234,2076.516,2073.217,2073.223,3606,Sell
2024-01-02 11:00:00,2076.035,2076.277,2068.341,2069.321,5322,Sell
2024-01-02 13:00:00,2067.929,2071.108,2064.9,2066.372,7265,Sell
2024-01-02 15:00:00,2070.466,2070.798,2056.197,2059.405,11522,Sell
2024-01-02 17:00:00,2066.14,2067.009,2061.891,2062.781,4606,Sell
2024-01-02 18:00:00,2062.824,2065.017,2060.614,2061.264,4007,Sell
2024-01-02 20:00:00,2061.09,2061.677,2057.937,2058.243,3495,Sell
2024-01-03 00:00:00,2059.663,2062.223,2059.327,2060.297,3377,Sell
2024-01-03 04:00:00,2065.123,2065.627,2064.452,2064.864,2458,Sell
2024-01-03 05:00:00,2064.862,2066.082,2063.553,2064.161,3253,Sell
2024-01-03 08:00:00,2063.01,2064.476,2058.933,2060.183,4915,Sell
2024-01-03 09:00:00,2060.15,2060.676,2054.343,2056.896,4859,Sell
2024-01-03 11:00:00,2054.95,2055.734,2046.723,2047.717,5232,Sell
2024-01-03 13:00:00,2045.849,2048.082,2038.74,2041.074,8274,Sell
2024-01-03 15:00:00,2037.87,2048.867,2031.88,2032.652,12419,Sell
2024-01-04 00:00:00,2042.872,2043.287,2041.633,2042.19,3119,Sell
2024-01-04 03:00:00,2044.719,2047.06,2044.192,2044.784,3337,Sell
2024-01-04 04:00:00,2044.782,2044.782,2042.47,2043.112,3314,Sell
2024-01-04 07:00:00,2047.26,2049.652,2046.582,2047.699,4585,Sell
2024-01-04 08:00:00,2047.754,2048.684,2045.495,2046.863,4672,Sell
2024-01-04 09:00:00,2046.817,2051.058,2046.367,2048.095,4546,Sell
2024-01-04 11:00:00,2047.982,2048.502,2044.93,2045.236,3936,Sell
2024-01-04 13:00:00,2045.965,2047.273,2038.931,2040.253,6914,Sell
2024-01-04 16:00:00,2045.184,2046.779,2044.143,2044.735,5115,Sell
2024-01-04 20:00:00,2044.382,2044.883,2043.098,2043.098,3468,Sell
2024-01-04 21:00:00,2043.16,2044.389,2043.16,2043.39,1822,Sell
2024-01-05 01:00:00,2044.36,2048.364,2044.099,2046.238,4856,Sell
2024-01-05 03:00:00,2046.234,2046.508,2044.893,2045.42,3415,Sell
2024-01-05 04:00:00,2045.376,2046.477,2044.538,2044.695,2697,Sell
2024-01-05 06:00:00,2044.554,2045.16,2040.947,2042.52,3883,Sell
2024-01-05 07:00:00,2042.521,2047.095,2042.127,2043.225,4510,Sell
2024-01-05 08:00:00,2043.241,2044.496,2041.493,2042.489,4445,Sell
2024-01-05 09:00:00,2042.443,2043.86,2038.458,2038.935,4024,Sell
2024-01-05 15:00:00,2047.043,2064.087,2047.043,2054.87,17430,Sell
2024-01-05 16:00:00,2054.929,2056.313,2044.199,2045.165,8005,Sell
2024-01-05 17:00:00,2045.19,2045.54,2040.47,2042.059,7329,Sell
2024-01-05 19:00:00,2048.277,2050.417,2044.99,2045.782,4757,Sell
2024-01-05 20:00:00,2045.805,2045.866,2042.887,2043.669,4271,Sell
2024-01-08 01:00:00,2046.056,2046.684,2042.891,2043.847,4280,Sell
2024-01-08 02:00:00,2043.871,2043.905,2041.304,2041.385,3955,Sell
2024-01-08 03:00:00,2041.388,2041.603,2035.117,2036.198,4405,Sell
2024-01-08 04:00:00,2036.217,2037.643,2035.681,2035.883,3452,Sell
2024-01-08 05:00:00,2035.836,2036.19,2027.043,2030.775,5668,Sell
2024-01-08 08:00:00,2031.493,2031.838,2027.389,2028.417,5649,Sell
2024-01-08 10:00:00,2029.233,2029.558,2027.053,2027.666,4155,Sell
2024-01-08 11:00:00,2027.667,2027.992,2016.774,2020.187,7076,Sell
2024-01-08 13:00:00,2024.702,2025.579,2018.468,2019.031,9528,Sell
2024-01-08 16:00:00,2034.359,2036.998,2031.467,2032.207,6773,Sell
2024-01-08 17:00:00,2032.24,2033.1,2027.114,2027.739,5223,Sell
2024-01-08 18:00:00,2027.736,2028.38,2026.375,2026.605,4319,Sell
2024-01-08 20:00:00,2029.415,2029.937,2026.182,2027.228,3757,Sell
2024-01-09 01:00:00,2034.438,2035.715,2031.239,2032.262,4828,Sell
2024-01-09 02:00:00,2032.269,2036.0,2032.169,2034.237,4232,Sell
2024-01-09 03:00:00,2034.27,2035.017,2033.07,2033.689,3436,Sell
2024-01-09 04:00:00,2033.697,2035.073,2032.334,2032.967,3595,Sell
2024-01-09 10:00:00,2035.49,2038.592,2034.886,2035.523,4518,Sell
2024-01-09 15:00:00,2034.669,2035.69,2028.808,2028.808,7384,Sell
2024-01-09 17:00:00,2031.267,2032.118,2027.101,2027.693,4895,Sell
2024-01-09 20:00:00,2028.909,2031.185,2028.337,2028.487,3645,Sell
2024-01-10 03:00:00,2031.906,2031.99,2028.151,2028.901,3568,Sell
2024-01-10 05:00:00,2029.813,2030.291,2025.465,2026.723,3883,Sell
2024-01-10 06:00:00,2026.724,2027.138,2023.859,2024.621,4091,Sell
2024-01-10 10:00:00,2035.811,2040.363,2034.571,2034.922,4563,Sell
2024-01-10 12:00:00,2034.146,2035.764,2031.29,2031.613,4462,Sell
2024-01-10 13:00:00,2031.621,2034.119,2030.022,2030.297,6272,Sell
2024-01-10 14:00:00,2030.338,2033.695,2026.45,2027.463,7181,Sell
2024-01-10 17:00:00,2027.129,2027.861,2022.239,2024.076,4750,Sell
2024-01-10 23:00:00,2024.779,2027.983,2024.514,2026.573,2193,Sell
2024-01-11 07:00:00,2034.042,2035.74,2033.655,2033.943,3764,Sell
2024-01-11 08:00:00,2033.996,2034.12,2030.506,2030.98,4628,Sell
2024-01-11 12:00:00,2034.419,2035.115,2031.664,2032.423,4093,Sell
2024-01-11 13:00:00,2032.445,2048.223,2025.113,2029.521,17101,Sell
2024-01-11 16:00:00,2029.049,2029.691,2013.655,2016.787,12097,Sell
2024-01-11 17:00:00,2016.744,2018.558,2013.309,2014.423,7083,Sell
2024-01-12 03:00:00,2034.064,2035.737,2033.723,2033.976,3105,Sell
2024-01-12 06:00:00,2036.042,2036.865,2034.983,2035.308,3483,Sell
2024-01-12 09:00:00,2038.722,2040.131,2037.881,2038.191,4158,Sell
2024-01-12 12:00:00,2045.439,2053.894,2045.439,2047.855,7128,Sell
2024-01-12 15:00:00,2056.043,2060.174,2050.885,2053.712,10169,Sell
2024-01-12 16:00:00,2053.746,2055.621,2048.334,2048.345,8096,Sell
2024-01-12 17:00:00,2048.313,2048.679,2041.497,2043.953,7500,Sell
2024-01-15 04:00:00,2057.473,2057.651,2053.641,2054.389,3109,Sell
2024-01-15 07:00:00,2055.517,2056.031,2052.966,2054.267,4765,Sell
2024-01-15 08:00:00,2054.318,2058.726,2053.864,2056.752,4437,Sell
2024-01-15 09:00:00,2056.744,2057.063,2052.971,2055.007,4177,Sell
2024-01-15 10:00:00,2055.04,2055.211,2052.146,2053.122,3859,Sell
2024-01-15 14:00:00,2054.32,2054.522,2051.656,2052.236,3735,Sell
2024-01-15 16:00:00,2053.331,2055.054,2053.248,2054.118,3409,Sell
2024-01-15 17:00:00,2054.131,2056.479,2053.693,2055.381,2915,Sell
2024-01-15 18:00:00,2055.413,2055.557,2054.351,2054.532,1385,Sell
2024-01-15 19:00:00,2054.529,2054.619,2053.985,2054.036,358,Sell
2024-01-15 23:00:00,2055.158,2055.539,2053.339,2054.056,2241,Sell
2024-01-16 00:00:00,2054.097,2054.608,2050.864,2051.473,3770,Sell
2024-01-16 01:00:00,2051.435,2053.472,2050.01,2050.934,4856,Sell
2024-01-16 02:00:00,2050.942,2051.577,2049.861,2050.591,3768,Sell
2024-01-16 03:00:00,2050.588,2051.623,2048.444,2049.536,3704,Sell
2024-01-16 04:00:00,2049.537,2050.159,2049.064,2049.429,2805,Sell
2024-01-16 07:00:00,2050.577,2050.985,2048.091,2049.477,4507,Sell
2024-01-16 08:00:00,2049.445,2050.124,2042.152,2043.229,6874,Sell
2024-01-16 09:00:00,2043.234,2043.985,2038.708,2041.318,6118,Sell
2024-01-16 14:00:00,2037.773,2042.721,2036.899,2038.285,9337,Sell
2024-01-16 16:00:00,2041.202,2041.369,2032.551,2033.573,14238,Sell
2024-01-16 17:00:00,2033.582,2033.938,2024.984,2025.392,8200,Sell
2024-01-16 18:00:00,2025.441,2029.005,2024.288,2025.193,5632,Sell
2024-01-16 19:00:00,2025.195,2030.26,2025.01,2029.29,4226,Sell
2024-01-17 02:00:00,2030.353,2033.035,2027.079,2029.035,4310,Sell
2024-01-17 05:00:00,2025.467,2025.502,2019.384,2020.731,5298,Sell
2024-01-17 06:00:00,2020.735,2020.878,2017.65,2019.316,4973,Sell
2024-01-17 08:00:00,2025.797,2026.716,2021.343,2021.528,5280,Sell
2024-01-17 11:00:00,2026.204,2026.808,2023.784,2024.038,4031,Sell
2024-01-17 13:00:00,2028.464,2028.779,2019.101,2022.512,9743,Sell
2024-01-17 14:00:00,2022.458,2023.165,2011.491,2012.325,10314,Sell
2024-01-17 15:00:00,2012.263,2014.124,2006.177,2008.953,10864,Sell
2024-01-17 16:00:00,2008.914,2012.068,2004.238,2005.51,7211,Sell
2024-01-17 18:00:00,2007.141,2007.306,2001.839,2004.765,5312,Sell
2024-01-17 19:00:00,2004.812,2007.027,2004.374,2005.514,4256,Sell
2024-01-18 02:00:00,2011.596,2011.94,2007.563,2007.725,3495,Sell
2024-01-18 04:00:00,2008.109,2009.288,2007.941,2008.124,2733,Sell
2024-01-18 08:00:00,2012.405,2012.494,2009.647,2009.814,4511,Sell
2024-01-18 12:00:00,2012.676,2017.334,2012.676,2015.147,5010,Sell
2024-01-18 13:00:00,2015.088,2015.088,2007.499,2009.149,7492,Sell
2024-01-18 16:00:00,2013.649,2017.819,2013.117,2014.864,5308,Sell
2024-01-19 00:00:00,2023.738,2024.347,2022.717,2023.22,3052,Sell
2024-01-19 03:00:00,2024.07,2024.356,2021.956,2022.846,2607,Sell
2024-01-19 04:00:00,2022.841,2022.876,2020.689,2021.075,2437,Sell
2024-01-19 12:00:00,2031.753,2035.217,2031.737,2032.956,4190,Sell
2024-01-19 13:00:00,2032.909,2039.332,2032.699,2035.357,6424,Sell
2024-01-19 14:00:00,2035.396,2035.766,2026.416,2029.746,6493,Sell
2024-01-19 16:00:00,2027.74,2029.621,2023.278,2024.906,5645,Sell
2024-01-19 18:00:00,2029.182,2029.536,2026.485,2027.921,4221,Sell
2024-01-19 20:00:00,2029.156,2029.574,2027.787,2028.298,3286,Sell
2024-01-21 23:00:00,2028.629,2028.663,2026.953,2027.604,2794,Sell
2024-01-22 03:00:00,2029.826,2029.867,2026.032,2027.043,3235,Sell
2024-01-22 04:00:00,2027.035,2027.279,2024.745,2025.589,2887,Sell
2024-01-22 05:00:00,2025.541,2025.639,2021.933,2023.34,4248,Sell
2024-01-22 06:00:00,2023.306,2024.527,2020.084,2020.987,4811,Sell
2024-01-22 08:00:00,2021.856,2026.294,2020.507,2022.209,5117,Sell
2024-01-22 09:00:00,2022.252,2024.051,2020.639,2021.782,3908,Sell
2024-01-22 13:00:00,2029.682,2029.785,2021.316,2023.251,6885,Sell
2024-01-22 23:00:00,2021.607,2021.989,2020.416,2020.767,1620,Sell
2024-01-23 07:00:00,2035.218,2038.008,2027.777,2031.649,6456,Sell
2024-01-23 08:00:00,2031.653,2031.748,2027.766,2028.994,4633,Sell
2024-01-23 10:00:00,2028.715,2028.715,2024.802,2025.192,4245,Sell
2024-01-23 11:00:00,2025.184,2026.248,2022.488,2023.962,4225,Sell
2024-01-23 13:00:00,2025.84,2030.457,2023.387,2024.983,5927,Sell
2024-01-23 14:00:00,2024.984,2026.205,2021.452,2023.198,6857,Sell
2024-01-23 17:00:00,2025.811,2026.107,2022.665,2024.318,3827,Sell
2024-01-23 20:00:00,2029.918,2030.386,2028.245,2028.782,3165,Sell
2024-01-24 00:00:00,2029.218,2029.379,2027.002,2027.445,2864,Sell
2024-01-24 02:00:00,2027.288,2027.653,2023.995,2024.307,3157,Sell
2024-01-24 04:00:00,2024.918,2025.736,2024.082,2024.547,2446,Sell
2024-01-24 12:00:00,2033.512,2034.476,2031.723,2032.785,4414,Sell
2024-01-24 13:00:00,2032.737,2036.795,2031.317,2034.085,8087,Sell
2024-01-24 14:00:00,2034.037,2034.772,2023.367,2024.664,9659,Sell
2024-01-24 15:00:00,2024.688,2025.381,2014.928,2015.313,9738,Sell
2024-01-24 18:00:00,2019.325,2019.871,2013.435,2015.172,5461,Sell
2024-01-24 19:00:00,2015.169,2015.379,2011.238,2012.157,4045,Sell
2024-01-24 23:00:00,2015.051,2017.605,2014.861,2016.316,2418,Sell
2024-01-25 00:00:00,2016.192,2016.824,2014.895,2015.514,3308,Sell
2024-01-25 02:00:00,2016.573,2017.065,2014.717,2015.233,3348,Sell
2024-01-25 03:00:00,2015.278,2016.872,2015.183,2015.868,2869,Sell
2024-01-25 08:00:00,2015.863,2016.077,2012.735,2013.938,4562,Sell
2024-01-25 11:00:00,2019.253,2019.592,2016.592,2017.55,3750,Sell
2024-01-25 12:00:00,2017.551,2017.733,2013.403,2013.758,4089,Sell
2024-01-25 15:00:00,2023.674,2024.784,2016.865,2020.379,7815,Sell
2024-01-25 16:00:00,2020.385,2021.707,2013.849,2014.657,5354,Sell
2024-01-25 18:00:00,2014.984,2018.695,2014.106,2014.358,4674,Sell
2024-01-25 23:00:00,2020.07,2021.853,2019.566,2020.463,2124,Sell
2024-01-26 01:00:00,2021.332,2024.274,2021.125,2021.934,3762,Sell
2024-01-26 02:00:00,2021.918,2024.036,2021.829,2022.035,3098,Sell
2024-01-26 04:00:00,2021.818,2022.516,2021.082,2021.289,2291,Sell
2024-01-26 06:00:00,2023.085,2023.492,2021.642,2021.694,3049,Sell
2024-01-26 08:00:00,2021.349,2022.257,2020.25,2020.633,4063,Sell
2024-01-26 12:00:00,2023.485,2024.548,2020.166,2021.375,3855,Sell
2024-01-26 14:00:00,2024.711,2026.166,2019.132,2020.358,7067,Sell
2024-01-26 15:00:00,2020.316,2020.316,2016.146,2017.182,5979,Sell
2024-01-26 17:00:00,2018.206,2018.893,2016.506,2016.725,3826,Sell
2024-01-28 23:00:00,2023.524,2028.701,2021.287,2021.931,5024,Sell
2024-01-29 01:00:00,2021.599,2025.553,2021.146,2023.278,4177,Sell
2024-01-29 04:00:00,2025.694,2027.689,2025.477,2026.235,2457,Sell
2024-01-29 05:00:00,2026.257,2026.916,2024.758,2025.573,2941,Sell
2024-01-29 07:00:00,2028.786,2033.923,2028.737,2031.376,4392,Sell
2024-01-29 08:00:00,2031.348,2033.658,2031.037,2031.677,4316,Sell
2024-01-29 09:00:00,2031.695,2032.021,2027.942,2028.497,3774,Sell
2024-01-29 12:00:00,2028.234,2030.381,2028.204,2028.534,3487,Sell
2024-01-29 14:00:00,2036.869,2037.306,2021.687,2024.8,7262,Sell
2024-01-29 17:00:00,2027.104,2031.197,2026.602,2029.412,4009,Sell
2024-01-29 18:00:00,2029.405,2029.805,2025.132,2025.897,3507,Sell
2024-01-29 23:00:00,2033.135,2033.392,2029.193,2030.945,2080,Sell
2024-01-30 01:00:00,2033.629,2034.045,2030.661,2031.154,3783,Sell
2024-01-30 04:00:00,2032.103,2033.083,2031.253,2031.855,2353,Sell
2024-01-30 05:00:00,2031.866,2033.379,2031.534,2032.27,2790,Sell
2024-01-30 06:00:00,2032.273,2036.09,2032.171,2034.563,3671,Sell
2024-01-30 07:00:00,2034.554,2040.553,2034.092,2037.956,4483,Sell
2024-01-30 09:00:00,2038.369,2038.72,2035.113,2035.759,3860,Sell
2024-01-30 15:00:00,2046.64,2048.416,2029.124,2032.643,12860,Sell
2024-01-30 17:00:00,2035.935,2036.233,2033.16,2034.071,4310,Sell
2024-01-30 18:00:00,2034.074,2034.074,2031.476,2032.829,3951,Sell
2024-01-30 23:00:00,2036.97,2037.294,2035.639,2036.446,1629,Sell
2024-01-31 00:00:00,2036.5,2038.741,2035.867,2036.185,2841,Sell
2024-01-31 01:00:00,2036.183,2037.258,2034.506,2034.719,3266,Sell
2024-01-31 02:00:00,2034.669,2034.93,2032.911,2033.757,3097,Sell
2024-01-31 06:00:00,2035.06,2035.881,2033.709,2034.372,2689,Sell
2024-01-31 09:00:00,2039.16,2039.908,2037.976,2038.313,3605,Sell
2024-01-31 10:00:00,2038.317,2038.655,2036.647,2037.059,3304,Sell
2024-01-31 11:00:00,2037.068,2039.018,2036.945,2037.384,3243,Sell
2024-01-31 15:00:00,2051.661,2056.069,2050.503,2052.215,8876,Sell
2024-01-31 16:00:00,2052.232,2053.68,2047.527,2050.062,6783,Sell
2024-01-31 17:00:00,2050.006,2051.072,2049.302,2049.712,4209,Sell
2024-01-31 18:00:00,2049.661,2049.921,2045.839,2046.505,4276,Sell
2024-01-31 20:00:00,2044.848,2046.013,2030.925,2034.833,17852,Sell
2024-01-31 23:00:00,2039.718,2041.391,2039.408,2039.999,2022,Sell
2024-02-01 03:00:00,2047.051,2048.585,2045.652,2046.388,3437,Sell
2024-02-01 04:00:00,2046.435,2046.741,2045.068,2045.843,2766,Sell
2024-02-01 05:00:00,2045.846,2046.402,2044.354,2044.588,3279,Sell
2024-02-01 06:00:00,2044.576,2044.962,2042.464,2043.613,3526,Sell
2024-02-01 09:00:00,2042.019,2042.884,2040.427,2041.123,4353,Sell
2024-02-01 10:00:00,2041.13,2041.299,2031.01,2031.942,5022,Sell
2024-02-01 16:00:00,2051.96,2065.558,2051.795,2059.462,9574,Sell
2024-02-01 17:00:00,2059.498,2062.461,2051.361,2054.521,8188,Sell
2024-02-01 19:00:00,2055.804,2058.206,2054.224,2054.88,4582,Sell
2024-02-01 21:00:00,2055.601,2055.601,2053.896,2054.797,2598,Sell
2024-02-01 23:00:00,2055.086,2056.316,2054.325,2054.842,1592,Sell
2024-02-02 00:00:00,2054.853,2057.01,2054.632,2055.088,2858,Sell
2024-02-02 07:00:00,2055.578,2056.983,2054.814,2055.142,3758,Sell
2024-02-02 08:00:00,2055.124,2056.876,2053.693,2054.077,3901,Sell
2024-02-02 09:00:00,2054.029,2055.043,2052.769,2053.143,3770,Sell
2024-02-02 13:00:00,2055.337,2057.723,2029.571,2031.767,16302,Sell
2024-02-02 17:00:00,2036.301,2037.076,2034.008,2035.25,4438,Sell
2024-02-02 20:00:00,2038.207,2038.48,2036.067,2036.067,3514,Sell
2024-02-04 23:00:00,2041.881,2042.318,2039.17,2039.816,3245,Sell
2024-02-05 00:00:00,2039.398,2039.922,2033.63,2035.695,5540,Sell
2024-02-05 02:00:00,2038.02,2038.82,2033.073,2033.623,3886,Sell
2024-02-05 04:00:00,2032.308,2033.404,2031.613,2032.042,2784,Sell
2024-02-05 05:00:00,2032.044,2032.087,2028.974,2029.823,3943,Sell
2024-02-05 07:00:00,2030.981,2031.609,2026.877,2027.602,4435,Sell
2024-02-05 08:00:00,2027.656,2027.791,2021.566,2023.56,4864,Sell
2024-02-05 12:00:00,2027.68,2028.118,2022.719,2022.729,3923,Sell
2024-02-05 13:00:00,2022.681,2022.801,2014.997,2015.961,6558,Sell
2024-02-05 15:00:00,2023.655,2023.655,2015.516,2017.892,9085,Sell
2024-02-05 18:00:00,2025.704,2027.13,2025.433,2025.975,3865,Sell
2024-02-05 20:00:00,2025.997,2026.482,2024.013,2025.052,3321,Sell
2024-02-06 01:00:00,2026.918,2028.638,2026.537,2027.243,3488,Sell
2024-02-06 02:00:00,2027.249,2027.444,2024.984,2026.047,3141,Sell
2024-02-06 03:00:00,2026.039,2026.445,2023.514,2023.994,3288,Sell
2024-02-06 06:00:00,2029.505,2029.703,2026.192,2026.819,3352,Sell
2024-02-06 07:00:00,2026.819,2029.043,2026.253,2026.342,3615,Sell
2024-02-06 08:00:00,2026.364,2026.775,2023.454,2023.941,3777,Sell
2024-02-06 10:00:00,2023.633,2026.338,2023.421,2024.044,3543,Sell
2024-02-06 19:00:00,2036.597,2036.995,2035.028,2036.004,3615,Sell
2024-02-07 01:00:00,2035.048,2035.864,2034.31,2035.135,3159,Sell
2024-02-07 02:00:00,2035.175,2035.614,2034.129,2034.52,2853,Sell
2024-02-07 05:00:00,2035.304,2035.543,2033.367,2033.484,2726,Sell
2024-02-07 07:00:00,2033.557,2036.272,2033.328,2035.224,3354,Sell
2024-02-07 08:00:00,2035.283,2035.382,2031.315,2032.976,3770,Sell
2024-02-07 10:00:00,2034.451,2034.482,2032.733,2033.246,3291,Sell
2024-02-07 11:00:00,2033.208,2035.851,2032.843,2034.222,3311,Sell
2024-02-07 15:00:00,2042.53,2043.34,2035.441,2038.445,7978,Sell
2024-02-07 16:00:00,2038.403,2040.971,2037.647,2038.476,5159,Sell
2024-02-07 17:00:00,2038.472,2038.556,2034.087,2035.679,4326,Sell
2024-02-07 18:00:00,2035.695,2037.27,2034.051,2034.86,4385,Sell
2024-02-07 20:00:00,2035.565,2035.904,2034.494,2034.88,2925,Sell
2024-02-08 02:00:00,2037.279,2038.826,2035.915,2036.223,2939,Sell
2024-02-08 03:00:00,2036.225,2036.627,2031.857,2032.853,2754,Sell
2024-02-08 04:00:00,2032.848,2034.043,2031.729,2032.305,2444,Sell
2024-02-08 08:00:00,2032.895,2033.442,2028.939,2030.85,4014,Sell
2024-02-08 10:00:00,2035.373,2038.609,2034.778,2036.19,4222,Sell
2024-02-08 11:00:00,2036.238,2036.389,2027.894,2029.072,4502,Sell
2024-02-08 12:00:00,2029.086,2029.185,2023.721,2025.061,4858,Sell
2024-02-08 13:00:00,2025.091,2026.496,2020.934,2021.161,7133,Sell
2024-02-08 18:00:00,2031.69,2035.453,2031.196,2032.159,4670,Sell
2024-02-08 20:00:00,2032.591,2033.857,2032.591,2033.067,2871,Sell
2024-02-09 00:00:00,2034.154,2034.487,2032.035,2032.122,2383,Sell
2024-02-09 02:00:00,2034.268,2035.208,2034.066,2034.427,2367,Sell
2024-02-09 03:00:00,2034.428,2034.856,2033.03,2033.648,2306,Sell
2024-02-09 04:00:00,2033.675,2033.838,2032.423,2032.816,2150,Sell
2024-02-09 09:00:00,2032.409,2033.604,2031.182,2031.665,3654,Sell
2024-02-09 11:00:00,2032.844,2033.576,2031.563,2031.614,3361,Sell
2024-02-09 12:00:00,2031.617,2032.239,2028.591,2028.863,3803,Sell
2024-02-09 13:00:00,2028.868,2037.274,2025.652,2027.08,9681,Sell
2024-02-09 14:00:00,2027.032,2030.68,2023.089,2025.359,8426,Sell
2024-02-09 15:00:00,2025.309,2027.257,2021.884,2022.552,6390,Sell
2024-02-09 16:00:00,2022.561,2023.926,2020.292,2021.638,4947,Sell
2024-02-09 18:00:00,2024.637,2026.405,2022.881,2023.855,3684,Sell
2024-02-09 21:00:00,2025.184,2025.627,2023.986,2024.292,1771,Sell
2024-02-11 23:00:00,2026.446,2026.806,2024.5,2025.364,2176,Sell
2024-02-12 00:00:00,2025.515,2025.998,2024.994,2025.226,2091,Sell
2024-02-12 01:00:00,2025.224,2026.657,2023.54,2023.635,2486,Sell
2024-02-12 02:00:00,2023.591,2023.972,2022.272,2022.506,2406,Sell
2024-02-12 08:00:00,2025.551,2027.352,2023.643,2023.784,3932,Sell
2024-02-12 09:00:00,2023.737,2023.965,2020.444,2020.851,3650,Sell
2024-02-12 13:00:00,2021.446,2027.64,2018.619,2019.141,6264,Sell
2024-02-12 14:00:00,2019.173,2020.439,2013.273,2015.035,7236,Sell
2024-02-12 15:00:00,2015.005,2017.074,2012.131,2013.237,5625,Sell
2024-02-12 19:00:00,2021.542,2021.656,2018.647,2019.258,3502,Sell
2024-02-12 21:00:00,2020.215,2020.577,2019.714,2019.973,1553,Sell
2024-02-12 23:00:00,2019.534,2019.838,2018.536,2018.865,1377,Sell
2024-02-13 01:00:00,2019.547,2021.291,2019.517,2020.352,2406,Sell
2024-02-13 02:00:00,2020.395,2020.429,2019.005,2019.037,2438,Sell
2024-02-13 04:00:00,2018.579,2019.658,2018.424,2019.084,2053,Sell
2024-02-13 11:00:00,2026.638,2029.382,2026.158,2027.766,3491,Sell
2024-02-13 12:00:00,2027.814,2029.07,2027.431,2028.371,3530,Sell
2024-02-13 13:00:00,2028.317,2032.752,2002.987,2004.434,13850,Sell
2024-02-13 14:00:00,2004.41,2005.99,1992.52,1995.802,13400,Sell
2024-02-13 15:00:00,1995.827,1995.993,1990.065,1992.348,9307,Sell
2024-02-13 16:00:00,1992.376,1997.875,1991.982,1994.922,6133,Sell
2024-02-13 17:00:00,1994.898,1996.068,1992.839,1993.661,4308,Sell
2024-02-13 18:00:00,1993.717,1995.819,1993.177,1993.542,4109,Sell
2024-02-13 19:00:00,1993.547,1993.867,1991.286,1991.855,3522,Sell
2024-02-13 20:00:00,1991.819,1993.711,1991.294,1992.751,3352,Sell
2024-02-13 21:00:00,1992.78,1993.66,1992.234,1993.057,2138,Sell
2024-02-13 23:00:00,1993.014,1993.171,1990.568,1991.408,1733,Sell
2024-02-14 07:00:00,1992.379,1993.129,1989.376,1989.537,4086,Sell
2024-02-14 12:00:00,1992.332,1993.292,1989.608,1990.371,3810,Sell
2024-02-14 13:00:00,1990.373,1993.278,1988.753,1989.26,6493,Sell
2024-02-14 14:00:00,1989.242,1992.331,1986.246,1987.549,7952,Sell
2024-02-15 01:00:00,1993.688,1994.389,1992.365,1992.67,2926,Sell
2024-02-15 03:00:00,1993.19,1993.392,1990.263,1990.851,2335,Sell
2024-02-15 05:00:00,1992.083,1992.975,1991.782,1991.966,2070,Sell
2024-02-15 10:00:00,1996.407,1998.033,1995.789,1996.071,3396,Sell
2024-02-15 15:00:00,2003.849,2008.173,1999.888,2000.903,7806,Sell
2024-02-15 20:00:00,2005.09,2005.16,2003.597,2004.408,3197,Sell
2024-02-15 23:00:00,2004.573,2004.793,2003.365,2003.372,1328,Sell
2024-02-16 00:00:00,2003.314,2003.763,2002.432,2002.683,2327,Sell
2024-02-16 02:00:00,2005.574,2005.714,2004.128,2004.555,2580,Sell
2024-02-16 04:00:00,2004.364,2004.432,2003.328,2003.73,2532,Sell
2024-02-16 06:00:00,2004.532,2004.762,2002.824,2003.782,2628,Sell
2024-02-16 07:00:00,2003.783,2006.529,2003.416,2005.249,3245,Sell
2024-02-16 12:00:00,2007.35,2008.171,2006.485,2006.886,3434,Sell
2024-02-16 13:00:00,2006.896,2007.052,1995.171,2001.558,9810,Sell
2024-02-16 14:00:00,2001.601,2003.446,1995.383,1998.151,9074,Sell
2024-02-16 19:00:00,2013.939,2015.227,2011.799,2012.672,3501,Sell
2024-02-16 20:00:00,2012.698,2013.138,2011.307,2011.951,3370,Sell
2024-02-19 03:00:00,2022.364,2022.44,2019.364,2019.946,2730,Sell
2024-02-19 04:00:00,2019.989,2020.032,2018.305,2019.13,2533,Sell
2024-02-19 06:00:00,2020.798,2022.614,2020.46,2021.481,2905,Sell
2024-02-19 07:00:00,2021.431,2023.057,2019.823,2020.983,3278,Sell
2024-02-19 08:00:00,2021.006,2021.324,2019.095,2020.242,3899,Sell
2024-02-19 09:00:00,2020.288,2020.799,2019.31,2020.167,3532,Sell
2024-02-19 10:00:00,2020.122,2020.708,2018.304,2018.962,3229,Sell
2024-02-19 11:00:00,2018.964,2019.668,2018.341,2018.465,3309,Sell
2024-02-19 12:00:00,2018.513,2019.141,2016.005,2016.8,3506,Sell
2024-02-19 15:00:00,2017.362,2017.69,2014.787,2014.988,3481,Sell
2024-02-19 17:00:00,2016.333,2018.619,2016.04,2017.361,2216,Sell
2024-02-19 18:00:00,2017.375,2018.53,2016.89,2017.654,1310,Sell
2024-02-19 19:00:00,2017.706,2018.12,2017.706,2017.978,254,Sell
2024-02-19 23:00:00,2017.534,2017.64,2015.695,2016.421,1689,Sell
2024-02-20 01:00:00,2016.232,2019.237,2015.302,2017.034,3467,Sell
2024-02-20 02:00:00,2017.036,2018.358,2016.845,2017.703,2793,Sell
2024-02-20 05:00:00,2019.544,2019.599,2017.822,2018.623,2494,Sell
2024-02-20 09:00:00,2022.794,2025.252,2022.591,2024.059,3985,Sell
2024-02-20 12:00:00,2026.968,2028.085,2026.314,2026.665,3819,Sell
2024-02-20 14:00:00,2030.129,2030.975,2025.534,2028.218,6506,Sell
2024-02-20 15:00:00,2028.17,2030.063,2025.86,2027.478,5633,Sell
2024-02-20 16:00:00,2027.457,2028.308,2026.076,2026.977,4279,Sell
2024-02-20 18:00:00,2028.724,2029.004,2026.852,2027.303,3332,Sell
2024-02-20 19:00:00,2027.307,2027.754,2024.854,2025.206,3014,Sell
2024-02-20 20:00:00,2025.251,2025.292,2023.635,2024.41,3199,Sell
2024-02-20 21:00:00,2024.457,2024.808,2023.673,2024.174,1570,Sell
2024-02-20 23:00:00,2024.049,2024.911,2023.811,2024.342,1525,Sell
2024-02-21 00:00:00,2024.263,2024.319,2022.967,2023.647,2174,Sell
2024-02-21 06:00:00,2031.074,2031.348,2029.28,2030.005,2971,Sell
2024-02-21 07:00:00,2029.954,2030.668,2028.449,2028.891,3203,Sell
2024-02-21 08:00:00,2028.88,2029.337,2026.298,2026.69,3776,Sell
2024-02-21 11:00:00,2029.966,2030.093,2027.454,2028.343,3193,Sell
2024-02-21 13:00:00,2029.434,2031.635,2027.685,2028.806,4903,Sell
2024-02-21 14:00:00,2028.807,2030.388,2027.043,2027.64,5620,Sell
2024-02-21 15:00:00,2027.569,2030.368,2024.11,2024.249,5483,Sell
2024-02-21 18:00:00,2024.231,2024.823,2021.526,2022.005,4701,Sell
2024-02-21 20:00:00,2026.038,2027.059,2024.163,2024.497,3482,Sell
2024-02-22 01:00:00,2026.498,2028.628,2026.295,2027.143,3583,Sell
2024-02-22 03:00:00,2027.888,2028.335,2026.173,2026.392,2209,Sell
2024-02-22 05:00:00,2028.929,2030.048,2028.291,2028.48,2680,Sell
2024-02-22 06:00:00,2028.484,2030.626,2028.366,2029.341,2738,Sell
2024-02-22 08:00:00,2031.495,2034.933,2031.419,2033.253,5005,Sell
2024-02-22 09:00:00,2033.25,2033.25,2028.613,2030.348,4218,Sell
2024-02-22 10:00:00,2030.346,2031.295,2029.214,2029.503,3575,Sell
2024-02-22 12:00:00,2029.03,2029.944,2027.73,2028.315,3905,Sell
2024-02-22 13:00:00,2028.267,2028.661,2023.069,2025.664,7414,Sell
2024-02-23 02:00:00,2026.89,2027.441,2024.35,2024.428,2706,Sell
2024-02-23 04:00:00,2025.786,2026.536,2025.751,2026.086,1659,Sell
2024-02-23 05:00:00,2026.085,2026.234,2022.216,2022.518,2619,Sell
2023-06-26 05:00:00,1925.13,1927.192,1924.039,1926.845,3196,Buy
2023-06-26 07:00:00,1922.791,1929.174,1922.445,1928.969,4869,Buy
2023-06-26 22:00:00,1923.298,1924.751,1923.298,1924.686,4089,Buy
2023-06-27 11:00:00,1923.534,1923.539,1919.527,1923.128,11844,Buy
2023-06-27 18:00:00,1912.217,1914.951,1910.837,1914.825,11139,Buy
2023-06-28 13:00:00,1906.996,1911.501,1902.635,1909.83,29538,Buy
2023-06-29 00:00:00,1909.812,1910.226,1908.021,1909.987,8157,Buy
2023-06-29 03:00:00,1904.572,1905.687,1902.819,1905.455,10755,Buy
2023-06-29 06:00:00,1904.522,1905.331,1902.611,1904.604,13022,Buy
2023-06-29 10:00:00,1905.198,1909.964,1904.553,1909.901,10518,Buy
2023-06-29 13:00:00,1896.212,1899.877,1892.984,1899.641,28230,Buy
2023-06-29 23:00:00,1908.278,1908.909,1907.117,1908.698,5151,Buy
2023-06-30 00:00:00,1908.792,1909.301,1907.544,1908.75,8460,Buy
2023-06-30 04:00:00,1908.354,1908.633,1906.836,1908.2,7974,Buy
2023-06-30 10:00:00,1905.197,1906.513,1904.236,1906.296,10701,Buy
2023-06-30 16:00:00,1919.095,1920.614,1917.463,1920.002,13143,Buy
2023-06-30 19:00:00,1919.074,1920.454,1917.835,1920.081,10671,Buy
2023-07-03 10:00:00,1913.154,1914.386,1911.764,1913.939,2937,Buy
2023-07-03 12:00:00,1912.609,1922.107,1911.69,1921.975,5156,Buy
2023-07-04 07:00:00,1927.539,1928.499,1926.058,1928.078,3457,Buy
2023-07-04 08:00:00,1928.077,1928.841,1925.843,1928.57,3321,Buy
2023-07-04 23:00:00,1926.257,1926.395,1924.94,1926.276,1567,Buy
2023-07-05 02:00:00,1924.225,1924.776,1923.245,1924.744,2798,Buy
2023-07-05 07:00:00,1922.161,1927.813,1921.749,1927.515,3852,Buy
2023-07-05 09:00:00,1927.029,1929.093,1926.872,1929.01,3602,Buy
2023-07-05 12:00:00,1927.568,1930.119,1925.086,1929.373,5320,Buy
2023-07-06 10:00:00,1917.366,1925.037,1917.262,1924.858,3859,Buy
2023-07-06 11:00:00,1924.875,1927.423,1924.378,1926.685,3876,Buy
2023-07-06 17:00:00,1909.865,1910.988,1908.964,1910.876,3422,Buy
2023-07-06 18:00:00,1910.873,1911.179,1909.631,1910.895,2864,Buy
2023-07-06 22:00:00,1910.891,1911.281,1909.667,1911.061,1549,Buy
2023-07-07 14:00:00,1923.293,1934.183,1921.381,1933.784,8792,Buy
2023-07-07 15:00:00,1933.752,1934.945,1926.545,1927.67,6130,Buy
2023-07-10 08:00:00,1924.943,1925.668,1922.741,1925.259,3410,Buy
2023-07-11 09:00:00,1936.749,1938.222,1934.911,1938.169,3764,Buy
2023-07-11 13:00:00,1932.028,1934.041,1929.535,1933.556,6677,Buy
2023-07-11 16:00:00,1931.117,1932.877,1929.406,1932.434,3475,Buy
2023-07-11 17:00:00,1932.457,1932.66,1930.741,1932.123,3125,Buy
2023-07-11 20:00:00,1932.562,1932.565,1931.674,1932.48,1379,Buy
2023-07-12 04:00:00,1938.593,1939.199,1937.681,1938.973,2493,Buy
2023-07-12 14:00:00,1956.094,1957.887,1952.666,1957.688,7895,Buy
2023-07-12 16:00:00,1955.73,1959.485,1955.449,1959.253,4240,Buy
2023-07-12 18:00:00,1957.301,1957.886,1956.774,1957.82,2939,Buy
2023-07-12 19:00:00,1957.789,1958.916,1957.013,1958.786,2947,Buy
2023-07-13 06:00:00,1955.48,1962.979,1955.48,1962.879,4529,Buy
2023-07-13 10:00:00,1960.074,1960.644,1958.218,1960.574,3172,Buy
2023-07-13 17:00:00,1958.887,1960.503,1957.644,1960.109,3657,Buy
2023-07-14 07:00:00,1956.591,1957.352,1954.369,1956.949,4183,Buy
2023-07-14 13:00:00,1957.555,1960.922,1954.532,1960.141,7700,Buy
2023-07-14 14:00:00,1960.161,1960.676,1950.906,1960.315,12294,Buy
2023-07-14 16:00:00,1958.178,1959.421,1957.214,1959.03,4133,Buy
2023-07-14 17:00:00,1959.042,1960.378,1958.332,1960.34,3434,Buy
2023-07-16 23:00:00,1953.215,1953.46,1951.454,1953.381,2281,Buy
2023-07-17 02:00:00,1952.677,1953.921,1951.269,1953.632,3272,Buy
2023-07-17 13:00:00,1948.68,1951.591,1945.768,1950.574,7784,Buy
2023-07-17 15:00:00,1954.1,1955.221,1951.36,1954.685,4276,Buy
2023-07-17 16:00:00,1954.717,1955.668,1954.02,1954.627,3322,Buy
2023-07-17 17:00:00,1954.659,1955.27,1952.536,1955.262,3106,Buy
2023-07-17 22:00:00,1954.902,1955.144,1954.689,1955.085,1115,Buy
2023-07-18 13:00:00,1968.846,1972.014,1963.824,1971.337,12017,Buy
2023-07-18 14:00:00,1971.302,1983.698,1971.212,1982.809,11079,Buy
2023-07-18 15:00:00,1982.84,1984.416,1977.589,1978.184,6155,Buy
2023-07-19 00:00:00,1977.564,1978.521,1976.633,1978.487,2762,Buy
2023-07-19 02:00:00,1976.655,1977.215,1974.509,1976.519,3373,Buy
2023-07-19 05:00:00,1974.855,1978.44,1974.587,1978.211,3022,Buy
2023-07-19 18:00:00,1977.361,1978.171,1976.562,1977.89,2771,Buy
2023-07-19 23:00:00,1977.454,1977.903,1976.974,1977.783,1552,Buy
2023-07-20 01:00:00,1979.107,1985.306,1979.031,1985.033,5384,Buy
2023-07-20 02:00:00,1985.064,1986.66,1983.744,1986.561,3658,Buy
2023-07-21 16:00:00,1960.322,1963.869,1960.254,1963.603,3541,Buy
2023-07-24 00:00:00,1961.272,1962.013,1959.968,1961.832,2849,Buy
2023-07-24 04:00:00,1960.212,1960.801,1959.109,1960.684,2390,Buy
2023-07-24 06:00:00,1960.066,1962.167,1957.939,1961.807,3423,Buy
2023-07-24 09:00:00,1959.641,1966.148,1959.505,1965.514,4124,Buy
2023-07-25 01:00:00,1955.39,1962.873,1955.39,1962.724,4667,Buy
2023-07-25 11:00:00,1959.22,1960.836,1953.258,1960.836,4386,Buy
2023-07-25 14:00:00,1956.835,1962.008,1952.027,1961.855,6767,Buy
2023-07-26 07:00:00,1969.657,1971.179,1968.132,1970.691,3924,Buy
2023-07-26 10:00:00,1971.518,1972.075,1969.691,1971.755,2784,Buy
2023-07-26 14:00:00,1966.709,1969.311,1964.321,1969.041,6005,Buy
2023-07-27 00:00:00,1972.112,1973.026,1971.217,1972.468,2297,Buy
2023-07-27 01:00:00,1972.469,1978.078,1972.288,1977.836,4121,Buy
2023-07-27 23:00:00,1946.98,1948.158,1945.547,1947.543,2703,Buy
2023-07-28 02:00:00,1951.072,1952.328,1948.573,1952.185,3683,Buy
2023-07-28 13:00:00,1955.657,1958.072,1952.344,1955.991,7765,Buy
2023-07-28 19:00:00,1959.13,1959.563,1957.579,1959.181,2635,Buy
2023-07-31 04:00:00,1954.639,1955.91,1953.493,1954.505,2866,Buy
2023-07-31 05:00:00,1954.497,1955.375,1953.156,1955.148,3237,Buy
2023-07-31 09:00:00,1953.516,1957.23,1953.322,1956.927,3619,Buy
2023-07-31 10:00:00,1956.917,1958.483,1956.494,1958.483,3122,Buy
2023-08-01 02:00:00,1961.002,1961.147,1959.072,1960.632,3256,Buy
2023-08-01 13:00:00,1946.926,1948.849,1944.46,1947.994,8509,Buy
2023-08-02 02:00:00,1947.734,1949.938,1947.222,1948.297,3805,Buy
2023-08-02 03:00:00,1948.307,1949.547,1946.776,1949.375,2883,Buy
2023-08-03 03:00:00,1936.332,1937.418,1934.017,1937.328,2630,Buy
2023-08-03 08:00:00,1936.981,1938.47,1934.829,1937.856,4621,Buy
2023-08-03 23:00:00,1935.572,1935.877,1934.851,1935.874,1185,Buy
2023-08-04 00:00:00,1935.847,1936.805,1934.914,1936.805,2315,Buy
2023-08-04 17:00:00,1941.794,1942.267,1940.653,1942.021,3018,Buy
2023-08-06 23:00:00,1943.757,1943.982,1942.792,1943.89,1864,Buy
2023-08-07 12:00:00,1936.272,1938.255,1933.702,1938.013,4531,Buy
2023-08-07 20:00:00,1936.719,1936.735,1935.793,1936.592,1215,Buy
2023-08-08 08:00:00,1930.526,1935.195,1930.526,1935.189,3877,Buy
2023-08-10 00:00:00,1916.788,1917.49,1915.71,1917.058,2289,Buy
2023-08-10 23:00:00,1912.791,1912.791,1910.859,1912.458,1527,Buy
2023-08-11 08:00:00,1917.944,1919.438,1916.186,1919.038,3308,Buy
2023-08-11 19:00:00,1913.456,1913.794,1912.275,1913.648,2288,Buy
2023-08-11 20:00:00,1913.617,1914.093,1912.993,1913.886,1282,Buy
2023-08-14 09:00:00,1914.321,1914.465,1912.293,1914.023,2972,Buy
2023-08-14 23:00:00,1907.618,1908.139,1904.996,1907.657,1900,Buy
2023-08-15 00:00:00,1907.667,1907.794,1905.019,1907.211,2245,Buy
2023-08-15 09:00:00,1904.302,1905.007,1902.991,1904.521,3311,Buy
2023-08-15 11:00:00,1903.936,1904.331,1901.972,1904.266,3491,Buy
2023-08-16 08:00:00,1904.611,1905.743,1903.513,1905.451,3172,Buy
2023-08-17 00:00:00,1893.398,1893.429,1891.05,1892.824,2757,Buy
2023-08-17 01:00:00,1892.825,1893.03,1889.607,1892.738,4112,Buy
2023-08-17 04:00:00,1892.821,1893.953,1892.343,1893.818,2050,Buy
2023-08-17 18:00:00,1886.229,1887.03,1885.156,1886.71,3020,Buy
2023-08-18 09:00:00,1892.086,1892.904,1891.453,1892.809,2711,Buy
2023-08-21 20:00:00,1894.337,1894.874,1894.3,1894.874,1093,Buy
2023-08-22 00:00:00,1894.774,1895.859,1893.746,1895.573,2143,Buy
2023-08-22 19:00:00,1897.244,1897.743,1896.899,1897.671,2167,Buy
2023-08-23 13:00:00,1903.817,1918.832,1903.007,1918.001,10142,Buy
2023-08-23 15:00:00,1915.672,1918.368,1915.515,1918.368,4147,Buy
2023-08-23 23:00:00,1917.098,1918.105,1916.326,1917.949,1654,Buy
2023-08-24 01:00:00,1918.679,1919.122,1917.611,1918.828,3148,Buy
2023-08-24 13:00:00,1915.144,1916.819,1911.942,1916.194,6368,Buy
2023-08-25 11:00:00,1917.792,1918.475,1916.221,1918.376,2810,Buy
2023-08-25 19:00:00,1913.405,1914.441,1912.209,1914.41,2696,Buy
2023-08-28 12:00:00,1914.857,1917.313,1913.44,1917.158,3966,Buy
2023-08-28 13:00:00,1917.157,1918.84,1912.859,1918.178,5551,Buy
2023-08-28 17:00:00,1920.747,1920.852,1916.953,1920.401,3332,Buy
2023-08-29 12:00:00,1917.284,1917.307,1914.522,1917.084,4877,Buy
2023-08-29 14:00:00,1921.123,1934.857,1920.97,1934.17,11344,Buy
2023-08-29 18:00:00,1937.236,1937.293,1935.262,1937.131,2599,Buy
2023-08-30 03:00:00,1936.826,1937.025,1935.983,1936.839,1997,Buy
2023-08-30 07:00:00,1936.208,1936.829,1935.04,1936.558,3222,Buy
2023-08-30 08:00:00,1936.588,1936.987,1935.545,1936.666,3288,Buy
2023-08-30 10:00:00,1938.12,1938.377,1936.735,1938.008,2624,Buy
2023-08-30 13:00:00,1945.192,1948.635,1942.905,1947.515,7684,Buy
2023-08-30 16:00:00,1944.98,1945.069,1943.159,1944.952,3480,Buy
2023-09-01 06:00:00,1939.838,1940.499,1938.503,1940.426,3280,Buy
2023-09-01 10:00:00,1944.292,1944.459,1943.533,1944.353,2324,Buy
2023-09-01 18:00:00,1941.206,1941.247,1940.333,1941.159,2125,Buy
2023-09-04 04:00:00,1945.021,1945.241,1944.366,1945.178,1652,Buy
2023-09-04 14:00:00,1938.26,1938.81,1936.788,1938.401,2971,Buy
2023-09-05 00:00:00,1937.651,1938.028,1937.045,1937.889,1863,Buy
2023-09-05 12:00:00,1930.498,1934.681,1928.014,1933.845,6709,Buy
2023-09-06 03:00:00,1926.449,1926.682,1925.809,1926.601,2223,Buy
2023-09-06 09:00:00,1924.783,1925.578,1922.905,1925.34,2777,Buy
2023-09-07 02:00:00,1919.597,1919.858,1917.798,1919.826,2584,Buy
2023-09-07 08:00:00,1918.412,1919.35,1917.436,1918.906,2941,Buy
2023-09-07 23:00:00,1919.843,1920.394,1919.838,1920.347,1125,Buy
2023-09-08 08:00:00,1924.166,1924.836,1923.441,1924.756,2988,Buy
2023-09-08 13:00:00,1920.508,1928.82,1920.228,1928.562,6134,Buy
2023-09-08 16:00:00,1919.645,1919.949,1917.318,1919.741,3090,Buy
2023-09-08 17:00:00,1919.749,1920.544,1918.869,1920.517,2327,Buy
2023-09-11 08:00:00,1926.492,1927.845,1925.443,1927.807,3233,Buy
2023-09-13 03:00:00,1909.159,1909.705,1908.268,1909.704,2609,Buy
2023-09-13 06:00:00,1910.27,1910.563,1908.294,1910.009,3579,Buy
2023-09-13 08:00:00,1912.088,1912.623,1911.22,1912.261,2964,Buy
2023-09-13 12:00:00,1912.362,1914.46,1905.47,1912.335,11708,Buy
2023-09-13 23:00:00,1908.89,1909.663,1907.595,1909.276,1586,Buy
2023-09-14 10:00:00,1906.406,1909.178,1906.312,1909.112,2890,Buy
2023-09-14 19:00:00,1908.287,1909.533,1908.279,1909.512,2218,Buy
2023-09-14 20:00:00,1909.477,1910.732,1909.278,1910.732,1274,Buy
2023-09-15 05:00:00,1916.23,1916.327,1914.993,1916.306,3006,Buy
2023-09-15 08:00:00,1918.072,1918.526,1916.864,1918.089,3130,Buy
2023-09-18 00:00:00,1923.327,1924.705,1923.292,1924.659,1926,Buy
2023-09-19 01:00:00,1932.813,1933.368,1931.833,1933.04,3045,Buy
2023-09-19 18:00:00,1930.892,1931.264,1929.823,1930.867,2381,Buy
2023-09-20 09:00:00,1929.165,1931.855,1929.165,1931.837,2614,Buy
2023-09-20 22:00:00,1930.433,1931.548,1929.722,1931.224,2142,Buy
2023-09-21 05:00:00,1928.03,1929.019,1927.029,1928.788,2464,Buy
2023-09-22 01:00:00,1923.461,1924.272,1922.145,1924.069,3440,Buy
2023-09-22 12:00:00,1925.607,1926.606,1924.2,1926.174,4367,Buy
2023-09-25 00:00:00,1924.83,1925.146,1923.314,1924.929,2245,Buy
2023-09-25 02:00:00,1923.687,1923.948,1922.708,1923.755,2346,Buy
2023-09-26 04:00:00,1913.69,1914.707,1913.335,1914.696,1519,Buy
2023-09-27 23:00:00,1877.089,1877.75,1876.323,1877.662,1535,Buy
2023-09-28 04:00:00,1874.711,1875.313,1873.789,1874.951,2115,Buy
2023-09-28 15:00:00,1865.295,1866.089,1857.659,1864.818,7015,Buy
2023-09-28 19:00:00,1865.609,1867.376,1864.689,1867.202,2864,Buy
2023-09-29 18:00:00,1850.032,1850.952,1846.382,1848.975,3584,Buy
2023-10-03 00:00:00,1825.019,1825.279,1822.13,1824.772,3787,Buy
2023-10-03 07:00:00,1823.922,1824.519,1820.755,1824.099,4279,Buy
2023-10-04 08:00:00,1823.133,1823.65,1820.331,1823.054,4428,Buy
2023-10-04 10:00:00,1822.144,1823.271,1821.139,1823.162,3565,Buy
2023-10-05 01:00:00,1825.676,1828.223,1825.664,1828.133,3476,Buy
2023-10-05 11:00:00,1823.276,1823.47,1820.341,1823.094,3777,Buy
2023-10-05 14:00:00,1820.762,1821.137,1816.554,1819.946,7815,Buy
2023-10-05 17:00:00,1818.198,1819.53,1815.923,1819.178,3764,Buy
2023-10-06 08:00:00,1821.435,1822.151,1819.374,1821.966,3408,Buy
2023-10-09 03:00:00,1850.531,1851.594,1848.826,1851.144,2560,Buy
2023-10-09 05:00:00,1850.568,1852.373,1848.139,1851.849,3314,Buy
2023-10-09 19:00:00,1857.135,1863.516,1857.051,1863.323,3622,Buy
2023-10-09 22:00:00,1861.432,1861.859,1860.671,1861.557,1234,Buy
2023-10-09 23:00:00,1861.52,1862.792,1860.442,1862.636,1716,Buy
2023-10-10 11:00:00,1856.779,1857.48,1854.915,1857.227,3939,Buy
2023-10-10 16:00:00,1861.345,1862.527,1858.455,1861.984,4314,Buy
2023-10-10 19:00:00,1859.435,1860.438,1858.425,1860.203,2762,Buy
2023-10-11 01:00:00,1861.014,1861.91,1860.349,1861.719,3269,Buy
2023-10-11 02:00:00,1861.716,1862.1,1859.839,1861.546,2743,Buy
2023-10-11 07:00:00,1862.645,1868.223,1862.492,1868.011,5213,Buy
2023-10-11 12:00:00,1871.071,1873.1,1867.487,1872.875,7330,Buy
2023-10-13 03:00:00,1873.454,1874.056,1872.694,1873.743,2029,Buy
2023-10-13 15:00:00,1920.849,1923.212,1917.242,1923.051,6878,Buy
2023-10-13 20:00:00,1928.423,1932.693,1928.192,1932.317,2148,Buy
2023-10-15 23:00:00,1924.494,1926.482,1921.69,1925.936,4076,Buy
2023-10-16 03:00:00,1920.53,1920.56,1918.129,1920.127,2692,Buy
2023-10-16 04:00:00,1920.125,1920.462,1919.231,1920.197,2074,Buy
2023-10-16 10:00:00,1916.194,1918.38,1914.545,1917.988,3647,Buy
2023-10-16 16:00:00,1921.587,1922.06,1920.389,1921.958,3612,Buy
2023-10-16 20:00:00,1919.087,1920.133,1919.067,1920.131,1269,Buy
2023-10-17 02:00:00,1915.154,1915.234,1912.443,1914.843,3208,Buy
2023-10-18 01:00:00,1927.472,1940.381,1926.966,1939.124,5603,Buy
2023-10-18 10:00:00,1944.368,1945.386,1942.671,1945.271,3798,Buy
2023-10-19 06:00:00,1946.964,1948.6,1945.621,1948.045,4141,Buy
2023-10-19 09:00:00,1949.785,1950.807,1947.942,1950.736,3886,Buy
2023-10-19 10:00:00,1950.724,1951.43,1949.072,1951.029,3166,Buy
2023-10-19 11:00:00,1951.021,1952.357,1949.67,1952.156,3444,Buy
2023-10-19 16:00:00,1956.236,1962.113,1952.147,1962.007,11244,Buy
2023-10-19 17:00:00,1962.037,1972.84,1960.859,1972.719,9344,Buy
2023-10-20 01:00:00,1975.049,1978.088,1972.075,1977.881,5605,Buy
2023-10-20 06:00:00,1977.695,1980.189,1974.183,1979.386,4863,Buy
2023-10-23 23:00:00,1973.113,1973.912,1971.479,1973.622,1576,Buy
2023-10-24 05:00:00,1976.282,1976.709,1974.519,1976.522,2970,Buy
2023-10-24 11:00:00,1961.965,1964.309,1953.509,1963.853,6459,Buy
2023-10-25 03:00:00,1972.774,1973.393,1970.921,1973.379,2961,Buy
2023-10-25 15:00:00,1977.112,1984.748,1963.101,1981.284,13249,Buy
2023-10-26 14:00:00,1978.971,1980.511,1971.87,1979.576,8300,Buy
2023-10-27 05:00:00,1989.539,1989.656,1986.492,1988.964,3384,Buy
2023-10-27 17:00:00,1983.699,1997.066,1983.108,1996.773,6413,Buy
2023-10-30 08:00:00,1993.777,1994.966,1991.041,1993.827,4679,Buy
2023-10-30 09:00:00,1993.858,1997.127,1991.689,1996.604,4674,Buy
2023-10-30 11:00:00,1994.511,1995.849,1992.714,1995.812,4104,Buy
2023-10-31 04:00:00,1992.257,1993.199,1990.64,1992.814,2875,Buy
2023-10-31 10:00:00,1997.563,2000.092,1996.518,2000.092,3617,Buy
2023-10-31 11:00:00,2000.047,2000.436,1997.696,1999.944,3420,Buy
2023-10-31 18:00:00,1984.22,1985.119,1978.906,1984.579,5123,Buy
2023-11-01 04:00:00,1977.179,1978.449,1975.332,1977.751,3098,Buy
2023-11-01 05:00:00,1977.755,1979.515,1976.418,1979.161,2900,Buy
2023-11-01 13:00:00,1986.551,1987.259,1981.141,1985.797,6912,Buy
2023-11-01 22:00:00,1983.475,1984.152,1981.362,1983.848,2050,Buy
2023-11-02 04:00:00,1985.502,1986.623,1984.339,1986.103,2972,Buy
2023-11-02 06:00:00,1985.378,1986.158,1984.457,1985.801,3025,Buy
2023-11-02 10:00:00,1988.294,1989.467,1985.891,1988.911,3648,Buy
2023-11-02 12:00:00,1988.606,1991.024,1986.916,1990.325,6552,Buy
2023-11-02 14:00:00,1984.336,1985.292,1980.663,1984.385,6936,Buy
2023-11-02 20:00:00,1985.467,1985.93,1984.619,1985.926,1776,Buy
2023-11-06 11:00:00,1987.299,1987.737,1986.485,1987.737,2952,Buy
2023-11-07 18:00:00,1964.039,1969.847,1963.687,1969.424,4106,Buy
2023-11-07 21:00:00,1968.993,1969.278,1968.352,1969.197,1683,Buy
2023-11-09 00:00:00,1950.915,1952.077,1948.953,1952.074,2713,Buy
2023-11-09 04:00:00,1949.324,1949.853,1948.504,1949.549,2906,Buy
2023-11-09 05:00:00,1949.557,1950.246,1948.14,1950.207,2859,Buy
2023-11-09 08:00:00,1949.398,1949.732,1944.62,1948.484,4435,Buy
2023-11-10 10:00:00,1953.966,1954.476,1951.524,1954.186,3365,Buy
2023-11-12 23:00:00,1941.102,1941.399,1921.599,1940.444,2192,Buy
2023-11-13 04:00:00,1935.414,1935.978,1934.246,1935.764,2225,Buy
2023-11-13 10:00:00,1938.286,1939.647,1937.178,1939.563,3008,Buy
2023-11-13 16:00:00,1938.505,1946.616,1938.235,1945.79,5012,Buy
2023-11-13 18:00:00,1945.841,1947.915,1944.788,1947.912,3363,Buy
2023-11-13 20:00:00,1946.226,1946.86,1945.25,1946.705,2565,Buy
2023-11-14 00:00:00,1946.514,1947.359,1945.963,1946.838,2284,Buy
2023-11-15 00:00:00,1962.587,1963.813,1961.627,1963.68,2942,Buy
2023-11-15 02:00:00,1962.797,1964.682,1962.685,1964.469,3278,Buy
2023-11-15 03:00:00,1964.462,1967.06,1964.446,1966.915,3021,Buy
2023-11-15 07:00:00,1969.636,1971.112,1967.361,1970.361,4097,Buy
2023-11-16 06:00:00,1962.95,1967.35,1962.846,1966.979,3255,Buy
2023-11-16 08:00:00,1966.573,1967.552,1964.928,1967.521,3761,Buy
2023-11-16 21:00:00,1980.918,1981.449,1980.637,1981.36,1493,Buy
2023-11-17 08:00:00,1987.716,1989.194,1984.688,1988.741,4639,Buy
2023-11-17 17:00:00,1981.256,1981.256,1978.614,1981.102,3969,Buy
2023-11-17 20:00:00,1980.468,1981.121,1979.054,1980.833,2770,Buy
2023-11-17 21:00:00,1980.784,1980.915,1980.027,1980.735,1710,Buy
2023-11-20 00:00:00,1974.632,1977.699,1973.453,1977.542,3519,Buy
2023-11-20 19:00:00,1977.515,1979.025,1975.734,1978.477,3335,Buy
2023-11-20 21:00:00,1977.888,1978.15,1977.058,1977.831,1562,Buy
2023-11-20 23:00:00,1977.981,1981.67,1977.83,1981.269,2269,Buy
2023-11-21 00:00:00,1981.255,1986.817,1980.809,1986.445,3636,Buy
2023-11-21 01:00:00,1986.392,1990.489,1984.034,1990.157,5524,Buy
2023-11-21 19:00:00,1998.674,2000.719,1996.233,2000.121,4555,Buy
2023-11-23 17:00:00,1990.641,1993.057,1990.626,1992.829,1960,Buy
2023-11-24 03:00:00,1992.324,1993.688,1991.705,1993.623,3252,Buy
2023-11-24 05:00:00,1993.824,1994.52,1992.952,1994.295,2819,Buy
2023-11-24 07:00:00,1993.687,1994.236,1992.164,1993.583,3234,Buy
2023-11-24 18:00:00,2000.996,2002.343,2000.026,2002.343,1160,Buy
2023-11-27 02:00:00,2012.06,2012.16,2007.477,2011.319,4522,Buy
2023-11-27 08:00:00,2010.93,2013.991,2010.566,2013.906,4471,Buy
2023-11-27 16:00:00,2010.355,2011.331,2005.768,2010.854,5993,Buy
2023-11-28 16:00:00,2030.897,2040.647,2030.465,2039.802,6554,Buy
2023-11-29 11:00:00,2037.484,2040.262,2037.375,2040.163,3977,Buy
2023-11-30 06:00:00,2041.732,2045.925,2041.717,2045.925,3576,Buy
2023-11-30 08:00:00,2044.776,2045.774,2039.988,2040.664,4859,Buy
2023-11-30 15:00:00,2036.572,2038.365,2032.507,2037.927,7981,Buy
2023-11-30 20:00:00,2036.174,2036.535,2034.871,2036.251,2967,Buy
2023-12-01 08:00:00,2039.65,2046.136,2039.362,2045.381,4538,Buy
2023-12-04 02:00:00,2087.88,2088.887,2084.295,2088.201,5702,Buy
2023-12-04 04:00:00,2085.899,2086.105,2081.763,2085.498,3990,Buy
2023-12-04 08:00:00,2063.685,2070.143,2057.804,2069.799,10288,Buy
2023-12-04 11:00:00,2068.388,2071.972,2065.998,2070.935,5255,Buy
2023-12-04 19:00:00,2024.404,2031.605,2023.924,2030.977,4439,Buy
2023-12-06 16:00:00,2030.344,2031.434,2023.96,2030.048,7008,Buy
2023-12-06 17:00:00,2030.039,2030.282,2026.648,2029.567,5218,Buy
2023-12-06 18:00:00,2029.541,2031.389,2028.104,2030.679,4191,Buy
2023-12-07 09:00:00,2033.029,2034.819,2031.207,2034.19,4215,Buy
2023-12-07 12:00:00,2032.669,2033.585,2030.465,2033.237,4085,Buy
2023-12-08 01:00:00,2031.101,2033.226,2028.774,2032.36,5480,Buy
2023-12-08 07:00:00,2030.518,2031.509,2029.196,2031.004,4342,Buy
2023-12-08 09:00:00,2028.304,2029.237,2026.718,2028.686,4408,Buy
2023-12-11 04:00:00,1997.006,1997.163,1994.828,1996.72,3167,Buy
2023-12-11 11:00:00,1992.957,1996.405,1992.79,1996.2,3839,Buy
2023-12-13 10:00:00,1982.599,1983.386,1981.179,1983.274,3611,Buy
2023-12-13 18:00:00,1982.088,1982.953,1979.714,1982.194,3775,Buy
2023-12-13 20:00:00,2013.745,2024.487,2012.672,2023.973,12316,Buy
2023-12-13 23:00:00,2024.85,2033.229,2024.434,2032.913,6532,Buy
2023-12-14 13:00:00,2038.915,2039.308,2027.518,2037.319,12690,Buy
2023-12-15 06:00:00,2035.367,2036.357,2034.408,2036.098,3675,Buy
2023-12-15 19:00:00,2019.695,2020.157,2015.646,2019.167,5633,Buy
2023-12-18 04:00:00,2022.88,2023.385,2021.59,2023.179,2800,Buy
2023-12-18 17:00:00,2022.379,2033.609,2021.29,2033.593,5238,Buy
2023-12-18 23:00:00,2027.627,2028.089,2025.726,2027.704,2685,Buy
2023-12-19 04:00:00,2023.389,2024.417,2021.796,2024.239,3010,Buy
2023-12-19 14:00:00,2030.092,2042.291,2028.985,2041.426,7638,Buy
2023-12-19 20:00:00,2039.582,2040.536,2038.771,2040.407,3192,Buy
2023-12-20 02:00:00,2038.228,2040.417,2036.8,2040.067,3384,Buy
2023-12-20 05:00:00,2040.636,2041.42,2039.45,2041.203,2811,Buy
2023-12-20 13:00:00,2034.124,2036.618,2029.606,2036.456,5901,Buy
2023-12-20 17:00:00,2034.866,2035.398,2032.026,2034.78,4006,Buy
2023-12-20 21:00:00,2029.744,2032.116,2027.487,2031.724,3221,Buy
2023-12-21 03:00:00,2036.979,2037.755,2035.626,2037.466,2837,Buy
2023-12-21 06:00:00,2036.187,2037.165,2034.43,2036.923,3251,Buy
2023-12-21 15:00:00,2042.085,2043.019,2036.737,2041.572,8076,Buy
2023-12-22 17:00:00,2053.412,2055.891,2052.279,2055.539,5258,Buy
2023-12-26 00:00:00,2054.834,2055.278,2053.477,2055.02,1939,Buy
2023-12-26 01:00:00,2055.04,2063.986,2054.956,2063.301,2860,Buy
2023-12-26 10:00:00,2061.932,2063.948,2061.92,2063.884,2023,Buy
2023-12-26 20:00:00,2061.785,2068.728,2061.618,2068.418,3172,Buy
2023-12-27 16:00:00,2078.886,2082.466,2076.674,2081.707,5570,Buy
2023-12-27 20:00:00,2077.597,2078.274,2076.405,2078.209,3383,Buy
2023-12-28 01:00:00,2079.754,2087.824,2079.685,2087.093,4784,Buy
2023-12-28 02:00:00,2087.124,2088.585,2085.606,2087.976,4307,Buy
2023-12-28 12:00:00,2075.61,2076.866,2071.361,2076.522,4189,Buy
2023-12-29 05:00:00,2070.052,2072.415,2069.874,2072.316,2942,Buy
2024-01-02 02:00:00,2066.67,2068.425,2064.049,2067.826,3147,Buy
2024-01-02 05:00:00,2069.724,2074.959,2069.527,2074.468,3109,Buy
2024-01-02 14:00:00,2066.412,2070.494,2062.242,2070.425,8921,Buy
2024-01-03 03:00:00,2064.801,2065.642,2063.355,2065.172,3089,Buy
2024-01-03 17:00:00,2032.523,2033.879,2030.641,2033.403,5312,Buy
2024-01-04 02:00:00,2042.307,2044.842,2042.307,2044.686,4092,Buy
2024-01-04 12:00:00,2045.237,2046.275,2043.373,2045.953,4063,Buy
2024-01-05 10:00:00,2038.99,2040.391,2037.409,2040.047,3829,Buy
2024-01-05 13:00:00,2040.265,2042.053,2024.483,2040.025,15652,Buy
2024-01-08 14:00:00,2018.988,2027.249,2018.551,2026.486,9557,Buy
2024-01-08 15:00:00,2026.449,2034.906,2025.57,2034.327,8429,Buy
2024-01-08 19:00:00,2026.61,2029.694,2026.56,2029.401,3523,Buy
2024-01-09 12:00:00,2035.092,2036.405,2034.036,2036.346,3873,Buy
2024-01-09 16:00:00,2028.759,2031.659,2026.121,2031.221,6876,Buy
2024-01-09 18:00:00,2027.665,2029.757,2026.846,2029.235,4982,Buy
2024-01-09 23:00:00,2030.751,2031.183,2028.192,2030.616,2044,Buy
2024-01-10 01:00:00,2030.326,2032.558,2027.342,2031.854,4518,Buy
2024-01-10 07:00:00,2024.645,2031.714,2024.321,2031.028,5035,Buy
2024-01-10 19:00:00,2023.717,2024.618,2020.453,2024.109,3722,Buy
2024-01-11 03:00:00,2029.707,2031.119,2028.845,2030.89,3032,Buy
2024-01-11 20:00:00,2026.587,2028.627,2023.543,2027.566,5433,Buy
2024-01-11 23:00:00,2028.97,2035.662,2028.65,2035.169,2730,Buy
2024-01-12 10:00:00,2038.194,2046.184,2038.066,2045.903,4554,Buy
2024-01-12 20:00:00,2047.431,2047.773,2046.108,2047.644,3382,Buy
2024-01-15 00:00:00,2047.752,2048.561,2045.864,2047.945,3471,Buy
2024-01-15 05:00:00,2054.39,2055.632,2053.105,2055.162,3196,Buy
2024-01-15 11:00:00,2053.168,2053.845,2051.551,2053.357,3523,Buy
2024-01-15 15:00:00,2052.194,2053.926,2049.293,2053.358,4336,Buy
2024-01-16 06:00:00,2048.635,2050.62,2047.455,2050.569,3675,Buy
2024-01-16 21:00:00,2028.393,2028.655,2027.215,2028.562,2088,Buy
2024-01-16 23:00:00,2028.137,2028.272,2025.799,2028.041,2259,Buy
2024-01-17 00:00:00,2028.2,2028.943,2025.732,2028.535,3431,Buy
2024-01-17 09:00:00,2021.498,2024.363,2019.077,2023.9,4722,Buy
2024-01-17 21:00:00,2006.259,2006.468,2005.361,2006.23,2085,Buy
2024-01-17 23:00:00,2005.681,2009.812,2005.653,2009.458,2332,Buy
2024-01-18 00:00:00,2009.476,2011.017,2008.323,2010.939,3459,Buy
2024-01-18 01:00:00,2010.884,2012.169,2009.415,2011.634,4270,Buy
2024-01-18 05:00:00,2008.155,2009.485,2005.817,2009.262,3562,Buy
2024-01-18 17:00:00,2014.866,2016.466,2013.281,2016.347,4381,Buy
2024-01-18 23:00:00,2023.859,2024.447,2021.199,2023.638,2620,Buy
2024-01-19 08:00:00,2028.008,2030.194,2026.272,2029.779,4172,Buy
2024-01-19 11:00:00,2030.461,2032.098,2028.871,2031.718,3522,Buy
2024-01-19 17:00:00,2024.867,2029.181,2024.45,2029.181,4738,Buy
2024-01-22 00:00:00,2027.59,2029.346,2025.478,2029.085,3396,Buy
2024-01-22 14:00:00,2023.235,2024.076,2016.539,2022.765,7575,Buy
2024-01-22 16:00:00,2024.241,2024.294,2021.511,2023.715,4480,Buy
2024-01-22 19:00:00,2021.384,2021.664,2019.128,2021.06,3332,Buy
2024-01-22 20:00:00,2021.072,2021.134,2019.209,2020.866,3206,Buy
2024-01-22 21:00:00,2020.847,2021.66,2020.281,2021.66,1811,Buy
2024-01-23 04:00:00,2027.489,2028.004,2026.752,2027.696,2902,Buy
2024-01-23 18:00:00,2024.332,2025.838,2023.062,2025.273,3718,Buy
2024-01-23 21:00:00,2028.747,2029.364,2027.878,2029.01,1896,Buy
2024-01-23 23:00:00,2028.846,2029.603,2027.305,2029.352,1914,Buy
2024-01-24 09:00:00,2030.95,2034.247,2029.984,2030.975,4443,Buy
2024-01-24 10:00:00,2030.923,2033.103,2029.436,2032.777,3803,Buy
2024-01-24 11:00:00,2032.826,2034.331,2030.901,2033.563,3863,Buy
2024-01-24 20:00:00,2012.189,2013.857,2011.881,2012.358,3521,Buy
2024-01-24 21:00:00,2012.398,2014.653,2012.148,2014.517,2293,Buy
2024-01-25 21:00:00,2020.077,2020.821,2018.996,2020.81,1845,Buy
2024-01-29 00:00:00,2021.932,2022.156,2019.377,2021.608,3852,Buy
2024-01-29 02:00:00,2023.278,2025.561,2021.568,2025.497,3238,Buy
2024-01-29 11:00:00,2027.544,2028.401,2025.527,2028.211,3490,Buy
2024-01-29 15:00:00,2024.752,2026.356,2020.561,2025.487,5988,Buy
2024-01-29 21:00:00,2032.727,2032.727,2031.02,2032.437,2381,Buy
2024-01-30 13:00:00,2036.006,2038.041,2033.276,2037.867,6238,Buy
2024-01-31 03:00:00,2033.759,2034.312,2033.098,2034.008,2266,Buy
2024-01-31 04:00:00,2034.005,2034.88,2033.297,2034.599,1991,Buy
2024-01-31 05:00:00,2034.645,2035.185,2033.305,2035.033,2621,Buy
2024-02-01 12:00:00,2033.48,2034.557,2030.134,2034.285,5128,Buy
2024-02-01 15:00:00,2046.2,2053.109,2040.344,2052.011,11273,Buy
2024-02-01 20:00:00,2054.83,2055.777,2053.514,2055.643,3753,Buy
2024-02-02 11:00:00,2054.687,2056.237,2053.747,2056.138,3362,Buy
2024-02-02 15:00:00,2035.361,2035.703,2028.541,2035.093,9470,Buy
2024-02-02 21:00:00,2036.103,2039.886,2036.103,2039.707,2195,Buy
2024-02-05 01:00:00,2035.649,2038.311,2034.599,2038.054,4150,Buy
2024-02-05 06:00:00,2029.822,2031.308,2026.859,2030.977,3766,Buy
2024-02-05 16:00:00,2017.843,2022.53,2017.836,2022.228,4876,Buy
2024-02-05 23:00:00,2024.859,2025.37,2023.653,2025.074,1639,Buy
2024-02-06 04:00:00,2023.996,2026.528,2023.628,2026.343,2872,Buy
2024-02-06 12:00:00,2026.748,2028.013,2024.58,2027.836,3970,Buy
2024-02-06 17:00:00,2036.683,2038.437,2032.166,2037.12,5191,Buy
2024-02-07 12:00:00,2034.214,2034.309,2030.622,2033.47,3769,Buy
2024-02-07 19:00:00,2034.909,2035.857,2034.23,2035.611,3087,Buy
2024-02-07 21:00:00,2034.835,2035.044,2033.779,2035.043,1758,Buy
2024-02-07 23:00:00,2035.039,2036.582,2034.877,2036.442,1673,Buy
2024-02-08 05:00:00,2032.279,2033.783,2031.194,2033.487,2987,Buy
2024-02-08 16:00:00,2032.07,2032.392,2027.794,2031.969,4816,Buy
2024-02-12 03:00:00,2022.482,2023.134,2021.916,2022.954,2219,Buy
2024-02-12 10:00:00,2020.854,2021.292,2020.018,2021.009,3214,Buy
2024-02-12 18:00:00,2019.45,2021.639,2017.877,2021.568,4004,Buy
2024-02-13 00:00:00,2018.814,2019.639,2018.346,2019.52,2358,Buy
2024-02-13 06:00:00,2020.806,2024.137,2020.735,2023.74,2501,Buy
2024-02-13 08:00:00,2025.303,2026.356,2024.515,2026.128,3593,Buy
2024-02-13 09:00:00,2026.084,2026.996,2025.184,2026.713,3336,Buy
2024-02-14 01:00:00,1992.729,1992.967,1988.9,1992.874,3540,Buy
2024-02-14 15:00:00,1987.58,1989.059,1984.221,1987.945,7457,Buy
2024-02-14 17:00:00,1993.14,1995.35,1990.803,1994.416,5098,Buy
2024-02-14 19:00:00,1991.748,1992.114,1989.786,1991.757,3353,Buy
2024-02-16 01:00:00,2002.727,2005.698,2002.468,2005.577,2825,Buy
2024-02-19 13:00:00,2016.794,2019.405,2016.571,2016.938,4073,Buy
2024-02-19 14:00:00,2016.954,2017.774,2015.968,2017.375,3505,Buy
2024-02-19 16:00:00,2014.974,2016.709,2013.299,2016.313,3033,Buy
2024-02-20 17:00:00,2027.0,2028.823,2025.677,2028.723,3719,Buy
2024-02-21 17:00:00,2024.023,2024.579,2021.535,2024.215,3987,Buy
2024-02-22 18:00:00,2023.047,2023.319,2019.647,2022.705,4062,Buy
2024-02-22 21:00:00,2024.663,2025.087,2024.062,2024.805,1746,Buy
2024-02-23 07:00:00,2020.977,2022.527,2019.61,2021.901,3466,Buy
2024-02-23 10:00:00,2016.829,2023.374,2016.616,2022.916,3914,Buy
2024-02-23 11:00:00,2022.885,2024.034,2022.107,2023.89,3814,Buy
2024-02-23 16:00:00,2030.188,2038.632,2030.188,2038.392,6368,Buy
2024-02-26 15:00:00,2027.651,2030.149,2025.115,2029.204,5080,Buy
2024-02-26 17:00:00,2027.856,2028.918,2026.582,2028.768,3644,Buy
2024-02-27 10:00:00,2036.672,2036.802,2034.702,2036.492,3663,Buy
2024-02-27 20:00:00,2030.315,2030.435,2028.778,2030.261,2968,Buy
2024-02-27 21:00:00,2030.302,2030.671,2029.897,2030.487,1530,Buy
2024-02-28 00:00:00,2030.183,2031.326,2029.2,2030.871,2460,Buy
2024-02-28 10:00:00,2024.953,2027.623,2024.567,2027.385,3858,Buy
2024-02-28 13:00:00,2029.626,2036.154,2029.181,2035.881,6442,Buy
2024-02-28 19:00:00,2031.655,2032.429,2030.934,2032.189,3232,Buy
2024-02-29 01:00:00,2034.274,2036.645,2034.252,2036.478,3022,Buy
2024-02-29 03:00:00,2036.616,2036.808,2035.281,2036.641,2346,Buy
2024-02-29 05:00:00,2035.317,2036.005,2034.436,2035.682,2506,Buy
2024-02-29 08:00:00,2037.271,2037.556,2035.597,2037.226,3784,Buy
2024-02-29 12:00:00,2030.337,2030.689,2028.157,2030.275,3729,Buy
2024-02-29 13:00:00,2030.273,2048.751,2030.245,2047.632,10920,Buy
2024-02-29 17:00:00,2044.987,2046.037,2043.373,2045.723,4157,Buy
2024-02-29 23:00:00,2044.169,2044.363,2042.978,2044.196,1535,Buy
2024-03-01 10:00:00,2046.355,2055.175,2045.954,2054.897,5083,Buy
2024-03-01 15:00:00,2046.727,2071.028,2046.727,2069.282,12390,Buy
2024-03-01 16:00:00,2069.311,2082.088,2069.311,2081.154,7680,Buy
2024-03-04 14:00:00,2091.729,2101.498,2090.492,2100.812,9163,Buy
2024-03-04 15:00:00,2100.757,2109.457,2097.59,2109.112,7382,Buy
2024-03-04 16:00:00,2109.07,2119.985,2107.691,2119.36,10143,Buy
2024-03-05 04:00:00,2113.084,2116.086,2112.7,2115.998,2601,Buy
2024-03-05 16:00:00,2126.674,2128.864,2123.734,2128.396,7894,Buy
2024-03-05 23:00:00,2127.676,2128.505,2126.871,2128.377,1510,Buy
2024-03-06 02:00:00,2125.583,2126.855,2123.959,2126.426,2886,Buy
2024-03-06 11:00:00,2125.703,2132.703,2125.63,2132.574,3885,Buy
2024-03-06 13:00:00,2134.206,2139.748,2131.512,2139.486,10477,Buy
2024-03-07 06:00:00,2154.541,2156.613,2151.577,2155.453,5429,Buy
2024-03-07 12:00:00,2156.05,2158.875,2153.963,2158.426,4594,Buy
2024-03-07 23:00:00,2158.933,2161.68,2158.755,2161.68,1843,Buy
2024-03-08 07:00:00,2161.223,2161.986,2159.121,2161.445,4399,Buy
2024-03-08 16:00:00,2177.31,2180.991,2172.294,2180.725,7395,Buy
2024-03-08 19:00:00,2174.451,2177.902,2168.378,2176.535,6618,Buy
2024-03-11 08:00:00,2182.342,2183.183,2176.673,2177.541,4905,Buy
2024-03-11 11:00:00,2177.773,2179.554,2176.518,2178.988,3852,Buy
2024-03-11 14:00:00,2181.761,2183.317,2175.527,2182.03,8156,Buy
2024-03-11 18:00:00,2179.797,2181.02,2177.204,2180.937,3937,Buy
2024-03-11 23:00:00,2181.346,2183.793,2181.267,2183.652,2771,Buy
2024-03-12 15:00:00,2162.069,2165.058,2157.629,2163.115,7613,Buy
2024-03-12 16:00:00,2163.107,2166.596,2161.551,2165.848,4827,Buy
2024-03-12 19:00:00,2153.609,2157.479,2150.567,2157.414,4075,Buy
2024-03-12 20:00:00,2157.399,2159.078,2156.219,2158.559,2074,Buy
2024-03-13 04:00:00,2159.156,2159.772,2157.324,2159.344,2659,Buy
2024-03-13 10:00:00,2158.543,2163.697,2158.163,2163.406,3931,Buy
2024-03-13 11:00:00,2163.39,2164.269,2161.61,2164.025,4002,Buy
2024-03-13 14:00:00,2166.168,2169.816,2163.566,2168.89,7277,Buy
2024-03-14 00:00:00,2175.548,2176.67,2174.083,2176.321,2771,Buy
2024-03-14 07:00:00,2168.803,2169.138,2167.572,2168.734,4002,Buy
2024-03-14 10:00:00,2170.15,2170.938,2168.1,2170.631,3797,Buy
2024-03-14 19:00:00,2161.518,2163.57,2160.731,2163.549,3396,Buy
2024-03-15 00:00:00,2161.798,2163.221,2160.688,2162.817,2865,Buy
2024-03-15 05:00:00,2164.6,2169.275,2163.575,2169.147,3729,Buy
2024-03-15 08:00:00,2167.155,2169.463,2165.359,2169.066,4780,Buy
2024-03-15 09:00:00,2169.068,2172.812,2167.581,2171.911,4199,Buy
2024-03-17 23:00:00,2154.992,2156.633,2153.928,2156.617,2551,Buy
2024-03-18 11:00:00,2158.25,2161.337,2158.244,2161.115,4614,Buy
2024-03-18 16:00:00,2158.443,2160.803,2154.68,2159.94,5114,Buy
2024-03-18 23:00:00,2161.025,2161.993,2160.481,2161.75,1740,Buy
2024-03-19 12:00:00,2155.585,2158.698,2150.844,2157.092,6942,Buy
2024-03-19 14:00:00,2151.313,2155.484,2148.463,2154.95,6587,Buy
2024-03-19 19:00:00,2156.824,2158.02,2156.298,2157.781,3123,Buy
2024-03-20 00:00:00,2157.154,2157.533,2155.276,2157.186,2484,Buy
2024-03-20 03:00:00,2158.929,2159.916,2158.465,2159.915,2287,Buy
2024-03-20 10:00:00,2154.816,2154.956,2152.395,2154.388,3953,Buy
2024-03-20 13:00:00,2153.25,2158.725,2150.564,2157.95,6797,Buy
2024-03-20 18:00:00,2157.385,2183.779,2157.385,2181.907,30990,Buy
2024-03-21 05:00:00,2203.386,2205.247,2201.91,2204.946,3707,Buy
2024-03-21 09:00:00,2201.565,2206.092,2199.859,2205.415,6125,Buy
2024-03-21 12:00:00,2207.529,2208.911,2203.304,2207.772,7522,Buy
2024-03-21 15:00:00,2176.77,2177.001,2166.396,2174.778,12387,Buy
2024-03-22 07:00:00,2170.169,2170.561,2162.684,2168.498,6735,Buy
2024-03-25 09:00:00,2165.78,2168.849,2164.451,2168.482,4553,Buy
2024-03-25 23:00:00,2172.068,2173.408,2171.326,2172.978,2574,Buy
2024-03-26 05:00:00,2172.318,2173.446,2171.427,2173.021,3085,Buy
2024-03-26 19:00:00,2177.746,2178.247,2176.646,2177.976,3097,Buy
2024-03-26 20:00:00,2178.02,2178.394,2174.708,2177.928,2073,Buy
2024-03-27 13:00:00,2186.174,2193.528,2183.512,2193.402,9034,Buy
2024-03-27 18:00:00,2190.459,2192.489,2189.095,2192.489,3569,Buy
2024-03-28 06:00:00,2197.289,2199.029,2195.211,2198.766,4340,Buy
2024-03-28 09:00:00,2194.828,2197.942,2192.506,2197.863,4626,Buy
2024-03-28 12:00:00,2210.401,2217.064,2205.787,2215.708,11279,Buy
2024-03-28 17:00:00,2220.418,2223.368,2216.789,2222.003,5871,Buy
2024-03-28 19:00:00,2220.478,2222.386,2217.998,2221.778,3975,Buy
2024-04-01 03:00:00,2257.319,2265.281,2256.556,2264.449,4686,Buy
2024-04-01 12:00:00,2246.919,2252.714,2243.659,2252.624,8046,Buy
2024-04-01 17:00:00,2238.157,2239.413,2234.765,2239.227,4533,Buy
2024-04-01 19:00:00,2239.403,2244.822,2239.096,2244.769,3578,Buy
2024-04-02 06:00:00,2253.634,2256.22,2252.373,2255.763,4863,Buy
2024-04-02 10:00:00,2260.733,2264.777,2255.155,2262.202,6030,Buy
2024-04-02 11:00:00,2262.195,2262.241,2256.103,2260.625,6609,Buy
2024-04-02 15:00:00,2260.739,2261.229,2250.894,2258.704,11631,Buy
2024-04-02 16:00:00,2258.758,2261.447,2254.176,2260.376,6192,Buy
2024-04-02 20:00:00,2277.495,2281.258,2275.747,2280.344,3483,Buy
2024-04-03 01:00:00,2283.372,2283.537,2276.836,2282.602,7322,Buy
2024-04-03 05:00:00,2283.786,2286.063,2280.944,2286.063,4497,Buy
2024-04-03 10:00:00,2272.083,2273.502,2269.928,2272.773,5247,Buy
2024-04-03 11:00:00,2272.76,2274.615,2268.869,2273.885,5400,Buy
2024-04-03 12:00:00,2273.833,2275.284,2265.447,2275.022,11189,Buy
2024-04-03 16:00:00,2286.39,2295.275,2280.793,2293.925,11534,Buy
2024-04-03 17:00:00,2293.878,2295.674,2288.969,2295.085,6363,Buy
2024-04-04 00:00:00,2297.6,2302.576,2297.327,2302.285,5164,Buy
2024-04-04 17:00:00,2286.959,2294.117,2286.422,2294.069,5379,Buy
2024-04-05 20:00:00,2323.259,2330.096,2322.912,2329.455,3493,Buy
2024-04-08 07:00:00,2336.388,2339.009,2333.832,2337.861,8784,Buy
2024-04-08 14:00:00,2327.463,2329.377,2318.74,2328.87,18784,Buy
2024-04-08 20:00:00,2338.497,2339.224,2337.973,2339.119,2406,Buy
2024-04-09 18:00:00,2347.374,2350.097,2345.63,2349.659,5418,Buy
2024-04-09 19:00:00,2349.615,2351.62,2345.287,2351.218,4880,Buy
2024-04-11 10:00:00,2330.824,2339.364,2330.742,2338.614,6298,Buy
2024-04-11 23:00:00,2373.873,2377.206,2373.873,2377.1,4067,Buy
2024-04-12 00:00:00,2376.887,2379.234,2374.686,2378.733,4758,Buy
2024-04-12 01:00:00,2378.781,2391.52,2378.762,2390.757,19243,Buy
2024-04-12 19:00:00,2338.842,2345.522,2333.893,2343.363,11586,Buy
2024-04-12 20:00:00,2343.417,2345.269,2341.791,2344.482,4272,Buy
2024-04-15 05:00:00,2356.767,2362.567,2352.137,2361.193,7381,Buy
2024-04-15 10:00:00,2349.721,2357.081,2349.288,2356.844,5861,Buy
2024-04-15 14:00:00,2348.697,2352.595,2324.201,2349.563,34936,Buy
2024-04-15 15:00:00,2349.514,2352.68,2342.67,2351.716,15011,Buy
2024-04-16 16:00:00,2386.082,2398.38,2385.565,2397.598,12184,Buy
2024-04-17 00:00:00,2382.803,2384.796,2380.776,2384.46,5692,Buy
2024-04-17 01:00:00,2384.511,2385.644,2381.371,2384.696,8100,Buy
2024-04-17 06:00:00,2377.706,2381.631,2372.709,2381.081,8304,Buy
2024-04-17 07:00:00,2381.038,2383.316,2377.997,2382.596,6412,Buy
2024-04-17 08:00:00,2382.56,2393.718,2382.56,2392.976,7309,Buy
2024-04-17 23:00:00,2365.329,2368.244,2363.697,2367.938,3651,Buy
2024-04-18 00:00:00,2367.937,2370.17,2366.935,2369.84,4552,Buy
2024-04-18 05:00:00,2375.174,2377.237,2373.851,2376.85,5199,Buy
2024-04-19 08:00:00,2385.469,2386.397,2378.036,2384.356,10343,Buy
2024-04-19 14:00:00,2378.726,2392.154,2378.691,2391.165,16454,Buy
2024-04-19 16:00:00,2394.853,2399.801,2389.893,2399.718,8602,Buy
2024-04-22 14:00:00,2338.509,2343.959,2333.028,2341.31,13310,Buy
2024-04-22 22:00:00,2329.285,2331.535,2326.856,2330.468,2643,Buy
2024-04-22 23:00:00,2330.468,2334.03,2328.18,2333.838,4095,Buy
2024-04-23 13:00:00,2311.876,2330.788,2309.599,2329.754,22782,Buy
2024-04-23 15:00:00,2320.452,2324.612,2315.304,2323.293,11156,Buy
2024-04-24 02:00:00,2318.312,2322.242,2315.843,2321.74,6041,Buy
2024-04-24 11:00:00,2316.895,2317.073,2313.252,2316.274,4831,Buy
2024-04-24 14:00:00,2321.381,2330.51,2316.986,2329.721,12355,Buy
2024-04-25 07:00:00,2322.707,2326.224,2320.335,2325.721,5127,Buy
2024-04-25 17:00:00,2328.884,2332.312,2326.296,2332.3,6296,Buy
2024-04-26 01:00:00,2329.922,2333.33,2326.319,2332.182,5790,Buy
2024-04-26 03:00:00,2333.929,2335.039,2332.281,2334.734,4416,Buy
2024-04-26 05:00:00,2335.965,2338.65,2334.046,2337.896,4411,Buy
2024-04-26 15:00:00,2333.688,2337.766,2331.299,2336.732,10352,Buy
2024-04-26 19:00:00,2340.914,2340.992,2336.204,2339.995,4077,Buy
2024-04-29 01:00:00,2332.122,2332.122,2319.902,2331.085,12902,Buy
2024-04-29 07:00:00,2329.24,2338.005,2329.136,2337.417,9750,Buy
2024-04-29 13:00:00,2331.925,2336.609,2325.686,2334.069,12085,Buy
2024-04-29 15:00:00,2337.899,2339.051,2332.854,2337.883,7158,Buy
2024-04-30 06:00:00,2323.056,2323.668,2318.887,2322.469,6585,Buy
2024-04-30 17:00:00,2294.808,2297.301,2291.656,2296.067,7138,Buy
2024-04-30 22:00:00,2287.569,2291.878,2287.236,2291.309,2416,Buy
2024-05-01 08:00:00,2285.835,2286.888,2283.899,2286.289,4389,Buy
2024-05-01 10:00:00,2291.973,2294.439,2289.2,2293.217,4804,Buy
2024-05-01 13:00:00,2298.351,2303.57,2295.23,2303.119,10038,Buy
2024-05-02 17:00:00,2299.767,2308.621,2299.399,2308.123,6123,Buy
2024-05-02 20:00:00,2302.977,2304.23,2300.673,2304.006,3097,Buy
2024-05-02 23:00:00,2303.832,2304.647,2302.457,2304.347,2737,Buy
2024-05-03 00:00:00,2304.343,2304.918,2300.288,2304.006,3970,Buy
2024-05-03 03:00:00,2301.163,2302.528,2300.597,2302.508,3026,Buy
2024-05-03 19:00:00,2299.353,2301.594,2296.059,2301.465,4820,Buy
2024-05-06 01:00:00,2296.126,2309.245,2295.839,2308.377,13089,Buy
2024-05-06 06:00:00,2313.488,2314.889,2311.829,2314.245,5728,Buy
2024-05-06 09:00:00,2318.406,2322.135,2315.679,2321.262,5064,Buy
2024-05-06 16:00:00,2324.831,2327.558,2317.759,2325.669,9234,Buy
2024-05-06 22:00:00,2325.093,2326.897,2324.403,2326.75,2005,Buy
2024-05-07 10:00:00,2313.846,2316.002,2312.271,2315.41,4500,Buy
2024-05-08 02:00:00,2307.93,2317.565,2307.392,2317.182,6011,Buy
2024-05-08 04:00:00,2317.1,2319.396,2316.894,2319.328,3384,Buy
2024-05-08 15:00:00,2315.565,2320.491,2312.744,2320.491,7352,Buy
2024-05-09 13:00:00,2326.791,2326.791,2312.172,2324.467,16690,Buy
2024-05-10 04:00:00,2353.483,2354.621,2351.27,2354.013,3296,Buy
2024-05-10 06:00:00,2357.159,2369.144,2356.105,2368.497,8374,Buy
2024-05-13 11:00:00,2343.37,2346.729,2338.464,2344.64,6894,Buy
2024-05-14 01:00:00,2336.442,2342.172,2336.442,2342.04,5642,Buy
2024-05-14 07:00:00,2338.215,2339.829,2336.181,2339.251,4902,Buy
2024-05-14 08:00:00,2339.211,2344.058,2337.812,2343.843,4975,Buy
2024-05-14 17:00:00,2354.243,2356.66,2352.031,2355.942,5011,Buy
2024-05-15 23:00:00,2388.92,2392.01,2388.92,2391.869,3789,Buy
2024-05-16 15:00:00,2373.419,2382.435,2373.199,2381.609,7040,Buy
2024-05-17 04:00:00,2377.909,2379.201,2376.682,2378.899,2869,Buy
2024-05-17 11:00:00,2387.478,2390.231,2385.859,2389.782,4791,Buy
2024-05-17 12:00:00,2389.744,2394.088,2386.898,2393.311,7595,Buy
2023-06-26 01:00:00,1926.443,1927.745,1922.456,1925.513,5236,Buy
2023-06-26 02:00:00,1925.476,1926.728,1922.291,1924.565,3797,Buy
2023-06-26 03:00:00,1924.572,1924.731,1924.255,1925.561,2817,Buy
2023-06-26 04:00:00,1925.562,1926.575,1924.262,1925.129,2180,Buy
2023-06-26 06:00:00,1926.813,1931.401,1917.956,1922.825,4170,Buy
2023-06-26 09:00:00,1931.832,1934.297,1927.358,1929.913,3801,Buy
2023-06-26 11:00:00,1931.967,1932.727,1930.299,1931.445,3396,Buy
2023-06-26 13:00:00,1931.573,1941.662,1917.956,1924.826,7437,Buy
2023-06-26 14:00:00,1924.793,1927.008,1921.086,1923.339,6332,Buy
2023-06-26 15:00:00,1923.37,1923.37,1923.002,1925.775,4824,Buy
2023-06-26 16:00:00,1925.745,1927.989,1920.982,1923.792,3952,Buy
2023-06-26 18:00:00,1924.586,1926.096,1922.035,1923.462,3076,Buy
2023-06-26 19:00:00,1923.455,1924.466,1921.83,1922.919,2856,Buy
2023-06-26 23:00:00,1924.756,1928.572,1920.288,1922.522,6311,Buy
2023-06-27 03:00:00,1928.847,1929.713,1927.332,1928.452,9147,Buy
2023-06-27 04:00:00,1928.508,1928.638,1927.313,1928.497,7146,Buy
2023-06-27 05:00:00,1928.561,1932.055,1920.567,1925.067,9666,Buy
2023-06-27 07:00:00,1927.505,1927.893,1926.663,1928.189,12219,Buy
2023-06-27 08:00:00,1928.252,1932.316,1922.364,1925.527,12627,Buy
2023-06-27 09:00:00,1925.559,1927.334,1922.296,1924.057,10362,Buy
2023-06-27 10:00:00,1924.11,1925.536,1922.339,1923.457,9582,Buy
2023-06-27 12:00:00,1923.168,1923.242,1921.963,1926.175,18514,Buy
2023-06-27 13:00:00,1926.277,1929.707,1916.453,1923.596,24294,Buy
2023-06-27 14:00:00,1923.572,1935.766,1910.262,1917.208,33594,Buy
2023-06-27 15:00:00,1917.303,1921.24,1909.414,1913.498,16620,Buy
2023-06-27 17:00:00,1914.632,1917.642,1908.317,1912.123,12156,Buy
2023-06-27 19:00:00,1914.858,1916.368,1911.655,1913.723,10167,Buy
2023-06-28 03:00:00,1915.189,1915.529,1913.594,1915.213,8604,Buy
2023-06-28 04:00:00,1915.276,1915.467,1914.101,1915.22,7167,Buy
2023-06-28 05:00:00,1915.285,1915.537,1914.285,1915.563,8481,Buy
2023-06-28 06:00:00,1915.658,1922.262,1905.37,1910.854,13878,Buy
2023-06-28 09:00:00,1909.993,1912.817,1902.643,1907.322,12554,Buy
2023-06-28 10:00:00,1907.415,1908.678,1904.99,1907.022,11480,Buy
2023-06-28 17:00:00,1912.338,1913.114,1910.12,1911.777,12174,Buy
2023-06-28 18:00:00,1911.87,1911.939,1911.207,1912.211,9432,Buy
2023-06-28 19:00:00,1912.264,1915.33,1906.171,1909.281,10203,Buy
2023-06-28 20:00:00,1909.308,1911.804,1904.766,1907.43,6717,Buy
2023-06-28 23:00:00,1909.971,1910.317,1908.632,1909.719,5100,Buy
2023-06-29 01:00:00,1910.058,1910.631,1906.853,1909.866,12750,Buy
2023-06-29 09:00:00,1906.242,1908.561,1903.935,1905.134,10734,Buy
2023-06-29 12:00:00,1910.107,1924.678,1880.082,1896.137,28326,Buy
2023-06-29 15:00:00,1911.055,1913.67,1905.235,1908.977,17639,Buy
2023-06-29 17:00:00,1910.332,1912.969,1905.18,1908.005,11496,Buy
2023-06-29 18:00:00,1908.048,1909.41,1905.348,1907.005,10509,Buy
2023-06-29 22:00:00,1908.718,1909.781,1907.397,1908.216,6024,Buy
2023-06-30 01:00:00,1908.801,1910.485,1906.089,1907.938,11823,Buy
2023-06-30 02:00:00,1908.016,1908.366,1905.947,1907.83,10533,Buy
2023-06-30 06:00:00,1907.203,1910.638,1906.128,1906.811,12598,Buy
2023-06-30 07:00:00,1906.863,1909.295,1902.994,1905.283,13049,Buy
2023-06-30 08:00:00,1905.319,1910.111,1898.174,1901.868,13221,Buy
2023-06-30 14:00:00,1911.988,1912.05,1911.755,1915.416,30981,Buy
2023-06-30 17:00:00,1920.072,1922.369,1914.343,1918.568,13953,Buy
2023-06-30 18:00:00,1918.647,1918.832,1917.936,1918.98,9828,Buy
2023-07-02 23:00:00,1919.322,1921.08,1917.129,1918.269,1726,Buy
2023-07-03 00:00:00,1918.264,1919.654,1915.526,1917.208,2553,Buy
2023-07-03 02:00:00,1917.396,1920.088,1912.0,1914.92,3164,Buy
2023-07-03 05:00:00,1920.156,1923.539,1913.314,1916.998,3483,Buy
2023-07-03 06:00:00,1916.967,1920.391,1912.615,1915.186,4209,Buy
2023-07-03 07:00:00,1915.152,1918.136,1908.271,1912.231,4244,Buy
2023-07-03 15:00:00,1930.246,1934.469,1922.946,1926.665,5377,Buy
2023-07-03 16:00:00,1926.663,1931.468,1917.098,1921.923,3997,Buy
2023-07-03 17:00:00,1921.959,1923.253,1919.203,1920.684,2715,Buy
2023-07-03 18:00:00,1920.681,1920.686,1920.816,1921.305,1457,Buy
2023-07-03 22:00:00,1921.379,1921.52,1920.902,1921.283,790,Buy
2023-07-04 00:00:00,1921.28,1921.719,1920.321,1921.216,2414,Buy
2023-07-04 10:00:00,1929.809,1930.916,1927.037,1928.891,2858,Buy
2023-07-04 12:00:00,1928.577,1930.847,1923.272,1926.82,3555,Buy
2023-07-04 14:00:00,1928.304,1929.084,1926.734,1928.169,3034,Buy
2023-07-04 16:00:00,1927.093,1930.05,1921.259,1924.247,2508,Buy
2023-07-04 18:00:00,1925.554,1926.08,1924.464,1925.093,256,Buy
2023-07-04 22:00:00,1925.648,1926.349,1923.096,1926.255,1819,Buy
2023-07-05 03:00:00,1924.727,1925.328,1923.781,1924.459,2325,Buy
2023-07-05 06:00:00,1925.626,1930.343,1918.471,1922.158,4113,Buy
2023-07-05 10:00:00,1929.012,1931.337,1925.082,1927.369,3108,Buy
2023-07-05 13:00:00,1929.403,1936.052,1915.564,1925.273,9877,Buy
2023-07-05 14:00:00,1925.128,1931.121,1919.223,1922.691,8182,Buy
2023-07-05 15:00:00,1922.659,1923.131,1921.287,1923.273,5090,Buy
2023-07-05 16:00:00,1923.272,1925.145,1918.368,1921.601,4058,Buy
2023-07-05 17:00:00,1921.605,1924.138,1918.007,1919.806,4157,Buy
2023-07-05 18:00:00,1919.842,1923.744,1910.724,1916.039,4296,Buy
2023-07-05 19:00:00,1916.075,1916.923,1913.877,1915.899,3697,Buy
2023-07-05 20:00:00,1915.863,1916.861,1913.445,1915.113,1744,Buy
2023-07-05 22:00:00,1915.473,1915.501,1914.645,1916.307,1653,Buy
2023-07-06 02:00:00,1919.592,1921.001,1917.808,1918.802,3238,Buy
2023-07-06 03:00:00,1918.785,1919.421,1917.159,1918.208,2775,Buy
2023-07-06 04:00:00,1918.213,1919.426,1917.57,1917.915,2739,Buy
2023-07-06 09:00:00,1918.101,1919.464,1915.147,1917.365,2999,Buy
2023-07-06 12:00:00,1926.686,1950.639,1885.058,1906.353,16314,Buy
2023-07-06 16:00:00,1911.572,1914.119,1907.296,1909.871,4100,Buy
2023-07-06 19:00:00,1910.904,1911.928,1908.556,1910.261,2850,Buy
2023-07-07 00:00:00,1911.643,1913.561,1908.877,1910.684,2747,Buy
2023-07-07 01:00:00,1910.68,1910.975,1909.238,1910.687,3559,Buy
2023-07-07 06:00:00,1914.397,1915.751,1911.31,1913.389,3671,Buy
2023-07-07 12:00:00,1917.615,1920.879,1909.71,1918.938,12663,Buy
2023-07-07 16:00:00,1927.639,1928.852,1924.509,1926.953,4364,Buy
2023-07-07 19:00:00,1926.395,1928.094,1923.078,1924.742,3082,Buy
2023-07-09 22:00:00,1925.388,1925.43,1924.144,1926.192,2407,Buy
2023-07-09 23:00:00,1926.193,1928.444,1923.703,1924.948,2062,Buy
2023-07-10 01:00:00,1924.299,1924.351,1923.018,1924.999,4326,Buy
2023-07-10 03:00:00,1925.119,1927.613,1922.137,1923.94,2900,Buy
2023-07-10 04:00:00,1923.937,1926.812,1918.646,1921.316,2544,Buy
2023-07-10 05:00:00,1921.307,1922.944,1918.903,1920.264,3334,Buy
2023-07-10 09:00:00,1925.26,1927.705,1920.431,1923.357,3099,Buy
2023-07-10 12:00:00,1924.752,1936.93,1903.086,1914.064,6741,Buy
2023-07-10 14:00:00,1923.12,1925.483,1919.136,1922.104,6455,Buy
2023-07-10 17:00:00,1925.636,1926.101,1924.552,1925.723,3700,Buy
2023-07-10 20:00:00,1925.866,1926.82,1924.691,1925.332,1410,Buy
2023-07-10 22:00:00,1925.452,1926.21,1924.645,1925.159,1285,Buy
2023-07-11 01:00:00,1926.393,1927.642,1923.276,1925.59,3773,Buy
2023-07-11 03:00:00,1927.801,1929.751,1924.441,1926.716,3229,Buy
2023-07-11 07:00:00,1936.249,1942.515,1928.306,1932.322,5051,Buy
2023-07-11 10:00:00,1938.137,1941.288,1932.006,1935.255,3303,Buy
2023-07-11 12:00:00,1936.335,1943.093,1927.58,1932.061,6106,Buy
2023-07-11 14:00:00,1933.589,1935.913,1928.291,1931.863,5219,Buy
2023-07-11 15:00:00,1931.865,1933.394,1929.066,1931.148,4221,Buy
2023-07-12 01:00:00,1935.769,1935.844,1936.114,1937.609,3813,Buy
2023-07-12 03:00:00,1940.149,1942.56,1936.927,1938.594,3132,Buy
2023-07-12 06:00:00,1938.674,1942.911,1929.484,1934.881,3820,Buy
2023-07-12 10:00:00,1935.472,1937.061,1933.091,1934.311,2664,Buy
2023-07-12 17:00:00,1959.222,1962.66,1954.844,1957.281,3796,Buy
2023-07-12 20:00:00,1958.762,1960.066,1956.13,1957.458,1625,Buy
2023-07-13 00:00:00,1957.814,1959.06,1955.277,1957.102,3104,Buy
2023-07-13 04:00:00,1960.376,1963.542,1952.386,1957.329,2905,Buy
2023-07-13 05:00:00,1957.299,1959.268,1952.472,1955.46,4130,Buy
2023-07-13 08:00:00,1961.866,1963.421,1959.217,1961.003,3388,Buy
2023-07-13 09:00:00,1960.984,1962.465,1959.126,1960.071,3074,Buy
2023-07-13 15:00:00,1960.886,1966.999,1948.435,1955.043,5048,Buy
2023-07-13 22:00:00,1960.476,1960.932,1959.072,1960.02,1281,Buy
2023-07-13 23:00:00,1960.029,1960.093,1958.55,1960.234,2326,Buy
2023-07-14 02:00:00,1962.896,1964.153,1959.767,1961.769,3354,Buy
2023-07-14 04:00:00,1962.647,1964.911,1958.247,1960.447,2730,Buy
2023-07-14 05:00:00,1960.456,1962.918,1956.475,1958.904,3421,Buy
2023-07-14 06:00:00,1958.936,1962.165,1952.827,1956.61,4181,Buy
2023-07-14 08:00:00,1956.919,1958.119,1954.103,1956.173,3760,Buy
2023-07-14 12:00:00,1959.333,1961.671,1952.363,1957.587,5844,Buy
2023-07-14 15:00:00,1960.348,1963.246,1954.361,1958.174,5439,Buy
2023-07-14 18:00:00,1960.338,1961.461,1957.564,1959.324,2946,Buy
2023-07-14 19:00:00,1959.293,1964.195,1949.47,1954.391,3302,Buy
2023-07-17 05:00:00,1953.624,1953.807,1951.344,1954.122,3420,Buy
2023-07-17 06:00:00,1954.129,1956.141,1951.491,1953.307,3870,Buy
2023-07-17 07:00:00,1953.339,1956.011,1949.532,1952.354,4034,Buy
2023-07-17 10:00:00,1958.771,1960.573,1954.683,1957.292,3533,Buy
2023-07-17 12:00:00,1957.677,1967.156,1937.801,1948.639,7468,Buy
2023-07-17 23:00:00,1955.084,1955.087,1954.643,1955.498,1374,Buy
2023-07-18 01:00:00,1955.55,1955.931,1954.829,1957.206,4372,Buy
2023-07-18 04:00:00,1959.862,1959.969,1959.026,1960.09,2423,Buy
2023-07-18 05:00:00,1960.069,1961.077,1956.848,1959.333,3092,Buy
2023-07-18 07:00:00,1961.774,1962.642,1959.039,1961.579,4631,Buy
2023-07-18 17:00:00,1977.958,1980.851,1974.713,1976.364,3944,Buy
2023-07-18 23:00:00,1978.841,1980.849,1975.971,1977.581,2059,Buy
2023-07-19 01:00:00,1978.515,1980.635,1974.793,1976.676,4002,Buy
2023-07-19 03:00:00,1976.518,1977.496,1973.905,1975.543,2597,Buy
2023-07-19 04:00:00,1975.544,1976.873,1973.558,1974.856,2600,Buy
2023-07-19 07:00:00,1976.66,1976.726,1975.099,1978.029,4210,Buy
2023-07-19 08:00:00,1978.012,1978.784,1976.029,1977.578,3588,Buy
2023-07-19 09:00:00,1977.575,1978.255,1975.322,1977.243,3291,Buy
2023-07-19 10:00:00,1977.244,1980.386,1971.739,1974.956,3204,Buy
2023-07-19 20:00:00,1978.534,1980.358,1975.592,1977.115,1516,Buy
2023-07-20 03:00:00,1986.556,1987.874,1983.027,1985.274,2979,Buy
2023-07-20 04:00:00,1985.276,1986.365,1983.802,1984.675,2251,Buy
2023-07-20 05:00:00,1984.698,1989.188,1976.803,1980.811,3642,Buy
2023-07-20 07:00:00,1980.654,1983.397,1975.794,1979.255,4623,Buy
2023-07-20 09:00:00,1981.663,1982.691,1979.525,1980.955,3184,Buy
2023-07-20 10:00:00,1980.985,1981.73,1977.981,1980.628,3175,Buy
2023-07-20 12:00:00,1981.508,1990.663,1966.474,1974.059,7421,Buy
2023-07-20 13:00:00,1974.027,1975.238,1971.951,1976.048,8133,Buy
2023-07-20 14:00:00,1976.3,1986.828,1963.719,1970.531,8044,Buy
2023-07-20 15:00:00,1970.546,1973.859,1966.387,1968.709,4677,Buy
2023-07-20 18:00:00,1970.667,1972.027,1967.955,1969.739,2988,Buy
2023-07-20 19:00:00,1969.74,1970.921,1966.106,1968.812,3016,Buy
2023-07-21 01:00:00,1973.023,1974.432,1970.929,1972.382,4025,Buy
2023-07-21 02:00:00,1972.383,1974.22,1969.128,1970.941,3536,Buy
2023-07-21 03:00:00,1970.929,1971.908,1969.535,1970.334,2684,Buy
2023-07-21 04:00:00,1970.31,1971.562,1968.942,1970.008,2220,Buy
2023-07-21 06:00:00,1969.394,1969.692,1969.387,1970.814,3761,Buy
2023-07-21 07:00:00,1970.78,1977.304,1957.501,1964.358,5050,Buy
2023-07-21 08:00:00,1964.358,1967.431,1957.822,1961.521,4915,Buy
2023-07-21 12:00:00,1965.815,1969.068,1958.183,1963.176,5556,Buy
2023-07-21 14:00:00,1961.58,1965.059,1954.239,1959.843,6722,Buy
2023-07-21 17:00:00,1963.607,1964.432,1960.718,1962.812,3143,Buy
2023-07-21 18:00:00,1962.843,1962.878,1962.174,1963.242,2604,Buy
2023-07-21 20:00:00,1962.577,1963.591,1961.175,1961.951,1404,Buy
2023-07-23 22:00:00,1962.328,1962.967,1961.04,1962.011,1316,Buy
2023-07-23 23:00:00,1962.013,1963.575,1960.208,1961.277,1659,Buy
2023-07-24 02:00:00,1961.523,1962.825,1959.391,1960.697,3187,Buy
2023-07-24 03:00:00,1960.7,1961.474,1958.49,1960.243,2683,Buy
2023-07-24 05:00:00,1960.663,1961.49,1957.941,1960.075,2972,Buy
2023-07-24 07:00:00,1961.768,1961.902,1960.94,1963.336,5124,Buy
2023-07-24 08:00:00,1963.318,1967.199,1955.377,1959.641,4169,Buy
2023-07-24 10:00:00,1965.483,1966.996,1964.46,1965.524,3225,Buy
2023-07-24 11:00:00,1965.523,1966.194,1962.209,1965.057,3344,Buy
2023-07-24 15:00:00,1961.485,1965.053,1957.233,1959.721,4784,Buy
2023-07-24 17:00:00,1959.928,1960.844,1957.604,1959.157,3268,Buy
2023-07-24 18:00:00,1959.158,1964.27,1950.708,1954.998,3533,Buy
2023-07-25 02:00:00,1962.707,1963.739,1960.975,1962.227,3475,Buy
2023-07-25 03:00:00,1962.268,1963.373,1959.708,1961.653,2758,Buy
2023-07-25 04:00:00,1961.653,1962.679,1959.122,1960.633,2024,Buy
2023-07-25 09:00:00,1962.959,1964.566,1960.78,1962.252,3281,Buy
2023-07-25 10:00:00,1962.222,1965.224,1955.747,1959.224,2838,Buy
2023-07-25 13:00:00,1959.464,1962.985,1952.654,1956.883,7075,Buy
2023-07-25 16:00:00,1964.324,1966.44,1959.212,1962.466,3334,Buy
2023-07-25 22:00:00,1965.25,1966.301,1962.892,1964.617,1819,Buy
2023-07-26 00:00:00,1965.383,1965.993,1963.868,1964.997,2500,Buy
2023-07-26 04:00:00,1963.989,1964.975,1961.867,1963.162,1890,Buy
2023-07-26 09:00:00,1972.193,1973.303,1970.561,1971.538,2907,Buy
2023-07-26 11:00:00,1971.788,1972.189,1969.761,1972.011,3671,Buy
2023-07-26 13:00:00,1972.339,1980.781,1961.141,1966.74,6896,Buy
2023-07-26 16:00:00,1972.474,1974.982,1967.344,1970.378,3409,Buy
2023-07-26 23:00:00,1973.548,1975.289,1970.262,1972.109,1745,Buy
2023-07-27 02:00:00,1977.858,1977.858,1976.337,1979.285,3986,Buy
2023-07-27 03:00:00,1979.301,1981.754,1976.327,1977.979,2414,Buy
2023-07-27 04:00:00,1978.005,1979.358,1974.769,1976.792,2599,Buy
2023-07-27 05:00:00,1976.761,1978.41,1974.689,1975.771,3002,Buy
2023-07-27 06:00:00,1975.798,1977.492,1972.27,1974.843,4005,Buy
2023-07-27 16:00:00,1946.949,1951.565,1940.803,1944.321,3996,Buy
2023-07-27 18:00:00,1948.821,1953.571,1941.949,1945.441,4033,Buy
2023-07-27 19:00:00,1945.452,1947.228,1941.016,1944.24,3879,Buy
2023-07-28 04:00:00,1954.316,1957.909,1947.077,1951.919,7471,Buy
2023-07-28 07:00:00,1951.595,1954.871,1945.95,1949.703,6305,Buy
2023-07-28 12:00:00,1956.644,1959.091,1950.167,1955.688,8842,Buy
2023-07-28 15:00:00,1960.307,1960.808,1958.563,1961.009,4832,Buy
2023-07-28 16:00:00,1960.992,1961.612,1958.794,1961.177,3454,Buy
2023-07-28 17:00:00,1961.178,1963.453,1956.854,1959.664,3129,Buy
2023-07-28 18:00:00,1959.7,1960.32,1957.275,1959.13,2644,Buy
2023-07-31 01:00:00,1958.314,1961.078,1954.941,1956.783,4949,Buy
2023-07-31 02:00:00,1956.767,1957.362,1954.98,1956.735,3629,Buy
2023-07-31 03:00:00,1956.725,1959.638,1951.678,1954.651,2808,Buy
2023-07-31 14:00:00,1971.515,1977.356,1962.71,1967.358,6365,Buy
2023-07-31 16:00:00,1970.746,1971.217,1969.737,1971.019,3074,Buy
2023-07-31 17:00:00,1971.036,1971.496,1970.01,1971.053,2789,Buy
2023-07-31 18:00:00,1971.059,1975.68,1961.935,1966.519,2641,Buy
2023-07-31 19:00:00,1966.493,1968.677,1962.085,1964.582,3138,Buy
2023-08-01 00:00:00,1963.976,1964.887,1962.24,1963.484,2437,Buy
2023-08-01 04:00:00,1962.23,1965.461,1957.099,1959.738,2709,Buy
2023-08-01 05:00:00,1959.707,1961.062,1957.746,1958.995,2972,Buy
2023-08-01 07:00:00,1957.695,1960.874,1953.377,1955.537,4513,Buy
2023-08-01 09:00:00,1955.902,1955.999,1956.163,1956.96,3159,Buy
2023-08-01 11:00:00,1956.348,1959.529,1950.558,1953.624,3805,Buy
2023-08-01 12:00:00,1953.646,1961.257,1937.808,1946.895,7892,Buy
2023-08-01 16:00:00,1944.269,1946.515,1942.041,1943.171,3290,Buy
2023-08-01 19:00:00,1944.335,1944.607,1943.339,1944.47,2290,Buy
2023-08-01 20:00:00,1944.502,1944.864,1943.45,1944.181,1276,Buy
2023-08-02 01:00:00,1949.337,1950.926,1945.623,1947.766,3660,Buy
2023-08-02 07:00:00,1949.149,1950.486,1946.593,1948.472,4245,Buy
2023-08-02 08:00:00,1948.514,1948.598,1947.84,1949.894,4248,Buy
2023-08-02 11:00:00,1952.687,1954.905,1946.59,1950.721,3880,Buy
2023-08-02 12:00:00,1950.757,1957.684,1939.481,1945.701,9508,Buy
2023-08-02 14:00:00,1945.19,1956.329,1926.61,1935.978,9080,Buy
2023-08-02 17:00:00,1935.748,1935.927,1934.127,1936.659,3352,Buy
2023-08-02 20:00:00,1935.282,1936.076,1933.585,1934.587,1301,Buy
2023-08-02 23:00:00,1936.494,1937.294,1935.506,1936.1,1245,Buy
2023-08-03 00:00:00,1936.125,1936.876,1934.101,1935.593,2358,Buy
2023-08-03 02:00:00,1936.88,1937.693,1934.39,1936.338,2847,Buy
2023-08-03 06:00:00,1935.24,1937.661,1930.921,1933.543,4098,Buy
2023-08-03 10:00:00,1936.201,1939.498,1931.306,1934.406,3523,Buy
2023-08-03 14:00:00,1932.433,1932.433,1931.363,1935.03,9020,Buy
2023-08-03 15:00:00,1935.026,1937.267,1927.469,1933.121,5317,Buy
2023-08-03 18:00:00,1934.821,1936.892,1931.067,1933.227,2355,Buy
2023-08-03 22:00:00,1934.347,1934.409,1934.034,1935.569,2176,Buy
2023-08-04 02:00:00,1936.582,1938.402,1932.856,1935.225,3643,Buy
2023-08-04 08:00:00,1932.956,1933.672,1931.187,1932.451,3171,Buy
2023-08-04 16:00:00,1942.74,1944.606,1939.998,1941.792,3470,Buy
2023-08-06 22:00:00,1942.66,1942.805,1940.832,1943.79,2513,Buy
2023-08-07 02:00:00,1942.451,1944.678,1938.945,1940.942,2757,Buy
2023-08-07 03:00:00,1940.928,1943.535,1937.092,1939.42,2596,Buy
2023-08-08 05:00:00,1934.504,1936.362,1933.253,1934.083,2933,Buy
2023-08-08 06:00:00,1934.078,1935.503,1931.605,1933.226,3611,Buy
2023-08-08 10:00:00,1934.994,1939.501,1926.085,1930.781,3387,Buy
2023-08-08 11:00:00,1930.781,1933.375,1924.752,1929.016,4234,Buy
2023-08-08 12:00:00,1929.025,1934.336,1921.092,1925.467,7360,Buy
2023-08-08 15:00:00,1927.21,1929.17,1923.636,1925.874,4402,Buy
2023-08-08 16:00:00,1925.877,1927.015,1922.311,1925.406,3203,Buy
2023-08-08 19:00:00,1925.347,1926.019,1923.13,1924.896,2334,Buy
2023-08-08 20:00:00,1924.864,1925.137,1924.919,1925.12,1218,Buy
2023-08-09 00:00:00,1925.674,1926.516,1923.667,1925.118,1855,Buy
2023-08-09 08:00:00,1930.615,1933.695,1925.341,1928.105,3372,Buy
2023-08-09 09:00:00,1928.07,1930.197,1924.111,1926.247,2995,Buy
2023-08-09 10:00:00,1926.214,1927.72,1923.921,1925.25,2849,Buy
2023-08-09 13:00:00,1924.943,1928.381,1919.741,1922.896,5461,Buy
2023-08-09 14:00:00,1922.891,1929.796,1907.129,1917.334,7314,Buy
2023-08-09 16:00:00,1916.783,1917.768,1914.52,1916.37,3492,Buy
2023-08-09 17:00:00,1916.371,1916.681,1914.836,1916.422,3146,Buy
2023-08-09 19:00:00,1916.216,1916.839,1914.207,1915.593,2224,Buy
2023-08-10 02:00:00,1918.062,1918.997,1915.036,1917.133,2853,Buy
2023-08-10 04:00:00,1918.736,1921.036,1914.735,1916.815,2099,Buy
2023-08-10 13:00:00,1926.303,1933.701,1918.364,1922.801,10238,Buy
2023-08-10 14:00:00,1922.767,1932.06,1907.229,1915.113,7607,Buy
2023-08-10 17:00:00,1920.574,1927.643,1906.511,1913.769,4542,Buy
2023-08-10 19:00:00,1914.995,1916.884,1911.6,1913.389,2832,Buy
2023-08-10 20:00:00,1913.355,1914.514,1911.192,1912.459,1623,Buy
2023-08-11 02:00:00,1915.564,1916.875,1913.599,1914.822,2546,Buy
2023-08-11 04:00:00,1914.681,1916.678,1912.16,1913.51,2009,Buy
2023-08-11 06:00:00,1915.722,1916.016,1915.055,1916.348,3184,Buy
2023-08-11 09:00:00,1919.058,1920.98,1916.171,1918.02,3026,Buy
2023-08-11 12:00:00,1919.072,1924.938,1911.184,1916.083,7099,Buy
2023-08-11 15:00:00,1918.635,1924.244,1908.542,1914.078,4930,Buy
2023-08-11 17:00:00,1914.38,1915.621,1911.023,1913.283,2847,Buy
2023-08-14 06:00:00,1912.969,1914.319,1910.205,1912.159,2925,Buy
2023-08-14 08:00:00,1914.539,1915.127,1912.404,1914.33,3561,Buy
2023-08-14 11:00:00,1914.46,1915.521,1913.038,1914.027,2902,Buy
2023-08-14 13:00:00,1910.41,1918.14,1897.591,1904.295,6684,Buy
2023-08-14 17:00:00,1911.926,1913.61,1907.499,1910.333,2885,Buy
2023-08-14 18:00:00,1910.336,1912.85,1905.595,1908.113,2665,Buy
2023-08-14 19:00:00,1908.089,1908.903,1907.023,1907.663,2401,Buy
2023-08-15 15:00:00,1910.096,1913.582,1902.683,1906.92,5395,Buy
2023-08-15 16:00:00,1906.902,1910.27,1899.925,1903.701,3531,Buy
2023-08-15 19:00:00,1902.662,1902.799,1901.665,1902.764,3232,Buy
2023-08-15 20:00:00,1902.732,1904.032,1899.7,1901.67,1786,Buy
2023-08-15 22:00:00,1902.001,1902.722,1900.474,1901.528,1483,Buy
2023-08-16 03:00:00,1903.874,1903.996,1902.969,1904.171,2512,Buy
2023-08-16 09:00:00,1905.453,1905.581,1905.014,1906.13,3077,Buy
2023-08-16 11:00:00,1906.115,1909.089,1899.642,1903.187,2884,Buy
2023-08-16 12:00:00,1903.156,1906.236,1897.457,1900.854,5311,Buy
2023-08-16 16:00:00,1901.972,1905.022,1896.37,1899.5,3539,Buy
2023-08-16 18:00:00,1898.521,1902.403,1890.477,1895.053,4969,Buy
2023-08-16 19:00:00,1895.019,1898.221,1888.935,1892.246,3908,Buy
2023-08-16 20:00:00,1892.283,1892.668,1890.484,1892.105,1953,Buy
2023-08-16 23:00:00,1894.412,1896.473,1892.35,1893.395,2499,Buy
2023-08-17 03:00:00,1893.787,1895.129,1891.636,1892.821,2655,Buy
2023-08-17 07:00:00,1897.345,1899.264,1895.379,1896.489,3617,Buy
2023-08-17 08:00:00,1896.485,1899.092,1891.543,1894.046,3185,Buy
2023-08-17 13:00:00,1899.543,1903.267,1888.515,1896.014,7498,Buy
2023-08-17 15:00:00,1895.444,1901.698,1882.624,1889.528,4477,Buy
2023-08-17 16:00:00,1889.516,1891.276,1885.587,1888.426,3777,Buy
2023-08-18 02:00:00,1893.621,1894.312,1891.569,1893.266,3094,Buy
2023-08-18 06:00:00,1893.74,1895.605,1890.48,1892.215,3731,Buy
2023-08-18 07:00:00,1892.191,1892.412,1891.26,1892.647,3940,Buy
2023-08-18 08:00:00,1892.63,1893.81,1890.601,1892.092,3314,Buy
2023-08-18 10:00:00,1892.805,1892.808,1892.96,1894.279,2986,Buy
2023-08-18 11:00:00,1894.302,1895.297,1892.545,1893.833,2960,Buy
2023-08-18 12:00:00,1893.821,1899.002,1885.68,1890.293,5261,Buy
2023-08-18 13:00:00,1890.307,1891.182,1890.992,1893.893,7033,Buy
2023-08-18 15:00:00,1893.67,1896.825,1888.89,1891.306,3907,Buy
2023-08-18 16:00:00,1891.276,1893.84,1887.175,1889.586,3305,Buy
2023-08-21 00:00:00,1890.034,1890.117,1888.803,1890.007,2148,Buy
2023-08-21 01:00:00,1889.981,1894.937,1880.934,1885.509,4204,Buy
2023-08-21 03:00:00,1892.797,1894.948,1889.84,1891.743,2952,Buy
2023-08-21 04:00:00,1891.728,1891.911,1891.439,1892.555,2363,Buy
2023-08-21 05:00:00,1892.554,1897.194,1882.085,1888.1,3624,Buy
2023-08-21 07:00:00,1888.942,1889.837,1885.976,1888.204,3976,Buy
2023-08-21 13:00:00,1897.232,1905.81,1881.447,1890.081,7701,Buy
2023-08-21 14:00:00,1890.114,1894.881,1882.555,1886.897,6236,Buy
2023-08-21 19:00:00,1894.627,1894.976,1893.517,1894.368,2205,Buy
2023-08-21 23:00:00,1895.097,1895.497,1893.438,1894.764,1477,Buy
2023-08-22 01:00:00,1895.57,1896.759,1893.017,1895.179,3656,Buy
2023-08-22 02:00:00,1895.176,1895.874,1891.637,1894.497,3480,Buy
2023-08-22 04:00:00,1896.129,1898.303,1891.747,1894.08,1852,Buy
2023-08-22 05:00:00,1894.063,1894.127,1894.415,1895.483,2972,Buy
2023-08-22 08:00:00,1901.549,1904.631,1897.713,1900.021,3326,Buy
2023-08-22 10:00:00,1902.844,1903.708,1899.578,1902.044,3261,Buy
2023-08-22 12:00:00,1902.212,1908.055,1891.442,1897.455,5529,Buy
2023-08-22 13:00:00,1897.422,1905.775,1883.224,1890.438,7016,Buy
2023-08-22 16:00:00,1897.939,1899.034,1895.832,1897.404,3066,Buy
2023-08-23 00:00:00,1898.576,1898.62,1897.773,1899.066,2269,Buy
2023-08-23 02:00:00,1901.615,1902.386,1899.195,1901.075,3054,Buy
2023-08-23 05:00:00,1903.391,1904.351,1901.332,1902.679,2854,Buy
2023-08-23 06:00:00,1902.649,1902.951,1901.171,1902.968,3465,Buy
2023-08-23 08:00:00,1903.653,1903.726,1902.164,1903.81,3750,Buy
2023-08-23 09:00:00,1903.818,1905.694,1900.217,1902.717,3371,Buy
2023-08-23 11:00:00,1903.294,1903.716,1902.078,1903.359,3217,Buy
2023-08-23 12:00:00,1903.36,1904.009,1899.088,1903.786,5594,Buy
2023-08-23 17:00:00,1919.832,1922.143,1916.251,1918.074,3263,Buy
2023-08-23 18:00:00,1918.043,1919.722,1915.266,1916.739,2823,Buy
2023-08-23 19:00:00,1916.729,1916.954,1916.249,1916.931,2526,Buy
2023-08-23 20:00:00,1916.902,1919.262,1913.829,1915.423,1785,Buy
2023-08-24 07:00:00,1921.711,1923.844,1917.035,1919.621,3807,Buy
2023-08-24 08:00:00,1919.654,1919.738,1918.764,1920.401,3176,Buy
2023-08-24 09:00:00,1920.387,1921.386,1918.219,1919.628,2931,Buy
2023-08-24 10:00:00,1919.648,1920.434,1917.942,1919.363,2907,Buy
2023-08-24 11:00:00,1919.351,1922.208,1913.626,1916.667,3044,Buy
2023-08-24 16:00:00,1921.074,1924.669,1915.296,1918.402,3184,Buy
2023-08-24 17:00:00,1918.4,1919.985,1914.75,1917.21,2923,Buy
2023-08-24 18:00:00,1917.246,1917.757,1915.797,1916.952,2605,Buy
2023-08-24 19:00:00,1916.96,1917.082,1915.522,1916.838,2588,Buy
2023-08-24 23:00:00,1916.988,1918.238,1914.906,1915.947,1417,Buy
2023-08-25 00:00:00,1915.945,1916.64,1914.526,1915.577,2066,Buy
2023-08-25 02:00:00,1917.049,1919.65,1912.674,1914.94,2942,Buy
2023-08-25 03:00:00,1914.91,1916.573,1911.975,1913.517,2248,Buy
2023-08-25 04:00:00,1913.516,1913.664,1912.758,1913.816,2496,Buy
2023-08-25 06:00:00,1914.506,1916.114,1911.116,1913.126,3246,Buy
2023-08-25 07:00:00,1913.156,1913.156,1912.394,1914.249,3390,Buy
2023-08-25 09:00:00,1915.447,1915.641,1914.273,1916.151,2751,Buy
2023-08-25 12:00:00,1918.345,1920.201,1914.198,1917.266,4273,Buy
2023-08-25 14:00:00,1915.463,1927.23,1887.083,1904.698,15937,Buy
2023-08-27 22:00:00,1916.074,1917.493,1913.777,1914.948,1295,Buy
2023-08-28 01:00:00,1915.784,1916.254,1913.698,1915.575,3832,Buy
2023-08-28 04:00:00,1916.322,1917.848,1914.542,1915.664,1892,Buy
2023-08-28 05:00:00,1915.672,1916.086,1913.751,1915.714,2674,Buy
2023-08-28 06:00:00,1915.715,1915.715,1914.163,1915.991,2940,Buy
2023-08-28 07:00:00,1915.991,1917.588,1912.708,1914.564,2796,Buy
2023-08-28 09:00:00,1914.73,1915.456,1912.585,1914.163,2228,Buy
2023-08-28 11:00:00,1915.249,1916.007,1914.18,1914.857,2469,Buy
2023-08-28 16:00:00,1924.827,1929.349,1916.203,1920.749,3393,Buy
2023-08-28 18:00:00,1920.427,1921.321,1918.672,1919.622,2238,Buy
2023-08-28 19:00:00,1919.621,1919.685,1918.871,1919.759,2114,Buy
2023-08-28 23:00:00,1920.849,1920.933,1920.896,1921.286,990,Buy
2023-08-29 01:00:00,1921.713,1921.999,1921.122,1922.116,2855,Buy
2023-08-29 04:00:00,1925.448,1926.938,1922.359,1924.001,2054,Buy
2023-08-29 06:00:00,1924.483,1926.02,1920.69,1923.01,2915,Buy
2023-08-29 08:00:00,1923.316,1924.313,1921.503,1922.924,2952,Buy
2023-08-29 09:00:00,1922.894,1923.172,1924.241,1924.374,2772,Buy
2023-08-29 10:00:00,1924.406,1928.569,1916.249,1920.336,3053,Buy
2023-08-29 11:00:00,1920.329,1923.864,1914.075,1917.284,3332,Buy
2023-08-29 23:00:00,1937.229,1938.434,1934.947,1936.268,1408,Buy
2023-08-30 01:00:00,1936.839,1938.218,1935.381,1936.239,3108,Buy
2023-08-30 02:00:00,1936.239,1936.267,1936.025,1936.796,2831,Buy
2023-08-30 04:00:00,1936.838,1937.735,1935.085,1936.131,1892,Buy
2023-08-30 05:00:00,1936.131,1936.923,1933.942,1935.439,2556,Buy
2023-08-30 15:00:00,1946.671,1949.193,1942.98,1945.011,4321,Buy
2023-08-30 17:00:00,1944.955,1946.33,1941.83,1943.747,2639,Buy
2023-08-30 19:00:00,1943.9,1944.674,1943.022,1943.485,2102,Buy
2023-08-30 20:00:00,1943.509,1944.845,1941.266,1942.473,1560,Buy
2023-08-30 23:00:00,1944.646,1945.439,1943.751,1944.285,1558,Buy
2023-08-31 02:00:00,1947.266,1948.939,1944.706,1946.233,2518,Buy
2023-08-31 03:00:00,1946.228,1947.655,1944.24,1945.236,2240,Buy
2023-08-31 07:00:00,1943.895,1943.895,1943.917,1945.135,3222,Buy
2023-08-31 08:00:00,1945.143,1945.878,1943.377,1944.463,2834,Buy
2023-08-31 10:00:00,1944.831,1945.699,1943.3,1944.355,2535,Buy
2023-08-31 15:00:00,1942.961,1946.789,1937.608,1940.692,4561,Buy
2023-08-31 17:00:00,1941.781,1944.415,1939.149,1940.522,2873,Buy
2023-08-31 18:00:00,1940.524,1940.697,1940.702,1941.428,2216,Buy
2023-08-31 19:00:00,1941.435,1942.884,1938.509,1940.119,2386,Buy
2023-08-31 20:00:00,1940.154,1940.868,1939.103,1939.856,1360,Buy
2023-09-01 02:00:00,1942.636,1945.198,1938.458,1940.576,2721,Buy
2023-09-01 03:00:00,1940.54,1942.234,1937.474,1939.007,2329,Buy
2023-09-01 05:00:00,1940.054,1940.818,1938.884,1939.807,2262,Buy
2023-09-01 11:00:00,1944.352,1944.627,1943.162,1944.542,2944,Buy
2023-09-01 13:00:00,1949.884,1959.574,1936.331,1943.914,10420,Buy
2023-09-01 16:00:00,1938.88,1940.083,1936.466,1938.183,3332,Buy
2023-09-01 19:00:00,1941.129,1941.753,1939.774,1940.59,2107,Buy
2023-09-01 20:00:00,1940.591,1941.857,1938.841,1939.804,1227,Buy
2023-09-03 22:00:00,1940.087,1940.668,1938.963,1939.634,906,Buy
2023-09-04 03:00:00,1945.748,1946.536,1944.002,1945.031,2001,Buy
2023-09-04 05:00:00,1945.176,1946.208,1943.219,1944.561,2661,Buy
2023-09-04 06:00:00,1944.565,1944.664,1943.974,1945.153,3147,Buy
2023-09-04 09:00:00,1943.905,1946.936,1937.806,1941.034,2784,Buy
2023-09-04 10:00:00,1941.037,1941.724,1938.259,1940.525,2462,Buy
2023-09-04 12:00:00,1941.7,1943.447,1938.24,1940.01,2460,Buy
2023-09-04 13:00:00,1940.01,1942.06,1936.337,1938.297,3665,Buy
2023-09-04 16:00:00,1938.697,1939.359,1937.862,1938.392,1693,Buy
2023-09-04 17:00:00,1938.391,1938.751,1938.003,1938.218,242,Buy
2023-09-04 22:00:00,1938.557,1939.073,1937.5,1938.171,973,Buy
2023-09-04 23:00:00,1938.17,1938.612,1936.866,1937.759,1064,Buy
2023-09-05 01:00:00,1937.88,1940.825,1933.052,1935.885,3170,Buy
2023-09-05 05:00:00,1938.652,1940.65,1935.221,1937.124,2582,Buy
2023-09-05 07:00:00,1936.822,1938.068,1932.947,1935.641,3478,Buy
2023-09-05 08:00:00,1935.64,1938.991,1931.252,1933.488,3378,Buy
2023-09-05 09:00:00,1933.493,1936.386,1928.044,1930.779,3209,Buy
2023-09-05 10:00:00,1930.749,1931.215,1929.87,1931.152,2854,Buy
2023-09-05 11:00:00,1931.152,1932.293,1929.115,1930.528,3183,Buy
2023-09-05 13:00:00,1933.883,1940.97,1921.438,1927.865,7842,Buy
2023-09-05 15:00:00,1927.494,1928.818,1923.341,1926.17,4154,Buy
2023-09-05 17:00:00,1927.334,1928.365,1925.627,1926.57,2658,Buy
2023-09-05 18:00:00,1926.569,1927.13,1924.556,1926.046,2140,Buy
2023-09-05 19:00:00,1926.047,1926.582,1924.402,1925.88,2277,Buy
2023-09-06 00:00:00,1926.669,1928.83,1922.758,1924.77,2031,Buy
2023-09-06 06:00:00,1928.264,1930.842,1923.935,1926.166,3121,Buy
2023-09-06 07:00:00,1926.161,1929.416,1919.133,1922.906,4078,Buy
2023-09-06 11:00:00,1926.541,1927.718,1923.916,1925.471,2767,Buy
2023-09-06 12:00:00,1925.463,1927.741,1919.165,1923.254,4261,Buy
2023-09-06 14:00:00,1928.17,1940.997,1908.224,1918.197,9894,Buy
2023-09-06 15:00:00,1918.183,1920.78,1915.353,1916.836,4428,Buy
2023-09-06 17:00:00,1920.047,1922.498,1914.706,1917.714,2784,Buy
2023-09-06 18:00:00,1917.714,1919.369,1917.231,1917.714,2128,Buy
2023-09-06 19:00:00,1917.713,1919.024,1915.709,1916.742,2087,Buy
2023-09-06 20:00:00,1916.772,1917.523,1915.816,1916.451,1296,Buy
2023-09-06 22:00:00,1917.526,1917.685,1917.015,1917.609,1241,Buy
2023-09-06 23:00:00,1917.62,1918.236,1916.449,1917.191,1181,Buy
2023-09-07 04:00:00,1920.2,1922.304,1917.773,1919.041,2031,Buy
2023-09-07 05:00:00,1919.031,1920.573,1915.749,1917.562,2586,Buy
2023-09-07 06:00:00,1917.538,1917.538,1917.071,1918.456,3164,Buy
2023-09-07 19:00:00,1920.385,1922.055,1917.038,1918.816,1847,Buy
2023-09-08 03:00:00,1926.006,1927.583,1923.71,1925.005,2078,Buy
2023-09-08 04:00:00,1925.005,1925.674,1924.024,1924.567,1724,Buy
2023-09-08 06:00:00,1925.748,1926.551,1923.456,1925.396,3205,Buy
2023-09-08 07:00:00,1925.397,1926.884,1922.324,1924.173,3247,Buy
2023-09-08 10:00:00,1925.272,1927.103,1921.505,1923.572,2364,Buy
2023-09-08 11:00:00,1923.602,1924.496,1922.116,1923.053,2739,Buy
2023-09-08 12:00:00,1923.054,1925.663,1914.845,1920.477,4449,Buy
2023-09-08 14:00:00,1928.531,1933.174,1918.15,1923.904,6021,Buy
2023-09-08 15:00:00,1923.935,1928.621,1915.005,1919.646,4249,Buy
2023-09-08 18:00:00,1920.518,1922.575,1916.525,1918.628,1879,Buy
2023-09-08 20:00:00,1919.246,1919.636,1918.698,1919.073,1009,Buy
2023-09-10 22:00:00,1919.721,1921.426,1916.959,1918.356,1773,Buy
2023-09-11 02:00:00,1922.493,1922.587,1921.394,1922.767,3254,Buy
2023-09-11 07:00:00,1927.953,1929.565,1922.359,1926.522,3858,Buy
2023-09-11 09:00:00,1927.775,1930.174,1922.759,1925.418,2910,Buy
2023-09-11 11:00:00,1925.81,1926.897,1923.972,1925.267,2907,Buy
2023-09-11 13:00:00,1927.26,1930.044,1921.742,1925.913,5846,Buy
2023-09-11 14:00:00,1925.88,1930.142,1918.573,1922.647,5712,Buy
2023-09-11 16:00:00,1923.087,1923.334,1921.804,1923.471,2725,Buy
2023-09-11 17:00:00,1923.477,1924.489,1921.053,1922.698,2543,Buy
2023-09-11 18:00:00,1922.701,1923.866,1920.825,1921.897,2148,Buy
2023-09-11 20:00:00,1922.768,1923.263,1921.972,1922.37,917,Buy
2023-09-11 22:00:00,1922.799,1923.039,1921.79,1922.563,921,Buy
2023-09-11 23:00:00,1922.56,1923.815,1920.888,1921.724,1406,Buy
2023-09-12 04:00:00,1923.723,1925.146,1920.085,1922.316,2221,Buy
2023-09-12 05:00:00,1922.314,1924.646,1918.158,1920.278,2777,Buy
2023-09-12 07:00:00,1920.013,1921.163,1917.984,1919.068,2966,Buy
2023-09-12 09:00:00,1919.815,1920.989,1917.933,1919.019,2607,Buy
2023-09-12 10:00:00,1919.03,1923.242,1911.575,1915.622,3666,Buy
2023-09-12 11:00:00,1915.643,1920.305,1910.429,1913.036,3945,Buy
2023-09-12 12:00:00,1913.036,1917.445,1906.58,1909.808,5441,Buy
2023-09-12 14:00:00,1909.277,1910.083,1909.292,1911.97,5577,Buy
2023-09-12 15:00:00,1912.004,1912.264,1911.244,1912.511,3530,Buy
2023-09-12 16:00:00,1912.522,1913.264,1909.757,1912.432,3021,Buy
2023-09-12 17:00:00,1912.4,1912.955,1910.807,1912.078,2698,Buy
2023-09-12 19:00:00,1913.429,1914.173,1912.458,1913.042,1983,Buy
2023-09-12 23:00:00,1913.536,1914.538,1912.038,1912.958,1244,Buy
2023-09-13 00:00:00,1912.957,1913.401,1911.538,1912.627,2139,Buy
2023-09-13 01:00:00,1912.627,1914.471,1908.981,1911.431,3376,Buy
2023-09-13 02:00:00,1911.462,1913.965,1906.434,1909.16,2941,Buy
2023-09-13 05:00:00,1911.673,1914.041,1907.962,1910.331,2828,Buy
2023-09-13 09:00:00,1912.254,1913.668,1910.048,1911.272,2701,Buy
2023-09-13 16:00:00,1910.476,1911.99,1907.119,1909.425,3386,Buy
2023-09-13 18:00:00,1910.117,1911.325,1908.441,1909.416,2252,Buy
2023-09-13 19:00:00,1909.416,1910.336,1908.262,1908.839,2306,Buy
2023-09-13 20:00:00,1908.867,1909.505,1907.647,1908.317,1157,Buy
2023-09-13 22:00:00,1908.986,1909.13,1907.904,1908.89,1255,Buy
2023-09-14 01:00:00,1912.711,1914.734,1909.544,1911.25,3860,Buy
2023-09-14 02:00:00,1911.219,1913.575,1908.64,1910.018,3536,Buy
2023-09-14 04:00:00,1909.741,1910.232,1908.137,1909.441,2035,Buy
2023-09-14 05:00:00,1909.452,1911.069,1905.145,1908.114,3004,Buy
2023-09-14 06:00:00,1908.114,1909.167,1906.091,1907.39,3338,Buy
2023-09-14 07:00:00,1907.421,1909.576,1904.274,1905.918,3298,Buy
2023-09-14 08:00:00,1905.917,1906.236,1907.298,1907.356,3117,Buy
2023-09-14 09:00:00,1907.35,1908.543,1905.227,1906.407,2510,Buy
2023-09-14 11:00:00,1909.142,1911.017,1905.951,1907.558,2867,Buy
2023-09-14 12:00:00,1907.588,1913.916,1898.754,1904.53,9715,Buy
2023-09-14 13:00:00,1904.496,1906.939,1898.779,1903.188,10245,Buy
2023-09-14 16:00:00,1908.02,1908.037,1908.402,1910.266,4211,Buy
2023-09-14 17:00:00,1910.287,1912.13,1906.077,1908.779,3083,Buy
2023-09-14 18:00:00,1908.778,1909.411,1907.035,1908.284,2392,Buy
2023-09-14 22:00:00,1910.979,1911.639,1909.86,1910.436,1158,Buy
2023-09-14 23:00:00,1910.436,1911.037,1908.544,1909.835,1461,Buy
2023-09-15 10:00:00,1918.072,1918.994,1916.07,1917.185,2555,Buy
2023-09-15 12:00:00,1919.253,1922.408,1913.751,1917.15,5110,Buy
2023-09-15 15:00:00,1928.584,1932.334,1923.215,1926.478,4704,Buy
2023-09-15 16:00:00,1926.481,1927.92,1922.904,1925.404,3408,Buy
2023-09-15 18:00:00,1924.788,1925.619,1923.139,1924.086,2316,Buy
2023-09-15 19:00:00,1924.091,1925.729,1920.546,1922.55,2407,Buy
2023-09-17 22:00:00,1924.177,1924.783,1922.83,1923.73,1180,Buy
2023-09-18 06:00:00,1929.932,1931.662,1926.798,1928.597,4354,Buy
2023-09-18 07:00:00,1928.614,1930.717,1923.831,1926.54,3507,Buy
2023-09-18 08:00:00,1926.51,1927.877,1925.674,1926.177,3047,Buy
2023-09-18 12:00:00,1926.855,1930.105,1919.977,1924.033,4208,Buy
2023-09-18 13:00:00,1924.045,1924.555,1919.695,1924.1,5585,Buy
2023-09-18 17:00:00,1931.167,1931.269,1930.909,1932.217,2960,Buy
2023-09-18 18:00:00,1932.221,1933.281,1930.804,1931.563,2180,Buy
2023-09-19 00:00:00,1934.161,1935.583,1930.956,1932.795,2140,Buy
2023-09-19 03:00:00,1932.95,1933.711,1931.557,1932.327,1823,Buy
2023-09-19 04:00:00,1932.326,1933.262,1930.176,1931.39,1689,Buy
2023-09-19 05:00:00,1931.388,1932.435,1930.009,1930.94,2321,Buy
2023-09-19 06:00:00,1930.944,1931.988,1929.702,1930.556,3144,Buy
2023-09-19 08:00:00,1934.512,1935.498,1932.65,1933.817,2713,Buy
2023-09-19 16:00:00,1933.17,1935.455,1928.105,1930.946,2872,Buy
2023-09-19 17:00:00,1930.936,1931.181,1928.713,1930.894,2794,Buy
2023-09-19 20:00:00,1931.961,1932.84,1930.719,1931.34,1103,Buy
2023-09-19 22:00:00,1931.982,1932.172,1931.389,1931.898,1011,Buy
2023-09-19 23:00:00,1931.899,1932.83,1930.939,1931.419,1182,Buy
2023-09-20 00:00:00,1931.417,1932.477,1929.861,1930.726,1831,Buy
2023-09-20 03:00:00,1930.747,1931.04,1929.828,1930.651,1947,Buy
2023-09-20 04:00:00,1930.652,1931.56,1928.795,1929.858,1521,Buy
2023-09-20 06:00:00,1931.236,1932.541,1928.581,1930.481,3537,Buy
2023-09-20 07:00:00,1930.45,1932.898,1926.952,1928.768,3387,Buy
2023-09-20 08:00:00,1928.737,1928.766,1928.014,1929.174,2891,Buy
2023-09-20 15:00:00,1944.028,1946.348,1937.996,1941.935,4311,Buy
2023-09-21 04:00:00,1928.4,1928.911,1927.44,1928.031,1879,Buy
2023-09-21 06:00:00,1928.754,1929.718,1925.889,1928.22,3168,Buy
2023-09-21 07:00:00,1928.25,1930.046,1925.699,1927.22,4092,Buy
2023-09-21 08:00:00,1927.189,1931.426,1918.778,1923.13,3575,Buy
2023-09-21 11:00:00,1925.242,1930.195,1916.249,1920.805,4592,Buy
2023-09-21 12:00:00,1920.812,1927.457,1912.118,1916.465,8106,Buy
2023-09-21 13:00:00,1916.444,1919.032,1914.186,1916.541,8604,Buy
2023-09-21 15:00:00,1920.251,1923.29,1913.657,1917.497,4749,Buy
2023-09-21 18:00:00,1920.514,1921.402,1918.572,1919.945,2653,Buy
2023-09-21 19:00:00,1919.972,1920.582,1918.468,1919.791,2380,Buy
2023-09-22 08:00:00,1928.029,1929.671,1925.506,1926.777,3180,Buy
2023-09-22 09:00:00,1926.76,1928.353,1923.201,1925.439,2860,Buy
2023-09-22 10:00:00,1925.441,1926.521,1922.826,1924.656,2830,Buy
2023-09-22 16:00:00,1927.766,1930.589,1922.114,1925.346,3025,Buy
2023-09-22 18:00:00,1925.563,1926.784,1924.062,1925.014,2212,Buy
2023-09-24 22:00:00,1926.216,1926.694,1925.294,1925.844,1366,Buy
2023-09-25 04:00:00,1923.679,1924.505,1922.693,1923.191,1691,Buy
2023-09-25 05:00:00,1923.191,1924.59,1920.0,1921.792,2370,Buy
2023-09-25 07:00:00,1924.067,1925.541,1919.851,1923.549,3710,Buy
2023-09-25 11:00:00,1924.932,1926.106,1923.187,1924.119,3038,Buy
2023-09-25 16:00:00,1917.51,1919.201,1915.28,1916.8,3296,Buy
2023-09-25 17:00:00,1916.812,1918.042,1914.317,1915.988,2690,Buy
2023-09-25 18:00:00,1915.988,1916.732,1914.088,1915.666,2342,Buy
2023-09-25 19:00:00,1915.659,1915.842,1914.909,1915.554,2236,Buy
2023-09-25 23:00:00,1916.611,1917.018,1915.856,1916.307,968,Buy
2023-09-26 00:00:00,1916.309,1917.947,1913.283,1914.915,2039,Buy
2023-09-26 02:00:00,1914.865,1916.557,1912.185,1913.69,2518,Buy
2023-09-26 05:00:00,1914.696,1915.744,1912.063,1913.648,2251,Buy
2023-09-26 06:00:00,1913.647,1916.761,1907.348,1910.561,2993,Buy
2023-09-26 10:00:00,1913.059,1914.762,1910.131,1911.802,2656,Buy
2023-09-26 11:00:00,1911.805,1912.992,1909.561,1911.634,3107,Buy
2023-09-26 13:00:00,1910.328,1915.895,1903.288,1906.824,6397,Buy
2023-09-26 15:00:00,1906.498,1912.269,1898.353,1902.452,4860,Buy
2023-09-26 16:00:00,1902.466,1904.04,1898.906,1901.302,3571,Buy
2023-09-26 17:00:00,1901.34,1901.985,1899.751,1901.055,3223,Buy
2023-09-26 18:00:00,1901.1,1902.997,1898.345,1899.986,3005,Buy
2023-09-27 02:00:00,1902.658,1905.176,1899.166,1900.912,2750,Buy
2023-09-27 03:00:00,1900.877,1902.287,1898.944,1899.973,2137,Buy
2023-09-27 04:00:00,1899.964,1903.252,1895.606,1897.785,2610,Buy
2023-09-27 05:00:00,1897.755,1899.848,1894.402,1896.415,2962,Buy
2023-09-27 07:00:00,1898.163,1899.841,1894.307,1896.719,3513,Buy
2023-09-27 09:00:00,1896.711,1898.794,1894.518,1895.622,2988,Buy
2023-09-27 10:00:00,1895.605,1897.669,1891.432,1893.919,3073,Buy
2023-09-27 11:00:00,1893.877,1895.185,1891.646,1892.951,3391,Buy
2023-09-27 13:00:00,1891.861,1899.173,1883.399,1887.828,6146,Buy
2023-09-27 14:00:00,1887.846,1892.128,1878.158,1883.565,6110,Buy
2023-09-27 15:00:00,1883.597,1887.372,1878.081,1881.59,5291,Buy
2023-09-27 16:00:00,1881.625,1887.692,1870.223,1875.957,4242,Buy
2023-09-28 01:00:00,1877.179,1880.692,1870.85,1874.197,3475,Buy
2023-09-28 06:00:00,1877.098,1880.202,1872.389,1875.035,4218,Buy
2023-09-28 07:00:00,1875.071,1875.409,1873.29,1875.78,4063,Buy
2023-09-28 08:00:00,1875.814,1877.877,1872.154,1874.224,3657,Buy
2023-09-28 10:00:00,1875.92,1877.319,1873.533,1874.959,2904,Buy
2023-09-28 11:00:00,1874.923,1875.206,1875.306,1876.072,3068,Buy
2023-09-28 12:00:00,1876.084,1880.451,1865.322,1872.456,7276,Buy
2023-09-28 13:00:00,1872.421,1873.469,1869.075,1873.1,8581,Buy
2023-09-28 14:00:00,1873.066,1880.873,1854.034,1865.262,7651,Buy
2023-09-28 16:00:00,1864.858,1867.317,1861.25,1863.576,4657,Buy
2023-09-28 17:00:00,1863.592,1866.137,1859.638,1861.972,4124,Buy
2023-09-28 20:00:00,1867.171,1869.81,1862.195,1864.76,1676,Buy
2023-09-28 22:00:00,1865.376,1866.769,1862.473,1864.422,1657,Buy
2023-09-29 00:00:00,1866.795,1868.712,1863.506,1865.405,2073,Buy
2023-09-29 02:00:00,1865.862,1866.945,1862.784,1864.927,2621,Buy
2023-09-29 03:00:00,1864.957,1866.924,1861.825,1863.402,2201,Buy
2023-09-29 10:00:00,1873.634,1874.916,1871.17,1872.402,2876,Buy
2023-09-29 11:00:00,1872.369,1877.108,1866.681,1869.525,4177,Buy
2023-09-29 13:00:00,1873.941,1877.617,1861.542,1870.679,9527,Buy
2023-09-29 14:00:00,1870.61,1882.244,1850.101,1860.937,10946,Buy
2023-09-29 15:00:00,1860.97,1869.646,1848.566,1854.841,7128,Buy
2023-09-29 16:00:00,1854.873,1856.729,1850.959,1853.738,4285,Buy
2023-09-29 17:00:00,1853.735,1857.742,1846.324,1850.031,4153,Buy
2023-09-29 19:00:00,1848.942,1849.816,1846.328,1848.33,3399,Buy
2023-10-01 22:00:00,1847.384,1848.981,1844.356,1846.567,2189,Buy
2023-10-02 00:00:00,1848.414,1851.611,1842.139,1845.562,2512,Buy
2023-10-02 01:00:00,1845.529,1847.028,1840.588,1844.032,2547,Buy
2023-10-02 03:00:00,1844.093,1844.769,1842.164,1843.536,1627,Buy
2023-10-02 04:00:00,1843.532,1844.647,1840.88,1842.636,2197,Buy
2023-10-02 05:00:00,1842.634,1845.911,1836.281,1839.721,2613,Buy
2023-10-02 07:00:00,1844.573,1849.654,1833.69,1839.876,4544,Buy
2023-10-02 08:00:00,1839.844,1840.097,1835.982,1839.625,3686,Buy
2023-10-02 09:00:00,1839.593,1848.041,1828.855,1834.294,5040,Buy
2023-10-02 10:00:00,1834.303,1835.71,1830.705,1833.532,3912,Buy
2023-10-02 12:00:00,1837.363,1840.641,1832.041,1836.35,6221,Buy
2023-10-02 13:00:00,1836.368,1840.363,1829.403,1833.945,7784,Buy
2023-10-02 14:00:00,1833.915,1840.617,1820.994,1828.939,10416,Buy
2023-10-02 16:00:00,1832.676,1834.802,1830.073,1831.686,4669,Buy
2023-10-02 17:00:00,1831.717,1832.377,1830.186,1831.926,4035,Buy
2023-10-02 18:00:00,1831.927,1833.564,1827.759,1830.59,3089,Buy
2023-10-02 19:00:00,1830.618,1831.972,1828.164,1829.406,2946,Buy
2023-10-02 20:00:00,1829.376,1831.164,1826.069,1827.878,1672,Buy
2023-10-02 22:00:00,1829.046,1830.635,1826.837,1828.22,1975,Buy
2023-10-03 01:00:00,1824.789,1826.873,1820.819,1823.01,3360,Buy
2023-10-03 02:00:00,1823.009,1830.7,1811.669,1817.489,3798,Buy
2023-10-03 05:00:00,1820.717,1823.176,1818.035,1819.489,3080,Buy
2023-10-03 10:00:00,1826.505,1827.951,1824.25,1825.832,3399,Buy
2023-10-03 12:00:00,1826.008,1827.609,1819.88,1824.86,6841,Buy
2023-10-03 16:00:00,1824.919,1826.877,1819.767,1823.956,5593,Buy
2023-10-03 17:00:00,1823.96,1824.922,1821.222,1823.635,4190,Buy
2023-10-03 20:00:00,1823.986,1825.144,1820.667,1822.861,1609,Buy
2023-10-03 22:00:00,1823.537,1824.845,1821.052,1822.694,1546,Buy
2023-10-04 02:00:00,1822.764,1825.459,1818.755,1820.898,2956,Buy
2023-10-04 05:00:00,1823.64,1826.27,1818.84,1821.297,2826,Buy
2023-10-04 06:00:00,1821.325,1825.881,1816.829,1819.152,4031,Buy
2023-10-04 09:00:00,1823.091,1824.709,1819.773,1822.176,3902,Buy
2023-10-04 11:00:00,1823.171,1823.4,1822.87,1825.049,4915,Buy
2023-10-04 12:00:00,1825.045,1826.301,1824.017,1827.362,8999,Buy
2023-10-04 13:00:00,1827.393,1836.975,1813.364,1820.446,8304,Buy
2023-10-04 14:00:00,1820.442,1823.714,1815.062,1818.493,12106,Buy
2023-10-04 16:00:00,1823.917,1826.84,1818.051,1821.067,5115,Buy
2023-10-04 17:00:00,1821.036,1823.724,1815.45,1818.414,3972,Buy
2023-10-04 19:00:00,1817.648,1817.818,1823.037,1823.386,3355,Buy
2023-10-04 20:00:00,1823.421,1826.292,1819.202,1821.313,1782,Buy
2023-10-04 23:00:00,1822.408,1822.419,1821.163,1822.624,1624,Buy
2023-10-05 02:00:00,1828.154,1830.193,1824.012,1826.241,2381,Buy
2023-10-05 04:00:00,1828.428,1829.415,1826.127,1827.7,2335,Buy
2023-10-05 05:00:00,1827.658,1828.962,1824.504,1826.363,2671,Buy
2023-10-05 06:00:00,1826.37,1830.565,1818.002,1822.323,3511,Buy
2023-10-05 07:00:00,1822.314,1824.687,1818.691,1820.79,4194,Buy
2023-10-05 08:00:00,1820.819,1821.844,1817.381,1819.937,3640,Buy
2023-10-05 23:00:00,1821.253,1821.28,1819.542,1821.372,1447,Buy
2023-10-06 00:00:00,1821.372,1822.454,1819.264,1820.747,2270,Buy
2023-10-06 04:00:00,1824.005,1825.365,1821.052,1822.831,2021,Buy
2023-10-06 05:00:00,1822.85,1824.898,1819.891,1821.419,2281,Buy
2023-10-06 06:00:00,1821.42,1824.164,1817.172,1819.442,3022,Buy
2023-10-06 09:00:00,1821.979,1823.839,1818.755,1820.557,3066,Buy
2023-10-06 10:00:00,1820.554,1820.554,1820.134,1822.642,3534,Buy
2023-10-06 11:00:00,1822.696,1824.659,1819.797,1821.309,3382,Buy
2023-10-06 12:00:00,1821.306,1832.11,1808.533,1815.147,11739,Buy
2023-10-06 14:00:00,1821.346,1821.709,1815.662,1823.616,10350,Buy
2023-10-06 18:00:00,1831.888,1832.224,1829.824,1831.927,3071,Buy
2023-10-08 22:00:00,1853.49,1861.355,1845.055,1849.899,7008,Buy
2023-10-08 23:00:00,1849.9,1853.203,1846.171,1848.065,3965,Buy
2023-10-09 01:00:00,1852.437,1857.468,1845.236,1849.031,5481,Buy
2023-10-09 02:00:00,1849.031,1849.086,1848.227,1850.522,3300,Buy
2023-10-09 04:00:00,1851.174,1852.164,1847.808,1850.565,2600,Buy
2023-10-09 06:00:00,1851.88,1853.756,1845.701,1850.081,4392,Buy
2023-10-09 10:00:00,1851.247,1852.611,1848.291,1850.168,2891,Buy
2023-10-09 13:00:00,1848.02,1851.779,1841.273,1845.394,8053,Buy
2023-10-09 14:00:00,1845.426,1845.736,1851.815,1852.164,5727,Buy
2023-10-09 15:00:00,1852.133,1853.651,1850.051,1851.64,4387,Buy
2023-10-09 16:00:00,1851.639,1854.545,1848.337,1850.092,3277,Buy
2023-10-09 17:00:00,1850.105,1850.196,1853.579,1854.535,3584,Buy
2023-10-09 20:00:00,1863.291,1865.563,1859.515,1861.403,1730,Buy
2023-10-10 01:00:00,1864.127,1865.115,1862.29,1863.794,4286,Buy
2023-10-10 02:00:00,1863.802,1865.227,1861.39,1863.035,3102,Buy
2023-10-10 03:00:00,1863.006,1863.583,1861.263,1862.52,2792,Buy
2023-10-10 04:00:00,1862.52,1864.162,1859.292,1860.926,2304,Buy
2023-10-10 06:00:00,1860.842,1866.449,1851.154,1856.612,5077,Buy
2023-10-10 09:00:00,1858.56,1859.478,1857.066,1858.363,3565,Buy
2023-10-10 10:00:00,1858.338,1860.244,1855.05,1856.749,3271,Buy
2023-10-10 12:00:00,1857.257,1861.444,1851.402,1854.568,6004,Buy
2023-10-10 17:00:00,1862.017,1865.717,1854.283,1858.552,4334,Buy
2023-10-10 22:00:00,1860.216,1861.003,1859.265,1859.895,990,Buy
2023-10-10 23:00:00,1859.883,1860.062,1858.706,1859.747,1206,Buy
2023-10-11 03:00:00,1861.526,1863.227,1858.758,1860.157,2416,Buy
2023-10-11 04:00:00,1860.157,1860.8,1858.892,1859.81,1747,Buy
2023-10-11 11:00:00,1873.991,1877.009,1867.501,1871.071,3658,Buy
2023-10-11 16:00:00,1873.127,1873.319,1871.532,1874.392,4276,Buy
2023-10-11 17:00:00,1874.382,1877.881,1869.316,1872.047,4237,Buy
2023-10-11 23:00:00,1874.695,1874.705,1874.937,1875.35,1041,Buy
2023-10-12 07:00:00,1882.219,1885.614,1875.218,1878.955,4049,Buy
2023-10-12 08:00:00,1878.924,1879.144,1879.253,1880.398,3490,Buy
2023-10-12 10:00:00,1881.024,1881.396,1880.121,1881.432,2929,Buy
2023-10-12 12:00:00,1883.597,1891.88,1873.199,1879.141,9449,Buy
2023-10-12 13:00:00,1879.11,1885.317,1867.824,1873.951,8503,Buy
2023-10-12 14:00:00,1873.919,1876.609,1867.773,1872.22,7336,Buy
2023-10-12 16:00:00,1872.413,1873.785,1869.265,1871.477,3995,Buy
2023-10-12 17:00:00,1871.501,1874.933,1866.001,1869.035,5388,Buy
2023-10-12 18:00:00,1869.004,1870.025,1866.151,1868.442,3809,Buy
2023-10-12 22:00:00,1869.245,1869.248,1868.338,1869.785,1438,Buy
2023-10-13 01:00:00,1872.604,1873.785,1871.06,1872.061,3040,Buy
2023-10-13 05:00:00,1876.361,1876.659,1876.173,1877.143,2632,Buy
2023-10-13 17:00:00,1927.227,1927.55,1926.786,1928.371,4927,Buy
2023-10-16 00:00:00,1925.942,1930.372,1917.463,1921.745,3424,Buy
2023-10-16 01:00:00,1921.757,1923.07,1917.546,1920.548,3670,Buy
2023-10-16 06:00:00,1915.09,1920.876,1904.067,1909.975,5561,Buy
2023-10-16 11:00:00,1918.013,1921.193,1913.055,1915.666,4257,Buy
2023-10-16 12:00:00,1915.698,1916.718,1912.922,1918.774,8675,Buy
2023-10-16 17:00:00,1921.962,1925.316,1915.595,1919.208,3553,Buy
2023-10-16 22:00:00,1920.056,1921.244,1916.823,1918.931,1755,Buy
2023-10-16 23:00:00,1918.93,1918.97,1917.136,1919.486,1732,Buy
2023-10-17 00:00:00,1919.482,1924.495,1913.269,1916.668,3032,Buy
2023-10-17 01:00:00,1916.656,1919.926,1912.648,1915.154,3289,Buy
2023-10-17 04:00:00,1916.91,1919.237,1912.464,1914.738,2102,Buy
2023-10-17 08:00:00,1920.072,1921.45,1917.869,1919.234,3878,Buy
2023-10-17 10:00:00,1923.077,1923.512,1920.432,1923.518,4857,Buy
2023-10-17 14:00:00,1927.926,1933.072,1917.222,1924.101,8765,Buy
2023-10-17 16:00:00,1926.885,1930.655,1921.437,1924.161,4420,Buy
2023-10-17 17:00:00,1924.159,1928.579,1914.527,1919.845,3955,Buy
2023-10-17 19:00:00,1922.082,1922.248,1920.195,1922.685,3232,Buy
2023-10-18 05:00:00,1938.144,1939.77,1934.566,1937.159,3206,Buy
2023-10-18 06:00:00,1937.13,1939.085,1933.482,1936.119,4245,Buy
2023-10-18 08:00:00,1939.622,1941.89,1937.034,1938.426,4029,Buy
2023-10-18 14:00:00,1957.116,1970.63,1935.274,1947.029,11149,Buy
2023-10-18 18:00:00,1954.042,1959.235,1947.046,1950.633,3966,Buy
2023-10-18 20:00:00,1950.431,1953.686,1944.543,1947.614,2317,Buy
2023-10-19 00:00:00,1950.918,1953.083,1947.115,1950.234,3265,Buy
2023-10-19 03:00:00,1949.626,1953.98,1941.969,1946.353,3025,Buy
2023-10-19 05:00:00,1948.245,1950.535,1944.529,1946.933,3272,Buy
2023-10-19 07:00:00,1948.023,1948.361,1946.253,1949.555,5293,Buy
2023-10-19 19:00:00,1973.118,1973.118,1970.975,1974.363,5223,Buy
2023-10-19 22:00:00,1973.519,1974.499,1968.449,1972.539,2692,Buy
2023-10-19 23:00:00,1972.494,1972.494,1971.892,1977.219,4775,Buy
2023-10-20 00:00:00,1977.283,1980.448,1972.438,1975.059,4760,Buy
2023-10-20 03:00:00,1979.466,1981.742,1975.223,1977.866,3086,Buy
2023-10-20 04:00:00,1977.864,1979.065,1976.339,1977.314,2517,Buy
2023-10-20 10:00:00,1982.628,1982.913,1982.345,1983.369,3429,Buy
2023-10-20 11:00:00,1983.371,1990.271,1968.782,1977.364,4841,Buy
2023-10-20 16:00:00,1991.682,2002.154,1972.836,1982.662,6565,Buy
2023-10-22 23:00:00,1976.387,1982.637,1965.064,1971.654,2963,Buy
2023-10-23 00:00:00,1971.616,1978.859,1959.377,1966.357,4577,Buy
2023-10-23 13:00:00,1977.613,1985.015,1969.717,1974.893,9019,Buy
2023-10-23 15:00:00,1976.261,1978.891,1971.859,1975.393,5921,Buy
2023-10-23 16:00:00,1975.374,1977.003,1969.727,1974.583,4877,Buy
2023-10-23 19:00:00,1977.603,1984.0,1968.647,1973.235,3780,Buy
2023-10-23 22:00:00,1973.76,1974.479,1972.404,1973.138,1142,Buy
2023-10-24 02:00:00,1976.665,1977.525,1974.579,1977.752,4288,Buy
2023-10-24 04:00:00,1976.908,1978.423,1975.061,1976.247,2510,Buy
2023-10-24 07:00:00,1977.705,1980.461,1971.657,1975.435,4945,Buy
2023-10-24 08:00:00,1975.429,1980.853,1968.671,1972.349,4762,Buy
2023-10-24 09:00:00,1972.31,1979.654,1960.672,1966.631,5272,Buy
2023-10-24 10:00:00,1966.659,1972.32,1956.386,1961.935,4599,Buy
2023-10-24 18:00:00,1975.981,1980.046,1971.238,1973.77,3268,Buy
2023-10-24 20:00:00,1972.73,1974.484,1968.998,1971.122,1781,Buy
2023-10-25 02:00:00,1976.035,1980.643,1968.59,1972.761,3668,Buy
2023-10-25 04:00:00,1973.304,1974.643,1970.404,1972.502,2719,Buy
2023-10-25 06:00:00,1972.951,1974.55,1966.866,1971.459,4047,Buy
2023-10-25 08:00:00,1971.219,1971.759,1967.987,1971.493,4275,Buy
2023-10-25 09:00:00,1971.522,1973.528,1967.153,1969.611,3816,Buy
2023-10-25 14:00:00,1985.161,1995.457,1968.398,1977.183,8884,Buy
2023-10-25 16:00:00,1981.291,1984.98,1972.71,1978.221,5218,Buy
2023-10-25 18:00:00,1983.208,1985.58,1978.757,1981.602,3657,Buy
2023-10-25 19:00:00,1981.621,1982.812,1978.98,1980.847,3109,Buy
2023-10-25 22:00:00,1980.283,1980.363,1980.131,1982.158,3150,Buy
2023-10-26 02:00:00,1985.103,1985.613,1982.838,1984.91,2814,Buy
2023-10-26 05:00:00,1988.52,1992.159,1982.116,1985.902,3690,Buy
2023-10-26 06:00:00,1985.895,1987.754,1981.852,1985.076,4819,Buy
2023-10-26 10:00:00,1990.713,1995.357,1982.095,1986.675,3527,Buy
2023-10-26 11:00:00,1986.666,1990.815,1981.74,1984.706,4088,Buy
2023-10-26 12:00:00,1984.725,1994.615,1972.318,1979.536,9854,Buy
2023-10-26 18:00:00,1986.973,1989.084,1984.87,1986.028,3445,Buy
2023-10-26 19:00:00,1986.009,1989.618,1981.946,1984.428,3388,Buy
2023-10-26 23:00:00,1985.345,1987.231,1982.055,1984.445,2715,Buy
2023-10-27 00:00:00,1984.443,1985.943,1982.227,1983.589,2844,Buy
2023-10-27 02:00:00,1985.601,1985.601,1984.655,1986.789,3487,Buy
2023-10-27 09:00:00,1986.987,1988.645,1983.959,1985.976,3125,Buy
2023-10-27 10:00:00,1985.975,1991.267,1975.082,1980.683,3399,Buy
2023-10-27 14:00:00,1983.152,1985.338,1978.627,1982.185,7664,Buy
2023-10-27 15:00:00,1982.214,1985.785,1976.46,1979.997,5276,Buy
2023-10-27 19:00:00,2005.476,2006.079,2004.632,2007.044,5493,Buy
2023-10-30 02:00:00,2004.671,2007.348,2001.16,2002.975,3258,Buy
2023-10-30 03:00:00,2002.973,2004.366,2000.802,2002.192,2812,Buy
2023-10-30 04:00:00,2002.21,2004.173,2000.425,2001.587,2361,Buy
2023-10-30 05:00:00,2001.577,2003.522,1996.867,1999.766,2796,Buy
2023-10-30 06:00:00,1999.75,2004.373,1990.486,1995.671,3874,Buy
2023-10-30 07:00:00,1995.64,1997.787,1989.687,1993.743,4857,Buy
2023-10-30 10:00:00,1996.623,1999.076,1991.627,1994.519,4015,Buy
2023-10-30 19:00:00,1997.936,2001.107,1993.242,1996.002,3189,Buy
2023-10-30 22:00:00,1995.948,1996.94,1993.935,1995.179,1161,Buy
2023-10-31 02:00:00,1996.391,1998.326,1992.08,1994.612,2573,Buy
2023-10-31 03:00:00,1994.608,1997.421,1989.4,1992.26,4686,Buy
2023-10-31 05:00:00,1992.844,1992.988,1991.107,1993.149,3211,Buy
2023-10-31 12:00:00,1999.911,2004.921,1989.882,1995.735,6834,Buy
2023-10-31 14:00:00,2002.561,2006.206,1990.495,1999.222,9221,Buy
2023-10-31 15:00:00,1999.221,2005.912,1989.331,1994.377,8107,Buy
2023-10-31 16:00:00,1994.304,2001.94,1986.904,1990.865,6863,Buy
2023-10-31 17:00:00,1990.861,1998.396,1977.172,1984.251,6238,Buy
2023-10-31 19:00:00,1984.58,1984.921,1983.024,1984.926,4005,Buy
2023-10-31 20:00:00,1984.889,1986.414,1982.884,1984.073,1977,Buy
2023-10-31 22:00:00,1983.74,1983.782,1983.338,1984.778,2206,Buy
2023-10-31 23:00:00,1984.818,1986.44,1982.193,1983.767,2170,Buy
2023-11-01 00:00:00,1983.77,1988.702,1975.995,1980.021,3464,Buy
2023-11-01 02:00:00,1979.587,1980.878,1975.905,1978.424,3209,Buy
2023-11-01 03:00:00,1978.41,1979.884,1975.274,1977.18,2714,Buy
2023-11-01 06:00:00,1979.139,1979.139,1979.579,1980.323,3173,Buy
2023-11-01 07:00:00,1980.28,1983.98,1973.768,1977.203,3699,Buy
2023-11-01 14:00:00,1985.813,1985.813,1980.373,1986.588,9923,Buy
2023-11-01 15:00:00,1986.624,1994.807,1971.445,1979.338,5977,Buy
2023-11-01 16:00:00,1979.306,1983.944,1975.18,1977.85,4812,Buy
2023-11-01 17:00:00,1977.856,1978.296,1976.165,1978.06,3828,Buy
2023-11-01 18:00:00,1978.038,1986.153,1967.801,1975.003,12828,Buy
2023-11-01 19:00:00,1974.965,1975.057,1975.034,1978.696,7513,Buy
2023-11-02 00:00:00,1985.089,1986.202,1983.227,1984.7,3250,Buy
2023-11-02 01:00:00,1984.715,1985.103,1984.508,1986.365,3872,Buy
2023-11-02 02:00:00,1986.356,1989.232,1981.167,1983.883,3092,Buy
2023-11-02 05:00:00,1986.097,1987.885,1984.082,1985.401,3045,Buy
2023-11-02 09:00:00,1986.914,1987.087,1986.909,1988.29,3376,Buy
2023-11-02 13:00:00,1990.355,1998.69,1977.722,1984.374,7907,Buy
2023-11-02 15:00:00,1984.372,1989.846,1977.434,1981.24,5842,Buy
2023-11-02 22:00:00,1986.243,1987.852,1983.503,1985.034,1258,Buy
2023-11-03 00:00:00,1985.056,1985.105,1984.913,1985.606,2045,Buy
2023-11-03 01:00:00,1985.642,1987.966,1982.155,1983.978,3163,Buy
2023-11-03 03:00:00,1987.409,1989.292,1984.288,1985.902,1883,Buy
2023-11-03 04:00:00,1985.903,1986.219,1984.746,1985.818,2183,Buy
2023-11-03 09:00:00,1988.613,1988.873,1988.081,1989.183,3333,Buy
2023-11-03 10:00:00,1989.176,1991.238,1986.81,1988.333,2933,Buy
2023-11-03 11:00:00,1988.327,1989.633,1986.554,1987.636,2970,Buy
2023-11-03 15:00:00,1994.527,1998.107,1987.781,1991.807,6279,Buy
2023-11-03 16:00:00,1991.837,1994.258,1987.622,1990.443,5746,Buy
2023-11-03 19:00:00,1995.09,1998.51,1990.483,1992.82,2750,Buy
2023-11-05 23:00:00,1991.519,1995.789,1985.461,1988.57,2472,Buy
2023-11-06 04:00:00,1985.254,1987.26,1982.374,1983.814,2360,Buy
2023-11-06 06:00:00,1983.985,1984.268,1983.236,1984.304,2875,Buy
2023-11-06 12:00:00,1987.733,1991.94,1980.717,1984.477,3948,Buy
2023-11-06 14:00:00,1986.424,1988.7,1981.56,1984.882,6274,Buy
2023-11-06 15:00:00,1984.877,1988.576,1976.48,1981.178,5519,Buy
2023-11-06 18:00:00,1983.755,1986.917,1978.92,1981.356,2929,Buy
2023-11-06 19:00:00,1981.351,1983.427,1979.279,1980.401,2891,Buy
2023-11-06 20:00:00,1980.381,1983.323,1974.751,1977.566,3032,Buy
2023-11-06 21:00:00,1977.601,1977.751,1977.126,1977.964,1999,Buy
2023-11-06 23:00:00,1978.246,1980.655,1975.177,1976.777,2655,Buy
2023-11-07 00:00:00,1976.753,1977.976,1974.991,1976.046,2931,Buy
2023-11-07 02:00:00,1975.873,1978.774,1969.834,1973.003,2742,Buy
2023-11-07 03:00:00,1973.013,1973.698,1971.644,1972.662,2924,Buy
2023-11-07 04:00:00,1972.663,1974.266,1969.565,1971.456,2357,Buy
2023-11-07 06:00:00,1973.709,1976.281,1968.315,1971.162,2881,Buy
2023-11-07 07:00:00,1971.169,1975.048,1967.507,1969.383,3688,Buy
2023-11-07 08:00:00,1969.376,1972.652,1963.271,1966.785,4271,Buy
2023-11-07 11:00:00,1966.203,1969.669,1961.59,1963.945,3757,Buy
2023-11-07 12:00:00,1963.94,1970.616,1953.223,1958.818,5505,Buy
2023-11-07 14:00:00,1966.593,1972.947,1953.628,1960.461,7662,Buy
2023-11-07 15:00:00,1960.431,1960.483,1961.108,1963.397,6444,Buy
2023-11-07 16:00:00,1963.399,1963.51,1962.869,1964.768,4990,Buy
2023-11-07 19:00:00,1969.424,1971.573,1965.109,1967.524,3005,Buy
2023-11-08 00:00:00,1969.008,1970.046,1966.277,1968.192,2703,Buy
2023-11-08 03:00:00,1968.716,1969.849,1966.759,1967.85,2858,Buy
2023-11-08 04:00:00,1967.846,1968.145,1967.444,1967.707,2201,Buy
2023-11-08 05:00:00,1967.706,1970.362,1963.339,1965.674,2692,Buy
2023-11-08 09:00:00,1968.263,1971.004,1962.768,1965.544,3765,Buy
2023-11-08 10:00:00,1965.55,1971.579,1958.606,1962.078,4491,Buy
2023-11-08 12:00:00,1964.496,1966.997,1961.075,1962.833,3433,Buy
2023-11-08 13:00:00,1962.863,1962.863,1962.972,1964.859,5701,Buy
2023-11-08 14:00:00,1964.863,1969.798,1954.183,1960.312,6501,Buy
2023-11-08 15:00:00,1960.281,1969.544,1950.226,1955.455,7752,Buy
2023-11-08 17:00:00,1954.976,1957.938,1950.843,1953.789,4343,Buy
2023-11-08 18:00:00,1953.817,1956.639,1949.308,1952.046,4587,Buy
2023-11-08 19:00:00,1952.064,1956.559,1944.385,1948.23,3286,Buy
2023-11-09 06:00:00,1950.236,1951.369,1948.352,1949.389,3388,Buy
2023-11-09 09:00:00,1948.455,1950.467,1944.171,1946.972,3612,Buy
2023-11-09 12:00:00,1948.901,1952.656,1942.744,1945.876,4475,Buy
2023-11-09 14:00:00,1950.651,1952.676,1957.371,1958.152,7793,Buy
2023-11-09 16:00:00,1962.962,1966.028,1957.55,1960.659,4922,Buy
2023-11-09 17:00:00,1960.69,1961.208,1959.602,1961.921,4510,Buy
2023-11-09 20:00:00,1958.486,1959.871,1954.728,1957.413,3525,Buy
2023-11-10 01:00:00,1960.566,1962.231,1957.515,1959.165,3614,Buy
2023-11-10 04:00:00,1959.483,1961.324,1956.217,1957.892,2557,Buy
2023-11-10 07:00:00,1957.047,1960.279,1953.686,1955.45,3758,Buy
2023-11-10 08:00:00,1955.433,1956.144,1952.729,1954.994,3891,Buy
2023-11-10 09:00:00,1955.007,1956.419,1952.606,1953.997,3257,Buy
2023-11-10 11:00:00,1954.138,1961.117,1942.416,1948.277,3888,Buy
2023-11-10 14:00:00,1946.259,1951.276,1937.481,1942.605,6305,Buy
2023-11-10 16:00:00,1942.109,1946.949,1935.724,1939.614,5327,Buy
2023-11-10 17:00:00,1939.586,1942.561,1933.526,1936.849,3982,Buy
2023-11-10 19:00:00,1936.042,1937.035,1933.682,1935.54,3223,Buy
2023-11-13 00:00:00,1940.474,1941.505,1936.873,1939.443,3303,Buy
2023-11-13 02:00:00,1940.344,1943.183,1933.821,1937.566,3395,Buy
2023-11-13 03:00:00,1937.603,1941.054,1932.842,1935.412,3617,Buy
2023-11-13 06:00:00,1939.128,1939.727,1937.292,1938.708,3123,Buy
2023-11-13 08:00:00,1938.895,1941.708,1933.957,1936.692,3895,Buy
2023-11-13 09:00:00,1936.714,1937.286,1936.06,1938.292,3657,Buy
2023-11-13 11:00:00,1939.563,1941.855,1936.386,1938.065,2937,Buy
2023-11-13 12:00:00,1938.055,1940.634,1934.193,1936.323,3109,Buy
2023-11-13 14:00:00,1936.056,1939.525,1929.393,1932.797,5376,Buy
2023-11-13 15:00:00,1932.78,1933.856,1938.033,1938.522,6000,Buy
2023-11-13 21:00:00,1946.675,1947.342,1945.56,1946.122,1187,Buy
2023-11-13 23:00:00,1946.392,1947.111,1946.427,1946.499,1598,Buy
2023-11-14 01:00:00,1946.868,1948.248,1943.094,1945.757,2949,Buy
2023-11-14 03:00:00,1945.86,1946.963,1943.699,1944.863,2484,Buy
2023-11-14 06:00:00,1944.496,1944.729,1943.327,1944.693,2602,Buy
2023-11-14 11:00:00,1946.908,1948.527,1944.663,1945.937,3094,Buy
2023-11-14 12:00:00,1945.971,1947.116,1943.7,1945.193,3122,Buy
2023-11-14 15:00:00,1967.768,1973.206,1959.583,1964.415,7229,Buy
2023-11-14 17:00:00,1964.205,1966.487,1959.459,1962.287,4553,Buy
2023-11-14 21:00:00,1963.881,1965.096,1962.487,1963.257,1499,Buy
2023-11-14 23:00:00,1963.036,1963.794,1961.916,1962.593,1835,Buy
2023-11-15 12:00:00,1973.001,1975.623,1969.839,1971.62,3897,Buy
2023-11-15 13:00:00,1971.588,1979.676,1955.892,1965.636,8486,Buy
2023-11-15 14:00:00,1965.678,1975.843,1948.335,1957.542,8318,Buy
2023-11-15 17:00:00,1962.35,1964.182,1959.673,1961.465,4066,Buy
2023-11-15 18:00:00,1961.434,1963.623,1958.839,1960.482,3559,Buy
2023-11-15 20:00:00,1961.813,1964.606,1956.765,1959.521,2967,Buy
2023-11-16 09:00:00,1967.535,1969.047,1964.026,1966.331,3394,Buy
2023-11-16 10:00:00,1966.332,1967.956,1963.624,1965.207,3123,Buy
2023-11-16 16:00:00,1984.958,1989.688,1976.065,1982.054,6158,Buy
2023-11-16 18:00:00,1983.409,1983.6,1983.191,1984.226,3565,Buy
2023-11-16 19:00:00,1984.226,1985.46,1982.503,1983.453,3075,Buy
2023-11-16 20:00:00,1983.399,1985.985,1977.673,1980.907,3139,Buy
2023-11-17 01:00:00,1985.019,1987.271,1979.926,1983.485,4073,Buy
2023-11-17 04:00:00,1986.763,1988.173,1985.142,1986.133,2548,Buy
2023-11-17 05:00:00,1986.123,1987.88,1982.875,1984.499,2750,Buy
2023-11-17 06:00:00,1984.494,1986.212,1982.506,1983.667,2863,Buy
2023-11-17 10:00:00,1991.377,1992.153,1990.181,1991.845,3751,Buy
2023-11-17 11:00:00,1991.845,1996.233,1985.778,1988.834,4122,Buy
